run_id,scenario,seed,time_s,reference_m,position_measured_m,velocity_measured_m_s,force_command_n,position_true_m,velocity_true_m_s,force_applied_n
nominal_00,nominal,2609,0.00000000,0.00000000,-0.00024450,-0.01459191,0.07736056,0.00000000,0.00000000,0.07736056
nominal_00,nominal,2609,0.02000000,0.00000000,0.00058803,-0.00278826,0.00335682,0.00002503,0.00125133,0.00335682
nominal_00,nominal,2609,0.04000000,0.00000000,-0.00272792,-0.01250940,0.11164948,0.00005037,0.00126729,0.11164948
nominal_00,nominal,2609,0.06000000,0.00000000,-0.00359269,0.00467554,0.04129068,0.00011106,0.00303443,0.04129068
nominal_00,nominal,2609,0.08000000,0.00000000,0.00176531,0.00081933,-0.03587220,0.00018325,0.00360935,-0.03587220
nominal_00,nominal,2609,0.10000000,0.00000000,0.00432725,0.00137757,-0.08477840,0.00024162,0.00291853,-0.08477840
nominal_00,nominal,2609,0.12000000,0.00000000,0.00092830,0.00488173,-0.04111800,0.00027077,0.00145779,-0.04111800
nominal_00,nominal,2609,0.14000000,0.00000000,0.00252307,0.00988444,-0.09483744,0.00028574,0.00074803,-0.09483744
nominal_00,nominal,2609,0.16000000,0.00000000,-0.00498238,-0.00403772,0.10987146,0.00026956,-0.00080891,0.10987146
nominal_00,nominal,2609,0.18000000,0.00000000,-0.00049170,-0.00417644,0.02973276,0.00028942,0.00099308,0.02973276
nominal_00,nominal,2609,0.20000000,0.00000000,0.00271334,0.00018618,-0.04977093,0.00031829,0.00144359,-0.04977093
nominal_00,nominal,2609,0.22000000,0.00000000,0.00122534,0.00296316,-0.03687187,0.00033018,0.00059430,-0.03687187
nominal_00,nominal,2609,0.24000000,0.00000000,0.00254783,0.00333895,-0.06255570,0.00032977,-0.00002032,-0.06255570
nominal_00,nominal,2609,0.26000000,0.00000000,-0.00191846,-0.00329843,0.05102439,0.00030914,-0.00103156,0.05102439
nominal_00,nominal,2609,0.28000000,0.00000000,0.00043439,0.00670778,-0.04135797,0.00030565,-0.00017462,-0.04135797
nominal_00,nominal,2609,0.30000000,0.00000000,-0.00150846,-0.00578503,0.05607741,0.00028888,-0.00083824,0.05607741
nominal_00,nominal,2609,0.32000000,0.00000000,0.00458015,-0.00283046,-0.06829047,0.00029077,0.00009451,-0.06829047
nominal_00,nominal,2609,0.34000000,0.00000000,0.00216224,-0.00624668,-0.00768683,0.00027051,-0.00101301,-0.00768683
nominal_00,nominal,2609,0.36000000,0.00000000,-0.00603916,-0.00025849,0.10999727,0.00024839,-0.00110631,0.10999727
nominal_00,nominal,2609,0.38000000,0.00000000,0.00416510,0.01359706,-0.14295720,0.00026252,0.00070683,-0.14295720
nominal_00,nominal,2609,0.40000000,0.00000000,-0.00429116,0.00066774,0.07390218,0.00022998,-0.00162721,0.07390218
nominal_00,nominal,2609,0.42000000,0.00000000,0.00128144,-0.00522235,0.00304579,0.00022234,-0.00038196,0.00304579
nominal_00,nominal,2609,0.44000000,0.00000000,-0.00113753,-0.00265465,0.03374872,0.00021592,-0.00032099,0.03374872
nominal_00,nominal,2609,0.46000000,0.00000000,0.00618890,0.00456694,-0.13423481,0.00022061,0.00023474,-0.13423481
nominal_00,nominal,2609,0.48000000,0.00000000,-0.00174663,-0.00585319,0.06070528,0.00018174,-0.00194375,0.06070528
nominal_00,nominal,2609,0.50000000,0.00000000,0.00396229,-0.01148542,-0.01389420,0.00016369,-0.00090227,-0.01389420
nominal_00,nominal,2609,0.52000000,0.00000000,0.00564005,-0.00309904,-0.08602564,0.00014171,-0.00109937,-0.08602564
nominal_00,nominal,2609,0.54000000,0.00000000,0.00414102,0.00083097,-0.07869321,0.00009256,-0.00245718,-0.07869321
nominal_00,nominal,2609,0.56000000,0.00000000,-0.00033754,-0.00499123,0.03103187,0.00001947,-0.00365478,0.03103187
nominal_00,nominal,2609,0.58000000,0.00000000,0.00455114,-0.01815168,0.00883791,-0.00004135,-0.00304086,0.00883791
nominal_00,nominal,2609,0.60000000,0.00000000,-0.00252690,-0.00904008,0.09068467,-0.00009745,-0.00280474,0.09068467
nominal_00,nominal,2609,0.62000000,0.00000000,0.00310227,-0.00023575,-0.05466212,-0.00012248,-0.00125195,-0.05466212
nominal_00,nominal,2609,0.64000000,0.00000000,-0.00214698,-0.00064856,0.04188841,-0.00016444,-0.00209777,0.04188841
nominal_00,nominal,2609,0.66000000,0.00000000,-0.00751991,-0.00480083,0.15936246,-0.00019156,-0.00135595,0.15936246
nominal_00,nominal,2609,0.68000000,0.00000000,0.00466575,-0.00516826,-0.05814225,-0.00016629,0.00126333,-0.05814225
nominal_00,nominal,2609,0.70000000,0.00000000,0.00281194,0.01322552,-0.11674261,-0.00016061,0.00028416,-0.11674261
nominal_00,nominal,2609,0.72000000,0.00000000,-0.00623005,0.00153108,0.10448557,-0.00019287,-0.00161289,0.10448557
nominal_00,nominal,2609,0.74000000,0.00000000,0.00158187,-0.00444382,-0.00625448,-0.00019033,0.00012661,-0.00625448
nominal_00,nominal,2609,0.76000000,0.00000000,0.00174763,0.00107097,-0.03681212,-0.00018990,0.00002156,-0.03681212
nominal_00,nominal,2609,0.78000000,0.00000000,-0.00733723,0.00950998,0.08452021,-0.00020139,-0.00057455,0.08452021
nominal_00,nominal,2609,0.80000000,0.00000000,0.00216271,0.00039039,-0.04088077,-0.00018519,0.00081020,-0.04088077
nominal_00,nominal,2609,0.82000000,0.00000000,0.00392123,-0.00473193,-0.04692249,-0.00018271,0.00012411,-0.04692249
nominal_00,nominal,2609,0.84000000,0.00000000,0.00258083,0.00931103,-0.09301008,-0.00019548,-0.00063867,-0.09301008
nominal_00,nominal,2609,0.86000000,0.00000000,0.00457515,-0.00588969,-0.05290424,-0.00023795,-0.00212357,-0.05290424
nominal_00,nominal,2609,0.88000000,0.00000000,0.00034639,-0.00522626,0.01989619,-0.00029624,-0.00291426,0.01989619
nominal_00,nominal,2609,0.90000000,0.00000000,-0.00271538,-0.02667093,0.18223146,-0.00034630,-0.00250314,0.18223146
nominal_00,nominal,2609,0.92000000,0.00000000,-0.00218542,0.01186241,-0.01997446,-0.00033588,0.00052120,-0.01997446
nominal_00,nominal,2609,0.94000000,0.00000000,-0.00320133,0.00324430,0.04140244,-0.00033223,0.00018214,0.04140244
nominal_00,nominal,2609,0.96000000,0.00000000,0.00591870,-0.00315436,-0.09076476,-0.00031531,0.00084625,-0.09076476
nominal_00,nominal,2609,0.98000000,0.00000000,-0.00107582,0.00144917,0.01211886,-0.00032827,-0.00064782,0.01211886
nominal_00,nominal,2609,1.00000000,0.50000000,0.00153046,0.00156159,8.96464373,-0.00033690,-0.00043195,8.96464373
nominal_00,nominal,2609,1.02000000,0.50000000,0.00535256,0.14811148,8.16309654,0.00255484,0.14458722,8.16309654
nominal_00,nominal,2609,1.04000000,0.50000000,0.01114613,0.27039044,7.44741739,0.00799880,0.27219807,7.44741739
nominal_00,nominal,2609,1.06000000,0.50000000,0.01244144,0.38104895,6.87080930,0.01568526,0.38432291,6.87080930
nominal_00,nominal,2609,1.08000000,0.50000000,0.02313779,0.48985026,6.13426846,0.02535897,0.48368570,6.13426846
nominal_00,nominal,2609,1.10000000,0.50000000,0.03322881,0.56105067,5.59662803,0.03672078,0.56809048,5.59662803
nominal_00,nominal,2609,1.12000000,0.50000000,0.04747064,0.63657196,4.96266861,0.04954504,0.64121281,4.96266861
nominal_00,nominal,2609,1.14000000,0.50000000,0.05701708,0.70116176,4.46788367,0.06358185,0.70184035,4.46788367
nominal_00,nominal,2609,1.16000000,0.50000000,0.08404903,0.76693133,3.65246087,0.07863399,0.75260712,3.65246087
nominal_00,nominal,2609,1.18000000,0.50000000,0.09831609,0.78534871,3.30356689,0.09440656,0.78862879,3.30356689
nominal_00,nominal,2609,1.20000000,0.50000000,0.11066344,0.82133366,2.90138982,0.11076463,0.81790338,2.90138982
nominal_00,nominal,2609,1.22000000,0.50000000,0.12496529,0.84313603,2.53494455,0.12756015,0.83977573,2.53494455
nominal_00,nominal,2609,1.24000000,0.50000000,0.14801945,0.84895326,2.09088369,0.14466116,0.85505059,2.09088369
nominal_00,nominal,2609,1.26000000,0.50000000,0.16148113,0.86645548,1.76106225,0.16191465,0.86267465,1.76106225
nominal_00,nominal,2609,1.28000000,0.50000000,0.18241233,0.85501263,1.44151482,0.17920925,0.86473016,1.44151482
nominal_00,nominal,2609,1.30000000,0.50000000,0.19364535,0.85889712,1.21989805,0.19644033,0.86155392,1.21989805
nominal_00,nominal,2609,1.32000000,0.50000000,0.21712964,0.85384568,0.82243813,0.21353814,0.85489026,0.82243813
nominal_00,nominal,2609,1.34000000,0.50000000,0.23187780,0.85365408,0.55792918,0.23037817,0.84200172,0.55792918
nominal_00,nominal,2609,1.36000000,0.50000000,0.25284652,0.83482883,0.27461842,0.24688276,0.82522955,0.27461842
nominal_00,nominal,2609,1.38000000,0.50000000,0.26407464,0.79923102,0.25050138,0.26297053,0.80438859,0.25050138
nominal_00,nominal,2609,1.40000000,0.50000000,0.27375064,0.78223176,0.16132968,0.27864646,0.78379604,0.16132968
nominal_00,nominal,2609,1.42000000,0.50000000,0.29972546,0.76283633,-0.20924002,0.29389430,0.76239202,-0.20924002
nominal_00,nominal,2609,1.44000000,0.50000000,0.31226583,0.73970650,-0.31931748,0.30860729,0.73564968,-0.31931748
nominal_00,nominal,2609,1.46000000,0.50000000,0.32034736,0.70809332,-0.30671912,0.32276621,0.70794613,-0.30671912
nominal_00,nominal,2609,1.48000000,0.50000000,0.33454114,0.69158793,-0.47968009,0.33639211,0.68129513,-0.47968009
nominal_00,nominal,2609,1.50000000,0.50000000,0.34904024,0.64956709,-0.53055969,0.34944537,0.65266295,-0.53055969
nominal_00,nominal,2609,1.52000000,0.50000000,0.35988159,0.62755796,-0.61565849,0.36192707,0.62408499,-0.61565849
nominal_00,nominal,2609,1.54000000,0.50000000,0.37106355,0.59767851,-0.66753643,0.37382720,0.59500610,-0.66753643
nominal_00,nominal,2609,1.56000000,0.50000000,0.38339140,0.57023916,-0.75224098,0.38514678,0.56597897,-0.75224098
nominal_00,nominal,2609,1.58000000,0.50000000,0.39828697,0.53696671,-0.85399908,0.39587620,0.53647103,-0.85399908
nominal_00,nominal,2609,1.60000000,0.50000000,0.40746821,0.51331209,-0.90098826,0.40600062,0.50622118,-0.90098826
nominal_00,nominal,2609,1.62000000,0.50000000,0.41176818,0.48371525,-0.83040356,0.41552338,0.47613804,-0.83040356
nominal_00,nominal,2609,1.64000000,0.50000000,0.42623235,0.45896466,-0.96700564,0.42448575,0.44811830,-0.96700564
nominal_00,nominal,2609,1.66000000,0.50000000,0.43546130,0.42738168,-0.97521185,0.43286070,0.41874744,-0.97521185
nominal_00,nominal,2609,1.68000000,0.50000000,0.43677336,0.38840958,-0.80396829,0.44066357,0.39014370,-0.80396829
nominal_00,nominal,2609,1.70000000,0.50000000,0.44815591,0.36056752,-0.86964395,0.44796729,0.36518622,-0.86964395
nominal_00,nominal,2609,1.72000000,0.50000000,0.45658539,0.33621568,-0.89961551,0.45476591,0.33993105,-0.89961551
nominal_00,nominal,2609,1.74000000,0.50000000,0.45739017,0.32502785,-0.85816236,0.46106521,0.31496483,-0.85816236
nominal_00,nominal,2609,1.76000000,0.50000000,0.46273412,0.29445027,-0.80146559,0.46689389,0.29143404,-0.80146559
nominal_00,nominal,2609,1.78000000,0.50000000,0.47040511,0.27027643,-0.81867409,0.47228472,0.26954126,-0.81867409
nominal_00,nominal,2609,1.80000000,0.50000000,0.47319923,0.24415725,-0.73837238,0.47724553,0.24804087,-0.73837238
nominal_00,nominal,2609,1.82000000,0.50000000,0.48379547,0.22423647,-0.82950075,0.48181550,0.22849810,-0.82950075
nominal_00,nominal,2609,1.84000000,0.50000000,0.49092112,0.21212441,-0.89720229,0.48597710,0.20808005,-0.89720229
nominal_00,nominal,2609,1.86000000,0.50000000,0.49424268,0.18970568,-0.84489660,0.48972095,0.18719246,-0.84489660
nominal_00,nominal,2609,1.88000000,0.50000000,0.49351740,0.16210118,-0.69381915,0.49307676,0.16779088,-0.69381915
nominal_00,nominal,2609,1.90000000,0.50000000,0.49341756,0.15979278,-0.68047989,0.49610531,0.15142744,-0.68047989
nominal_00,nominal,2609,1.92000000,0.50000000,0.49720109,0.13395680,-0.61940370,0.49882093,0.13578110,-0.61940370
nominal_00,nominal,2609,1.94000000,0.50000000,0.50876833,0.10928024,-0.70423122,0.50125298,0.12160205,-0.70423122
nominal_00,nominal,2609,1.96000000,0.50000000,0.50538628,0.10243390,-0.60912247,0.50338268,0.10648530,-0.60912247
nominal_00,nominal,2609,1.98000000,0.50000000,0.50571372,0.09969976,-0.60134585,0.50525008,0.09337011,-0.60134585
nominal_00,nominal,2609,2.00000000,0.50000000,0.50718870,0.07753405,-0.51706678,0.50686573,0.08078252,-0.51706678
nominal_00,nominal,2609,2.02000000,0.50000000,0.50599561,0.06465146,-0.43117823,0.50826461,0.06994382,-0.43117823
nominal_00,nominal,2609,2.04000000,0.50000000,0.50518798,0.05805760,-0.38367169,0.50948114,0.06082647,-0.38367169
nominal_00,nominal,2609,2.06000000,0.50000000,0.51318297,0.05256086,-0.50009773,0.51053628,0.05275689,-0.50009773
nominal_00,nominal,2609,2.08000000,0.50000000,0.51210883,0.03026751,-0.36929646,0.51139730,0.04305131,-0.36929646
nominal_00,nominal,2609,2.10000000,0.50000000,0.51629894,0.03961078,-0.49143475,0.51211248,0.03575884,-0.49143475
nominal_00,nominal,2609,2.12000000,0.50000000,0.51095791,0.02001958,-0.29734033,0.51264676,0.02671416,-0.29734033
nominal_00,nominal,2609,2.14000000,0.50000000,0.51592746,0.02532582,-0.41332343,0.51306849,0.02108614,-0.41332343
nominal_00,nominal,2609,2.16000000,0.50000000,0.51600786,0.00438012,-0.31004202,0.51334358,0.01375447,-0.31004202
nominal_00,nominal,2609,2.18000000,0.50000000,0.51862984,0.00956591,-0.38316674,0.51350994,0.00831804,-0.38316674
nominal_00,nominal,2609,2.20000000,0.50000000,0.51227263,0.00291619,-0.23548825,0.51354724,0.00186535,-0.23548825
nominal_00,nominal,2609,2.22000000,0.50000000,0.51718619,0.00480391,-0.33337095,0.51350723,-0.00200089,-0.33337095
nominal_00,nominal,2609,2.24000000,0.50000000,0.51131476,-0.00435953,-0.18186797,0.51336059,-0.00733197,-0.18186797
nominal_00,nominal,2609,2.26000000,0.50000000,0.50997821,-0.01087512,-0.12523225,0.51315961,-0.01004911,-0.12523225
nominal_00,nominal,2609,2.28000000,0.50000000,0.50906580,-0.02165040,-0.05493248,0.51292427,-0.01176690,-0.05493248
nominal_00,nominal,2609,2.30000000,0.50000000,0.50932382,-0.01480367,-0.09381039,0.51267837,-0.01229494,-0.09381039
nominal_00,nominal,2609,2.32000000,0.50000000,0.51324389,-0.01778365,-0.14947184,0.51240966,-0.01343567,-0.14947184
nominal_00,nominal,2609,2.34000000,0.50000000,0.51275243,-0.00713749,-0.19385627,0.51210082,-0.01544178,-0.19385627
nominal_00,nominal,2609,2.36000000,0.50000000,0.51248983,-0.02137726,-0.11793056,0.51173873,-0.01810437,-0.11793056
nominal_00,nominal,2609,2.38000000,0.50000000,0.51507972,-0.02691160,-0.13687690,0.51134959,-0.01945726,-0.13687690
nominal_00,nominal,2609,2.40000000,0.50000000,0.50380481,-0.03198651,0.09144592,0.51092808,-0.02107517,0.09144592
nominal_00,nominal,2609,2.42000000,0.50000000,0.51193772,-0.01918519,-0.11895301,0.51054908,-0.01895031,-0.11895301
nominal_00,nominal,2609,2.44000000,0.50000000,0.51206437,-0.02570233,-0.08864700,0.51014320,-0.02029382,-0.08864700
nominal_00,nominal,2609,2.46000000,0.50000000,0.51120611,-0.01829215,-0.11024921,0.50972108,-0.02110596,-0.11024921
nominal_00,nominal,2609,2.48000000,0.50000000,0.50711876,-0.02313636,-0.01245582,0.50927623,-0.02224264,-0.01245582
nominal_00,nominal,2609,2.50000000,0.50000000,0.50576575,-0.01887561,-0.00940537,0.50884098,-0.02176266,-0.00940537
nominal_00,nominal,2609,2.52000000,0.50000000,0.50654146,-0.02561768,0.01034223,0.50841601,-0.02124804,0.01034223
nominal_00,nominal,2609,2.54000000,0.50000000,0.50515214,-0.02751570,0.04483999,0.50800742,-0.02042976,0.04483999
nominal_00,nominal,2609,2.56000000,0.50000000,0.50536554,-0.01930364,-0.00006156,0.50762585,-0.01907854,-0.00006156
nominal_00,nominal,2609,2.58000000,0.50000000,0.51313115,-0.02188051,-0.12695806,0.50725595,-0.01849502,-0.12695806
nominal_00,nominal,2609,2.60000000,0.50000000,0.51011099,-0.02591805,-0.05240758,0.50685631,-0.01998197,-0.05240758
nominal_00,nominal,2609,2.62000000,0.50000000,0.50117908,-0.01116770,0.03461511,0.50645196,-0.02021748,0.03461511
nominal_00,nominal,2609,2.64000000,0.50000000,0.50197296,-0.00871410,0.00805718,0.50607120,-0.01903815,0.00805718
nominal_00,nominal,2609,2.66000000,0.50000000,0.49936313,-0.01623353,0.09263137,0.50570471,-0.01832454,0.09263137
nominal_00,nominal,2609,2.68000000,0.50000000,0.50648323,-0.01882511,-0.02257263,0.50537941,-0.01626478,-0.02257263
nominal_00,nominal,2609,2.70000000,0.50000000,0.50121929,-0.00817316,0.01891853,0.50505678,-0.01613159,0.01891853
nominal_00,nominal,2609,2.72000000,0.50000000,0.50336471,-0.02082804,0.04357545,0.50475015,-0.01533134,0.04357545
nominal_00,nominal,2609,2.74000000,0.50000000,0.50278809,-0.01428418,0.02123531,0.50446702,-0.01415678,0.02123531
nominal_00,nominal,2609,2.76000000,0.50000000,0.50303056,-0.01634524,0.02717620,0.50419942,-0.01337957,0.02717620
nominal_00,nominal,2609,2.78000000,0.50000000,0.50395287,-0.01007592,-0.02077209,0.50394882,-0.01253007,-0.02077209
nominal_00,nominal,2609,2.80000000,0.50000000,0.50295282,-0.00993171,-0.00349225,0.50369918,-0.01248217,-0.00349225
nominal_00,nominal,2609,2.82000000,0.50000000,0.50564189,-0.00734252,-0.06484144,0.50345605,-0.01215624,-0.06484144
nominal_00,nominal,2609,2.84000000,0.50000000,0.50319673,0.00096543,-0.06236829,0.50319940,-0.01283263,-0.06236829
nominal_00,nominal,2609,2.86000000,0.50000000,0.49881376,-0.01266902,0.08469739,0.50293044,-0.01344830,0.08469739
nominal_00,nominal,2609,2.88000000,0.50000000,0.50549337,-0.01624684,-0.01764643,0.50269711,-0.01166627,-0.01764643
nominal_00,nominal,2609,2.90000000,0.50000000,0.50415349,-0.01517211,0.00109779,0.50246523,-0.01159428,0.00109779
nominal_00,nominal,2609,2.92000000,0.50000000,0.50267978,-0.00657590,-0.01535652,0.50224080,-0.01122130,-0.01535652
nominal_00,nominal,2609,2.94000000,0.50000000,0.49875221,-0.00722963,0.05860839,0.50201828,-0.01112590,0.05860839
nominal_00,nominal,2609,2.96000000,0.50000000,0.49984079,-0.00682627,0.03699716,0.50182154,-0.00983702,0.03699716
nominal_00,nominal,2609,2.98000000,0.50000000,0.49932807,-0.01302779,0.07723360,0.50164280,-0.00893720,0.07723360
nominal_00,nominal,2609,3.00000000,-0.30000000,0.50152095,-0.00319050,-12.00000000,0.50149451,-0.00741411,-12.00000000
nominal_00,nominal,2609,3.02000000,-0.30000000,0.49928684,-0.19668597,-12.00000000,0.49746870,-0.20129073,-12.00000000
nominal_00,nominal,2609,3.04000000,-0.30000000,0.49156540,-0.38633546,-12.00000000,0.48968415,-0.38922745,-12.00000000
nominal_00,nominal,2609,3.06000000,-0.30000000,0.47808759,-0.56430957,-11.18402874,0.47825603,-0.57140625,-11.18402874
nominal_00,nominal,2609,3.08000000,-0.30000000,0.47161474,-0.72906927,-10.24371902,0.46355993,-0.73480495,-10.24371902
nominal_00,nominal,2609,3.10000000,-0.30000000,0.44919052,-0.87143762,-9.12824127,0.44600017,-0.87798771,-9.12824127
nominal_00,nominal,2609,3.12000000,-0.30000000,0.42329197,-1.00032923,-8.01760933,0.42602536,-0.99874050,-8.01760933
nominal_00,nominal,2609,3.14000000,-0.30000000,0.40841282,-1.09886723,-7.25709452,0.40406878,-1.09782890,-7.25709452
nominal_00,nominal,2609,3.16000000,-0.30000000,0.38029363,-1.18017348,-6.34441785,0.38043719,-1.18157991,-6.34441785
nominal_00,nominal,2609,3.18000000,-0.30000000,0.35804844,-1.24595584,-5.61509271,0.35547714,-1.24800217,-5.61509271
nominal_00,nominal,2609,3.20000000,-0.30000000,0.32262902,-1.29347053,-4.73996964,0.32946530,-1.30059235,-4.73996964
nominal_00,nominal,2609,3.22000000,-0.30000000,0.30211212,-1.33499120,-4.16306224,0.30271698,-1.33741590,-4.16306224
nominal_00,nominal,2609,3.24000000,-0.30000000,0.27264085,-1.36220712,-3.49649976,0.27544139,-1.36377961,-3.49649976
nominal_00,nominal,2609,3.26000000,-0.30000000,0.25272694,-1.39036420,-2.99726396,0.24787031,-1.37855375,-2.99726396
nominal_00,nominal,2609,3.28000000,-0.30000000,0.21753555,-1.39942324,-2.31852363,0.22017431,-1.38479995,-2.31852363
nominal_00,nominal,2609,3.30000000,-0.30000000,0.18890066,-1.38107349,-1.89484441,0.19257679,-1.37987594,-1.89484441
nominal_00,nominal,2609,3.32000000,-0.30000000,0.16470317,-1.37408294,-1.49424227,0.16521180,-1.36824964,-1.49424227
nominal_00,nominal,2609,3.34000000,-0.30000000,0.13963074,-1.34191251,-1.20379078,0.13820181,-1.35049968,-1.20379078
nominal_00,nominal,2609,3.36000000,-0.30000000,0.10919069,-1.32313641,-0.74975044,0.11162990,-1.32859540,-0.74975044
nominal_00,nominal,2609,3.38000000,-0.30000000,0.08811887,-1.29548580,-0.50871062,0.08562954,-1.30001796,-0.50871062
nominal_00,nominal,2609,3.40000000,-0.30000000,0.06129907,-1.26940187,-0.15637400,0.06026120,-1.26841716,-0.15637400
nominal_00,nominal,2609,3.42000000,-0.30000000,0.03819358,-1.23007926,0.06291193,0.03561949,-1.23208539,0.06291193
nominal_00,nominal,2609,3.44000000,-0.30000000,0.01575129,-1.19556232,0.29428838,0.01175309,-1.19331971,0.29428838
nominal_00,nominal,2609,3.46000000,-0.30000000,-0.00749073,-1.15665211,0.51809373,-0.01128689,-1.15199912,0.51809373
nominal_00,nominal,2609,3.48000000,-0.30000000,-0.02979164,-1.10722153,0.67235713,-0.03345338,-1.10832438,0.67235713
nominal_00,nominal,2609,3.50000000,-0.30000000,-0.05583337,-1.06924358,0.95121853,-0.05472322,-1.06349247,0.95121853
nominal_00,nominal,2609,3.52000000,-0.30000000,-0.07747869,-1.01628456,1.07603918,-0.07503369,-1.01552342,1.07603918
nominal_00,nominal,2609,3.54000000,-0.30000000,-0.09807075,-0.96692404,1.19989376,-0.09437379,-0.96700501,1.19989376
nominal_00,nominal,2609,3.56000000,-0.30000000,-0.11039011,-0.91784181,1.17623105,-0.11273319,-0.91796970,1.17623105
nominal_00,nominal,2609,3.58000000,-0.30000000,-0.13394519,-0.86628517,1.34243919,-0.13014958,-0.87081947,1.34243919
nominal_00,nominal,2609,3.60000000,-0.30000000,-0.14338445,-0.83685187,1.36517950,-0.14659808,-0.82242533,1.36517950
nominal_00,nominal,2609,3.62000000,-0.30000000,-0.16201280,-0.76997783,1.36611954,-0.16210100,-0.77514604,1.36611954
nominal_00,nominal,2609,3.64000000,-0.30000000,-0.17550122,-0.71616054,1.33982462,-0.17668701,-0.72930006,1.33982462
nominal_00,nominal,2609,3.66000000,-0.30000000,-0.19001025,-0.68762270,1.45829796,-0.19039269,-0.68528402,1.45829796
nominal_00,nominal,2609,3.68000000,-0.30000000,-0.19994100,-0.63511833,1.37452966,-0.20320669,-0.64070018,1.37452966
nominal_00,nominal,2609,3.70000000,-0.30000000,-0.21284370,-0.59977059,1.43003950,-0.21518343,-0.59883725,1.43003950
nominal_00,nominal,2609,3.72000000,-0.30000000,-0.22871280,-0.55686719,1.50116634,-0.22633061,-0.55735902,1.50116634
nominal_00,nominal,2609,3.74000000,-0.30000000,-0.23448696,-0.51559431,1.39873685,-0.23665064,-0.51600107,1.39873685
nominal_00,nominal,2609,3.76000000,-0.30000000,-0.24733696,-0.47590350,1.43158275,-0.24620198,-0.47756706,1.43158275
nominal_00,nominal,2609,3.78000000,-0.30000000,-0.25840146,-0.42983054,1.40037907,-0.25499756,-0.43977929,1.40037907
nominal_00,nominal,2609,3.80000000,-0.30000000,-0.26694956,-0.40622498,1.43621704,-0.26307064,-0.40365396,1.43621704
nominal_00,nominal,2609,3.82000000,-0.30000000,-0.27780940,-0.36416116,1.42137500,-0.27043176,-0.36805574,1.42137500
nominal_00,nominal,2609,3.84000000,-0.30000000,-0.27901133,-0.32727159,1.25856189,-0.27710752,-0.33378823,1.25856189
nominal_00,nominal,2609,3.86000000,-0.30000000,-0.28882784,-0.30582926,1.32804750,-0.28317160,-0.30320414,1.32804750
nominal_00,nominal,2609,3.88000000,-0.30000000,-0.28934062,-0.27073573,1.16180970,-0.28862027,-0.27243313,1.16180970
nominal_00,nominal,2609,3.90000000,-0.30000000,-0.29918830,-0.24907724,1.23077563,-0.29352614,-0.24529381,1.23077563
nominal_00,nominal,2609,3.92000000,-0.30000000,-0.30072187,-0.22310292,1.12850834,-0.29788355,-0.21787043,1.12850834
nominal_00,nominal,2609,3.94000000,-0.30000000,-0.29789647,-0.19799766,0.95212476,-0.30174238,-0.19294144,0.95212476
nominal_00,nominal,2609,3.96000000,-0.30000000,-0.30200094,-0.18155880,0.94381088,-0.30517497,-0.17162928,0.94381088
nominal_00,nominal,2609,3.98000000,-0.30000000,-0.31224724,-0.15358228,0.98836169,-0.30819706,-0.15110454,0.98836169
nominal_00,nominal,2609,4.00000000,-0.30000000,-0.31001599,-0.13091752,0.83487542,-0.31080682,-0.13048801,0.83487542
nominal_00,nominal,2609,4.02000000,-0.30000000,-0.31164373,-0.09745055,0.69683985,-0.31306653,-0.11298581,0.69683985
nominal_00,nominal,2609,4.04000000,-0.30000000,-0.30708407,-0.09026030,0.57881470,-0.31503159,-0.09825260,0.57881470
nominal_00,nominal,2609,4.06000000,-0.30000000,-0.31591273,-0.08800872,0.72647272,-0.31674918,-0.08587987,0.72647272
nominal_00,nominal,2609,4.08000000,-0.30000000,-0.31648912,-0.06876329,0.64062063,-0.31817914,-0.07149780,0.64062063
nominal_00,nominal,2609,4.10000000,-0.30000000,-0.31481691,-0.05919913,0.56270003,-0.31935804,-0.05894504,0.56270003
nominal_00,nominal,2609,4.12000000,-0.30000000,-0.32167161,-0.04972535,0.63871580,-0.32031878,-0.04803726,0.63871580
nominal_00,nominal,2609,4.14000000,-0.30000000,-0.31420453,-0.02417666,0.37656477,-0.32104347,-0.03623409,0.37656477
nominal_00,nominal,2609,4.16000000,-0.30000000,-0.32603915,-0.01801329,0.55877119,-0.32162412,-0.02903291,0.55877119
nominal_00,nominal,2609,4.18000000,-0.30000000,-0.32099773,-0.02740752,0.51499678,-0.32200623,-0.01910512,0.51499678
nominal_00,nominal,2609,4.20000000,-0.30000000,-0.31747525,-0.00734841,0.35129650,-0.32221002,-0.01018955,0.35129650
nominal_00,nominal,2609,4.22000000,-0.30000000,-0.31446446,0.00278799,0.24642036,-0.32229392,-0.00419503,0.24642036
nominal_00,nominal,2609,4.24000000,-0.30000000,-0.32681350,0.00765043,0.44439086,-0.32229553,-0.00008058,0.44439086
nominal_00,nominal,2609,4.26000000,-0.30000000,-0.31927794,0.00006816,0.34666207,-0.32215333,0.00711005,0.34666207
nominal_00,nominal,2609,4.28000000,-0.30000000,-0.32220246,0.02121267,0.29358100,-0.32190334,0.01249958,0.29358100
nominal_00,nominal,2609,4.30000000,-0.30000000,-0.31898104,0.02457782,0.21876956,-0.32156603,0.01686539,0.21876956
nominal_00,nominal,2609,4.32000000,-0.30000000,-0.32511010,0.02170768,0.34344346,-0.32116828,0.01988734,0.34344346
nominal_00,nominal,2609,4.34000000,-0.30000000,-0.32334254,0.02541325,0.29309940,-0.32067162,0.02483335,0.29309940
nominal_00,nominal,2609,4.36000000,-0.30000000,-0.32172600,0.03298927,0.22612172,-0.32009535,0.02881349,0.22612172
nominal_00,nominal,2609,4.38000000,-0.30000000,-0.32054410,0.02963045,0.22164154,-0.31946358,0.03158831,0.22164154
nominal_00,nominal,2609,4.40000000,-0.30000000,-0.31523909,0.03226331,0.11298713,-0.31877947,0.03420564,0.11298713
nominal_00,nominal,2609,4.42000000,-0.30000000,-0.32254042,0.03716560,0.21989950,-0.31807976,0.03498527,0.21989950
nominal_00,nominal,2609,4.44000000,-0.30000000,-0.32143478,0.04815712,0.14504045,-0.31733035,0.03747035,0.14504045
nominal_00,nominal,2609,4.46000000,-0.30000000,-0.31187823,0.05615092,-0.06694650,-0.31655699,0.03866842,-0.06694650
nominal_00,nominal,2609,4.48000000,-0.30000000,-0.31146372,0.03919855,0.01035424,-0.31582897,0.03640084,0.01035424
nominal_00,nominal,2609,4.50000000,-0.30000000,-0.31050820,0.04149856,-0.01834525,-0.31511991,0.03545309,-0.01834525
nominal_00,nominal,2609,4.52000000,-0.30000000,-0.31302008,0.02323061,0.11820834,-0.31443850,0.03407015,0.11820834
nominal_00,nominal,2609,4.54000000,-0.30000000,-0.31440884,0.02834348,0.11764181,-0.31373974,0.03493839,0.11764181
nominal_00,nominal,2609,4.56000000,-0.30000000,-0.31101601,0.03881533,0.00421156,-0.31302432,0.03577085,0.00421156
nominal_00,nominal,2609,4.58000000,-0.30000000,-0.30858359,0.03460328,-0.01851188,-0.31232946,0.03474305,-0.01851188
nominal_00,nominal,2609,4.60000000,-0.30000000,-0.31076301,0.03167306,0.03536883,-0.31166188,0.03337917,0.03536883
nominal_00,nominal,2609,4.62000000,-0.30000000,-0.31063974,0.03236621,0.02968425,-0.31100330,0.03292862,0.02968425
nominal_00,nominal,2609,4.64000000,-0.30000000,-0.30789661,0.03109862,-0.01335420,-0.31035530,0.03239992,-0.01335420
nominal_00,nominal,2609,4.66000000,-0.30000000,-0.31463855,0.02432588,0.14186455,-0.30973148,0.03119125,0.14186455
nominal_00,nominal,2609,4.68000000,-0.30000000,-0.30275308,0.04383237,-0.16960643,-0.30908087,0.03253033,-0.16960643
nominal_00,nominal,2609,4.70000000,-0.30000000,-0.30541406,0.03057224,-0.05540805,-0.30850507,0.02879025,-0.05540805
nominal_00,nominal,2609,4.72000000,-0.30000000,-0.30809375,0.02425736,0.02440076,-0.30796483,0.02701194,0.02440076
nominal_00,nominal,2609,4.74000000,-0.30000000,-0.30843650,0.01768292,0.06344247,-0.30743325,0.02657905,0.06344247
nominal_00,nominal,2609,4.76000000,-0.30000000,-0.31041536,0.01714165,0.10176830,-0.30689743,0.02679094,0.10176830
nominal_00,nominal,2609,4.78000000,-0.30000000,-0.30874217,0.02654871,0.02461556,-0.30634510,0.02761626,0.02461556
nominal_00,nominal,2609,4.80000000,-0.30000000,-0.30799720,0.02894723,-0.00078657,-0.30580174,0.02716833,-0.00078657
nominal_00,nominal,2609,4.82000000,-0.30000000,-0.30824581,0.02433019,0.02677356,-0.30527527,0.02632324,0.02677356
nominal_00,nominal,2609,4.84000000,-0.30000000,-0.30817795,0.01842592,0.05507354,-0.30475628,0.02594983,0.05507354
nominal_00,nominal,2609,4.86000000,-0.30000000,-0.30786870,0.02516600,0.01580668,-0.30423536,0.02604563,0.01580668
nominal_00,nominal,2609,4.88000000,-0.30000000,-0.30478412,0.02659285,-0.04685012,-0.30372530,0.02550333,-0.04685012
nominal_00,nominal,2609,4.90000000,-0.30000000,-0.29876140,0.02478082,-0.14619896,-0.30324601,0.02396416,-0.14619896
nominal_00,nominal,2609,4.92000000,-0.30000000,-0.29738475,0.02281318,-0.16114049,-0.30282871,0.02086514,-0.16114049
nominal_00,nominal,2609,4.94000000,-0.30000000,-0.30131207,0.01165793,-0.03467247,-0.30247632,0.01761938,-0.03467247
nominal_00,nominal,2609,4.96000000,-0.30000000,-0.30691304,0.00822333,0.08331801,-0.30214595,0.01651873,0.08331801
nominal_00,nominal,2609,4.98000000,-0.30000000,-0.29978983,0.01914741,-0.09952015,-0.30179874,0.01736033,-0.09952015
nominal_00,nominal,2609,5.00000000,0.80000000,-0.30225492,0.02262097,12.00000000,-0.30149437,0.01521869,12.00000000
nominal_00,nominal,2609,5.02000000,0.80000000,-0.29527428,0.20681601,12.00000000,-0.29731724,0.20885619,12.00000000
nominal_00,nominal,2609,5.04000000,0.80000000,-0.28980303,0.39716213,12.00000000,-0.28938602,0.39656112,12.00000000
nominal_00,nominal,2609,5.06000000,0.80000000,-0.27335794,0.57953707,12.00000000,-0.27781572,0.57851524,12.00000000
nominal_00,nominal,2609,5.08000000,0.80000000,-0.26027803,0.75714707,12.00000000,-0.26271782,0.75489473,12.00000000
nominal_00,nominal,2609,5.10000000,0.80000000,-0.24535929,0.92430202,12.00000000,-0.24420041,0.92587038,12.00000000
nominal_00,nominal,2609,5.12000000,0.80000000,-0.21720292,1.10195061,12.00000000,-0.22236826,1.09160777,12.00000000
nominal_00,nominal,2609,5.14000000,0.80000000,-0.19317454,1.25556831,11.59930008,-0.19732291,1.25226737,11.59930008
nominal_00,nominal,2609,5.16000000,0.80000000,-0.16578198,1.39547861,10.40668254,-0.16929245,1.40152330,10.40668254
nominal_00,nominal,2609,5.18000000,0.80000000,-0.13567306,1.52449929,9.21961857,-0.13875414,1.52691544,9.21961857
nominal_00,nominal,2609,5.20000000,0.80000000,-0.10370717,1.63541220,8.08966809,-0.10616884,1.62926475,8.08966809
nominal_00,nominal,2609,5.22000000,0.80000000,-0.07117440,1.71135853,7.12434661,-0.07196482,1.71020101,7.12434661
nominal_00,nominal,2609,5.24000000,0.80000000,-0.03673374,1.77473807,6.18751698,-0.03650396,1.77304321,6.18751698
nominal_00,nominal,2609,5.26000000,0.80000000,0.00131284,1.81464457,5.30314599,-0.00012783,1.81880657,5.30314599
nominal_00,nominal,2609,5.28000000,0.80000000,0.03121797,1.84938737,4.59113962,0.03684943,1.84886287,4.59113962
nominal_00,nominal,2609,5.30000000,0.80000000,0.07869546,1.86488733,3.65904509,0.07417906,1.86648139,3.65904509
nominal_00,nominal,2609,5.32000000,0.80000000,0.10596200,1.86372865,3.17404071,0.11154872,1.86848321,3.17404071
nominal_00,nominal,2609,5.34000000,0.80000000,0.15183543,1.85410729,2.39642584,0.14880029,1.86257859,2.39642584
nominal_00,nominal,2609,5.36000000,0.80000000,0.18352458,1.84496237,1.87174573,0.18568583,1.84427672,1.87174573
nominal_00,nominal,2609,5.38000000,0.80000000,0.22286376,1.82076251,1.28463979,0.22204680,1.81804870,1.28463979
nominal_00,nominal,2609,5.40000000,0.80000000,0.25946097,1.78118141,0.82379558,0.25770936,1.78312762,0.82379558
nominal_00,nominal,2609,5.42000000,0.80000000,0.28730902,1.74087424,0.52406647,0.29254580,1.74182213,0.52406647
nominal_00,nominal,2609,5.44000000,0.80000000,0.32780610,1.70347757,-0.01789765,0.32648448,1.69693394,-0.01789765
nominal_00,nominal,2609,5.46000000,0.80000000,0.36205309,1.65511857,-0.39254842,0.35937757,1.64465456,-0.39254842
nominal_00,nominal,2609,5.48000000,0.80000000,0.38949244,1.58888089,-0.55526833,0.39113590,1.58791681,-0.55526833
nominal_00,nominal,2609,5.50000000,0.80000000,0.41927257,1.53562392,-0.82502589,0.42174161,1.53028531,-0.82502589
nominal_00,nominal,2609,5.52000000,0.80000000,0.45159136,1.47173828,-1.08733582,0.45114273,1.47005608,-1.08733582
nominal_00,nominal,2609,5.54000000,0.80000000,0.47388411,1.40570845,-1.15845631,0.47929132,1.40742919,-1.15845631
nominal_00,nominal,2609,5.56000000,0.80000000,0.50737914,1.34418085,-1.45372877,0.50620273,1.34557063,-1.45372877
nominal_00,nominal,2609,5.58000000,0.80000000,0.52919890,1.28761824,-1.56367148,0.53181935,1.28083115,-1.56367148
nominal_00,nominal,2609,5.60000000,0.80000000,0.55605993,1.21885119,-1.70333472,0.55614529,1.21629676,-1.70333472
nominal_00,nominal,2609,5.62000000,0.80000000,0.58017658,1.15074526,-1.79690468,0.57917490,1.15148045,-1.79690468
nominal_00,nominal,2609,5.64000000,0.80000000,0.60189909,1.08842986,-1.87633286,0.60091762,1.08713643,-1.87633286
nominal_00,nominal,2609,5.66000000,0.80000000,0.61722945,1.02150237,-1.81764194,0.62138720,1.02347897,-1.81764194
nominal_00,nominal,2609,5.68000000,0.80000000,0.64628683,0.96761900,-2.07125790,0.64064163,0.96272117,-2.07125790
nominal_00,nominal,2609,5.70000000,0.80000000,0.65674339,0.89861378,-1.91444998,0.65863608,0.89972252,-1.91444998
nominal_00,nominal,2609,5.72000000,0.80000000,0.67458111,0.85585589,-2.02173938,0.67545989,0.84119041,-2.02173938
nominal_00,nominal,2609,5.74000000,0.80000000,0.68958480,0.79178716,-1.97146226,0.69111421,0.78271614,-1.97146226
nominal_00,nominal,2609,5.76000000,0.80000000,0.70177680,0.72435210,-1.85374295,0.70565114,0.72684662,-1.85374295
nominal_00,nominal,2609,5.78000000,0.80000000,0.72560751,0.67024329,-2.01215161,0.71914300,0.67459296,-2.01215161
nominal_00,nominal,2609,5.80000000,0.80000000,0.73325435,0.62548281,-1.92599246,0.73157056,0.62137791,-1.92599246
nominal_00,nominal,2609,5.82000000,0.80000000,0.74512902,0.57984929,-1.91156875,0.74299430,0.57118689,-1.91156875
nominal_00,nominal,2609,5.84000000,0.80000000,0.75801476,0.52923646,-1.89044806,0.75344963,0.52276690,-1.89044806
nominal_00,nominal,2609,5.86000000,0.80000000,0.76402017,0.48630724,-1.78389925,0.76297307,0.47617202,-1.78389925
nominal_00,nominal,2609,5.88000000,0.80000000,0.76798944,0.42995806,-1.57360025,0.77162764,0.43272815,-1.57360025
nominal_00,nominal,2609,5.90000000,0.80000000,0.78225425,0.39503290,-1.65574095,0.77950798,0.39401695,-1.65574095
nominal_00,nominal,2609,5.92000000,0.80000000,0.79007031,0.34092817,-1.52590635,0.78661124,0.35516311,-1.52590635
nominal_00,nominal,2609,5.94000000,0.80000000,0.78931183,0.31562196,-1.38572276,0.79300323,0.31959978,-1.38572276
nominal_00,nominal,2609,5.96000000,0.80000000,0.80278278,0.28673758,-1.48377799,0.79875110,0.28739353,-1.48377799
nominal_00,nominal,2609,5.98000000,0.80000000,0.80320031,0.25752537,-1.34523249,0.80384286,0.25458792,-1.34523249
nominal_00,nominal,2609,6.00000000,0.80000000,0.80264114,0.21421659,-1.11862339,0.80834343,0.22502842,-1.11862339
nominal_00,nominal,2609,6.02000000,0.80000000,0.81093638,0.20241216,-1.20891571,0.81234423,0.20004001,-1.20891571
nominal_00,nominal,2609,6.04000000,0.80000000,0.81856968,0.17476568,-1.20808262,0.81583137,0.17435669,-1.20808262
nominal_00,nominal,2609,6.06000000,0.80000000,0.81919205,0.14175215,-1.05421763,0.81882084,0.14947371,-1.05421763
nominal_00,nominal,2609,6.08000000,0.80000000,0.82491108,0.12855575,-1.09117811,0.82137768,0.12784191,-1.09117811
nominal_00,nominal,2609,6.10000000,0.80000000,0.81349920,0.11054904,-0.79573076,0.82350318,0.10627500,-0.79573076
nominal_00,nominal,2609,6.12000000,0.80000000,0.82578734,0.09751559,-0.95175007,0.82530613,0.09014780,-0.95175007
nominal_00,nominal,2609,6.14000000,0.80000000,0.82844841,0.08037564,-0.91394952,0.82674595,0.07199104,-0.91394952
nominal_00,nominal,2609,6.16000000,0.80000000,0.82922327,0.06269922,-0.83951496,0.82784599,0.05500199,-0.83951496
nominal_00,nominal,2609,6.18000000,0.80000000,0.82984785,0.04711364,-0.77282941,0.82864074,0.03973744,-0.77282941
nominal_00,nominal,2609,6.20000000,0.80000000,0.83257767,0.02353873,-0.70409167,0.82916113,0.02601923,-0.70409167
nominal_00,nominal,2609,6.22000000,0.80000000,0.82702316,0.02346458,-0.60373979,0.82943779,0.01383316,-0.60373979
nominal_00,nominal,2609,6.24000000,0.80000000,0.82916914,-0.00053209,-0.52238403,0.82951066,0.00364366,-0.52238403
nominal_00,nominal,2609,6.26000000,0.80000000,0.83567489,-0.01205015,-0.58189734,0.82941231,-0.00491769,-0.58189734
nominal_00,nominal,2609,6.28000000,0.80000000,0.82769701,-0.01401340,-0.42847908,0.82912872,-0.01417940,-0.42847908
nominal_00,nominal,2609,6.30000000,0.80000000,0.82736195,-0.02182999,-0.38336512,0.82871521,-0.02067576,-0.38336512
nominal_00,nominal,2609,6.32000000,0.80000000,0.83297452,-0.02612577,-0.46291251,0.82819034,-0.02624336,-0.46291251
nominal_00,nominal,2609,6.34000000,0.80000000,0.83471342,-0.03494146,-0.45013427,0.82753180,-0.03292708,-0.45013427
nominal_00,nominal,2609,6.36000000,0.80000000,0.82588448,-0.05358657,-0.19798784,0.82674781,-0.03919934,-0.19798784
nominal_00,nominal,2609,6.38000000,0.80000000,0.82787049,-0.04458670,-0.27873529,0.82592379,-0.04120089,-0.27873529
nominal_00,nominal,2609,6.40000000,0.80000000,0.82444233,-0.04256507,-0.22713661,0.82503485,-0.04444722,-0.22713661
nominal_00,nominal,2609,6.42000000,0.80000000,0.82015181,-0.03961318,-0.16466666,0.82409966,-0.04675948,-0.16466666
nominal_00,nominal,2609,6.44000000,0.80000000,0.82498646,-0.04108610,-0.24432583,0.82313985,-0.04799042,-0.24432583
nominal_00,nominal,2609,6.46000000,0.80000000,0.81960790,-0.05479031,-0.07899060,0.82213041,-0.05047215,-0.07899060
nominal_00,nominal,2609,6.48000000,0.80000000,0.82468678,-0.05422794,-0.17322225,0.82112634,-0.05020351,-0.17322225
nominal_00,nominal,2609,6.50000000,0.80000000,0.82411443,-0.06049898,-0.13156477,0.82009699,-0.05146732,-0.13156477
nominal_00,nominal,2609,6.52000000,0.80000000,0.81752700,-0.04660345,-0.08246879,0.81905662,-0.05201859,-0.08246879
nominal_00,nominal,2609,6.54000000,0.80000000,0.82301850,-0.04769788,-0.17584369,0.81802144,-0.05175883,-0.17584369
nominal_00,nominal,2609,6.56000000,0.80000000,0.81639084,-0.04693959,-0.06033723,0.81696110,-0.05301739,-0.06033723
nominal_00,nominal,2609,6.58000000,0.80000000,0.82111093,-0.06143205,-0.07283658,0.81591371,-0.05236904,-0.07283658
nominal_00,nominal,2609,6.60000000,0.80000000,0.81247623,-0.04740494,0.01245247,0.81487486,-0.05194274,0.01245247
nominal_00,nominal,2609,6.62000000,0.80000000,0.81291786,-0.05545180,0.04473750,0.81387186,-0.05014992,0.04473750
nominal_00,nominal,2609,6.64000000,0.80000000,0.81297208,-0.03795501,-0.04372246,0.81291407,-0.04788981,-0.04372246
nominal_00,nominal,2609,6.66000000,0.80000000,0.81639084,-0.04116376,-0.08921625,0.81197147,-0.04712981,-0.08921625
nominal_00,nominal,2609,6.68000000,0.80000000,0.81205825,-0.05730547,0.06947886,0.81102889,-0.04712897,0.06947886
nominal_00,nominal,2609,6.70000000,0.80000000,0.81188701,-0.05039631,0.03801530,0.81013767,-0.04456121,0.03801530
nominal_00,nominal,2609,6.72000000,0.80000000,0.81167518,-0.04624159,0.02105462,0.80928604,-0.04258105,0.02105462
nominal_00,nominal,2609,6.74000000,0.80000000,0.80684708,-0.04109064,0.08220568,0.80846733,-0.04093591,0.08220568
nominal_00,nominal,2609,6.76000000,0.80000000,0.80508613,-0.02497694,0.03333435,0.80770029,-0.03835203,0.03333435
nominal_00,nominal,2609,6.78000000,0.80000000,0.80580725,-0.03282431,0.05959097,0.80696753,-0.03663783,0.05959097
nominal_00,nominal,2609,6.80000000,0.80000000,0.80491276,-0.02703740,0.04675728,0.80627650,-0.03455143,0.04675728
nominal_00,nominal,2609,6.82000000,0.80000000,0.80778559,-0.02875851,0.00365193,0.80562177,-0.03273655,0.00365193
nominal_00,nominal,2609,6.84000000,0.80000000,0.80887297,-0.02801062,-0.01966032,0.80498828,-0.03167451,-0.01966032
nominal_00,nominal,2609,6.86000000,0.80000000,0.80167339,-0.02798743,0.10981611,0.80436784,-0.03102209,0.10981611
nominal_00,nominal,2609,6.88000000,0.80000000,0.79950156,-0.04113396,0.21464169,0.80380193,-0.02829534,0.21464169
nominal_00,nominal,2609,6.90000000,0.80000000,0.80611538,-0.03453446,0.06259548,0.80332280,-0.02395654,0.06259548
nominal_00,nominal,2609,6.92000000,0.80000000,0.79856081,-0.02153780,0.13359440,0.80287860,-0.02221007,0.13359440
nominal_00,nominal,2609,6.94000000,0.80000000,0.80319379,-0.01345855,0.00980449,0.80249122,-0.01936868,0.00980449
nominal_00,nominal,2609,6.96000000,0.80000000,0.80410383,-0.00796253,-0.03405625,0.80211889,-0.01861668,-0.03405625
nominal_00,nominal,2609,6.98000000,0.80000000,0.79774116,-0.00831611,0.08223959,0.80174695,-0.01859718,0.08223959
nominal_00,nominal,2609,7.00000000,0.80000000,0.79633071,-0.01795072,0.15580079,0.80141300,-0.01669716,0.15580079
nominal_00,nominal,2609,7.02000000,0.80000000,0.80192981,-0.00663432,-0.00156505,0.80113970,-0.01366547,-0.00156505
nominal_00,nominal,2609,7.04000000,0.80000000,0.80040843,-0.01188496,0.05207311,0.80087425,-0.01327211,0.05207311
nominal_00,nominal,2609,7.06000000,0.80000000,0.80328789,-0.00465264,-0.03591878,0.80063379,-0.01202319,-0.03591878
nominal_00,nominal,2609,7.08000000,0.80000000,0.79952299,-0.01000682,0.05862026,0.80038907,-0.01223582,0.05862026
nominal_00,nominal,2609,7.10000000,0.80000000,0.80201873,-0.01491341,0.03822985,0.80017082,-0.01091275,0.03822985
nominal_00,nominal,2609,7.12000000,0.80000000,0.79856821,-0.00907178,0.07113118,0.79997162,-0.00996003,0.07113118
nominal_00,nominal,2609,7.14000000,0.80000000,0.79792004,0.00392299,0.01782426,0.79980153,-0.00850431,0.01782426
nominal_00,nominal,2609,7.16000000,0.80000000,0.79681295,-0.01033524,0.10904306,0.79964242,-0.00795544,0.10904306
nominal_00,nominal,2609,7.18000000,0.80000000,0.79911763,-0.00850119,0.05838854,0.79952346,-0.00594790,0.05838854
nominal_00,nominal,2609,7.20000000,0.80000000,0.79771381,-0.01090974,0.09570003,0.79942704,-0.00482122,0.09570003
nominal_00,nominal,2609,7.22000000,0.80000000,0.80006711,-0.00088738,0.00322888,0.79936453,-0.00312553,0.00322888
nominal_00,nominal,2609,7.24000000,0.80000000,0.80052361,-0.00025643,-0.00814285,0.79930498,-0.00297755,-0.00814285
nominal_00,nominal,2609,7.26000000,0.80000000,0.79686005,-0.01666709,0.13985457,0.79924462,-0.00301803,0.13985457
nominal_00,nominal,2609,7.28000000,0.80000000,0.79933353,-0.00387652,0.03137914,0.79923135,-0.00066338,0.03137914
nominal_00,nominal,2609,7.30000000,0.80000000,0.79967270,0.00561191,-0.02216820,0.79922864,-0.00013549,-0.02216820
nominal_00,nominal,2609,7.32000000,0.80000000,0.79633894,0.00050504,0.06337395,0.79921884,-0.00048991,0.06337395
nominal_00,nominal,2609,7.34000000,0.80000000,0.80341622,0.00075976,-0.06529066,0.79922985,0.00055019,-0.06529066
nominal_00,nominal,2609,7.36000000,0.80000000,0.79739428,0.00579923,0.01790687,0.79921939,-0.00052276,0.01790687
nominal_00,nominal,2609,7.38000000,0.80000000,0.79847898,-0.00608649,0.05781085,0.79921505,-0.00021710,0.05781085
nominal_00,nominal,2609,7.40000000,0.80000000,0.80200608,-0.00080229,-0.03209797,0.79922954,0.00072466,-0.03209797
nominal_00,nominal,2609,7.42000000,0.80000000,0.80037872,-0.00664133,0.02638966,0.79923321,0.00018327,0.02638966
nominal_00,nominal,2609,7.44000000,0.80000000,0.79625507,0.00350048,0.04990638,0.79924530,0.00060451,0.04990638
nominal_00,nominal,2609,7.46000000,0.80000000,0.80799007,0.00732989,-0.18047063,0.79927316,0.00139324,-0.18047063
nominal_00,nominal,2609,7.48000000,0.80000000,0.80146975,-0.01170683,0.03207857,0.79924179,-0.00156861,0.03207857
nominal_00,nominal,2609,7.50000000,0.80000000,0.79531547,-0.00701082,0.11937567,0.79922176,-0.00100167,0.11937567
nominal_00,nominal,2609,7.52000000,0.80000000,0.80367545,-0.00481069,-0.04210459,0.79924096,0.00095995,-0.04210459
nominal_00,nominal,2609,7.54000000,0.80000000,0.79513364,-0.00097622,0.09247553,0.79924595,0.00024949,0.09247553
nominal_00,nominal,2609,7.56000000,0.80000000,0.80502410,0.00919008,-0.13638418,0.79928070,0.00173767,-0.13638418
nominal_00,nominal,2609,7.58000000,0.80000000,0.79833454,0.00093291,0.02531374,0.79927027,-0.00052163,0.02531374
nominal_00,nominal,2609,7.60000000,0.80000000,0.80181352,-0.00303774,-0.01745467,0.79926834,-0.00009619,-0.01745467
nominal_00,nominal,2609,7.62000000,0.80000000,0.80601762,-0.00423980,-0.08711822,0.79926083,-0.00037558,-0.08711822
nominal_00,nominal,2609,7.64000000,0.80000000,0.79798514,-0.00895230,0.08102904,0.79922537,-0.00177323,0.08102904
nominal_00,nominal,2609,7.66000000,0.80000000,0.79966746,0.00849429,-0.03648570,0.79921720,-0.00040824,-0.03648570
nominal_00,nominal,2609,7.68000000,0.80000000,0.80097116,0.00421693,-0.03856555,0.79919748,-0.00098590,-0.03856555
nominal_00,nominal,2609,7.70000000,0.80000000,0.80101067,0.00128600,-0.02462211,0.79916589,-0.00157950,-0.02462211
nominal_00,nominal,2609,7.72000000,0.80000000,0.80183400,-0.00474689,-0.00927758,0.79912731,-0.00192938,-0.00927758
nominal_00,nominal,2609,7.74000000,0.80000000,0.80045285,0.00423485,-0.02932550,0.79908690,-0.00202034,-0.02932550
nominal_00,nominal,2609,7.76000000,0.80000000,0.79888680,0.00010074,0.01953389,0.79903824,-0.00243279,0.01953389
nominal_00,nominal,2609,7.78000000,0.80000000,0.79730822,-0.00562723,0.07658820,0.79899740,-0.00204229,0.07658820
nominal_00,nominal,2609,7.80000000,0.80000000,0.80265190,0.00362380,-0.06585325,0.79898258,-0.00074088,-0.06585325
nominal_00,nominal,2609,7.82000000,0.80000000,0.79936943,-0.00518818,0.03729116,0.79894691,-0.00178338,0.03729116
nominal_00,nominal,2609,7.84000000,0.80000000,0.79841837,-0.01171340,0.08703630,0.79892440,-0.00112554,0.08703630
nominal_00,nominal,2609,7.86000000,0.80000000,0.79993555,0.00893374,-0.04350850,0.79893074,0.00031678,-0.04350850
nominal_00,nominal,2609,7.88000000,0.80000000,0.79773868,-0.00276422,0.05452482,0.79892280,-0.00039669,0.05452482
nominal_00,nominal,2609,7.90000000,0.80000000,0.79731441,0.00179640,0.03935857,0.79893275,0.00049742,0.03935857
nominal_00,nominal,2609,7.92000000,0.80000000,0.79496186,-0.00414838,0.11142852,0.79895513,0.00111882,0.11142852
nominal_00,nominal,2609,7.94000000,0.80000000,0.79334209,0.01017075,0.06898865,0.79901287,0.00288693,0.06898865
nominal_00,nominal,2609,7.96000000,0.80000000,0.79797405,0.00545298,0.00920225,0.79909115,0.00391440,0.00920225
nominal_00,nominal,2609,7.98000000,0.80000000,0.79977099,0.00385404,0.00920225,0.79917002,0.00394332,0.00920225
nominal_01,nominal,2610,0.00000000,0.00000000,0.00594677,-0.00426281,-0.08572783,0.00000000,0.00000000,-0.08572783
nominal_01,nominal,2610,0.02000000,0.00000000,0.00682471,0.00296161,-0.13765284,-0.00002787,-0.00139366,-0.13765284
nominal_01,nominal,2610,0.04000000,0.00000000,0.00101596,-0.01502088,0.05681712,-0.00009963,-0.00358794,0.05681712
nominal_01,nominal,2610,0.06000000,0.00000000,-0.00384250,0.00872058,0.02556207,-0.00015068,-0.00255227,0.02556207
nominal_01,nominal,2610,0.08000000,0.00000000,0.00580647,-0.00685502,-0.07024137,-0.00019182,-0.00205703,-0.07024137
nominal_01,nominal,2610,0.10000000,0.00000000,0.00250322,-0.00321393,-0.02898836,-0.00025451,-0.00313471,-0.02898836
nominal_01,nominal,2610,0.12000000,0.00000000,-0.00041471,0.00089856,0.00297190,-0.00032467,-0.00350811,0.00297190
nominal_01,nominal,2610,0.14000000,0.00000000,0.00309626,0.00121798,-0.06182260,-0.00039168,-0.00335027,-0.06182260
nominal_01,nominal,2610,0.16000000,0.00000000,0.00017793,-0.00290086,0.01130162,-0.00047669,-0.00425072,0.01130162
nominal_01,nominal,2610,0.18000000,0.00000000,0.00202159,-0.00111622,-0.03080754,-0.00055538,-0.00393429,-0.03080754
nominal_01,nominal,2610,0.20000000,0.00000000,0.00235545,0.01925144,-0.13865537,-0.00064163,-0.00431230,-0.13865537
nominal_01,nominal,2610,0.22000000,0.00000000,0.00329144,-0.00685055,-0.02499317,-0.00077026,-0.00643176,-0.02499317
nominal_01,nominal,2610,0.24000000,0.00000000,-0.00355033,-0.01504864,0.13914916,-0.00090301,-0.00663728,0.13914916
nominal_01,nominal,2610,0.26000000,0.00000000,-0.00509537,-0.00216949,0.10256418,-0.00098637,-0.00416795,0.10256418
nominal_01,nominal,2610,0.28000000,0.00000000,0.00233729,-0.02065499,0.06120378,-0.00103377,-0.00237047,0.06120378
nominal_01,nominal,2610,0.30000000,0.00000000,-0.00289535,-0.00971029,0.10066781,-0.00105980,-0.00130150,0.10066781
nominal_01,nominal,2610,0.32000000,0.00000000,0.00142295,0.00106526,-0.03093936,-0.00105229,0.00037567,-0.03093936
nominal_01,nominal,2610,0.34000000,0.00000000,0.00135401,-0.00057424,-0.02150096,-0.00105507,-0.00013903,-0.02150096
nominal_01,nominal,2610,0.36000000,0.00000000,-0.00213779,0.01056923,-0.01436597,-0.00106476,-0.00048423,-0.01436597
nominal_01,nominal,2610,0.38000000,0.00000000,-0.00587138,0.00321775,0.08959604,-0.00107881,-0.00070266,0.08959604
nominal_01,nominal,2610,0.40000000,0.00000000,-0.00178056,0.00019283,0.03108591,-0.00106329,0.00077582,0.03108591
nominal_01,nominal,2610,0.42000000,0.00000000,-0.00016848,0.00049898,0.00053782,-0.00103815,0.00125696,0.00053782
nominal_01,nominal,2610,0.44000000,0.00000000,-0.00259782,0.01265449,-0.01651168,-0.00101362,0.00122646,-0.01651168
nominal_01,nominal,2610,0.46000000,0.00000000,-0.00268072,-0.00735145,0.08501032,-0.00099523,0.00091975,0.08501032
nominal_01,nominal,2610,0.48000000,0.00000000,-0.00036274,0.00170359,-0.00198854,-0.00094977,0.00227302,-0.00198854
nominal_01,nominal,2610,0.50000000,0.00000000,-0.00653492,0.00643044,0.08547635,-0.00090637,0.00216974,0.08547635
nominal_01,nominal,2610,0.52000000,0.00000000,-0.00490437,0.00310126,0.07277238,-0.00083654,0.00349157,0.07277238
nominal_01,nominal,2610,0.54000000,0.00000000,-0.00095300,0.00503125,-0.00800230,-0.00074523,0.00456561,-0.00800230
nominal_01,nominal,2610,0.56000000,0.00000000,-0.00536999,-0.00283941,0.11085677,-0.00065937,0.00429299,0.11085677
nominal_01,nominal,2610,0.58000000,0.00000000,0.00240551,0.01444998,-0.11554909,-0.00054015,0.00596114,-0.11554909
nominal_01,nominal,2610,0.60000000,0.00000000,0.00131083,0.00053374,-0.02626363,-0.00046222,0.00389658,-0.02626363
nominal_01,nominal,2610,0.62000000,0.00000000,0.00635140,-0.00876415,-0.07050438,-0.00039526,0.00334798,-0.07050438
nominal_01,nominal,2610,0.64000000,0.00000000,-0.00305659,0.00538092,0.02811395,-0.00035331,0.00209728,0.02811395
nominal_01,nominal,2610,0.66000000,0.00000000,0.00050341,0.00099715,-0.01404712,-0.00030353,0.00248885,-0.01404712
nominal_01,nominal,2610,0.68000000,0.00000000,0.00220362,0.00190394,-0.04918492,-0.00025988,0.00218279,-0.04918492
nominal_01,nominal,2610,0.70000000,0.00000000,0.00017671,0.00281065,-0.01723404,-0.00023358,0.00131506,-0.01723404
nominal_01,nominal,2610,0.72000000,0.00000000,0.00054297,0.00602057,-0.03987628,-0.00021370,0.00099384,-0.03987628
nominal_01,nominal,2610,0.74000000,0.00000000,-0.00366636,0.01346933,-0.00135208,-0.00020741,0.00031455,-0.00135208
nominal_01,nominal,2610,0.76000000,0.00000000,-0.00489333,-0.00356334,0.10589662,-0.00020176,0.00028275,0.10589662
nominal_01,nominal,2610,0.78000000,0.00000000,-0.00138908,0.00529194,-0.00145635,-0.00016185,0.00199546,-0.00145635
nominal_01,nominal,2610,0.80000000,0.00000000,0.00067912,0.00727529,-0.04860067,-0.00012366,0.00190949,-0.04860067
nominal_01,nominal,2610,0.82000000,0.00000000,0.00378547,0.00315833,-0.08393016,-0.00010246,0.00105979,-0.08393016
nominal_01,nominal,2610,0.84000000,0.00000000,-0.00248626,0.00488819,0.02031166,-0.00010921,-0.00033773,0.02031166
nominal_01,nominal,2610,0.86000000,0.00000000,0.00308065,0.00020827,-0.05649296,-0.00010915,0.00000301,-0.05649296
nominal_01,nominal,2610,0.88000000,0.00000000,-0.00514278,0.00220163,0.08156187,-0.00012746,-0.00091547,0.08156187
nominal_01,nominal,2610,0.90000000,0.00000000,-0.00538581,0.00234890,0.08520007,-0.00011868,0.00043904,0.08520007
nominal_01,nominal,2610,0.92000000,0.00000000,0.00464238,-0.00327317,-0.06719699,-0.00008248,0.00181041,-0.06719699
nominal_01,nominal,2610,0.94000000,0.00000000,-0.00311309,-0.00346934,0.07338233,-0.00006925,0.00066149,0.07338233
nominal_01,nominal,2610,0.96000000,0.00000000,0.00095771,-0.00896155,0.02756890,-0.00003257,0.00183380,0.02756890
nominal_01,nominal,2610,0.98000000,0.00000000,-0.00183028,-0.00066571,0.03627357,0.00001193,0.00222473,0.03627357
nominal_01,nominal,2610,1.00000000,0.50000000,0.00169805,-0.00283805,8.98362533,0.00006682,0.00274497,8.98362533
nominal_01,nominal,2610,1.02000000,0.50000000,-0.00031708,0.14982559,8.25657955,0.00304090,0.14870394,8.25657955
nominal_01,nominal,2610,1.04000000,0.50000000,0.00606973,0.27824219,7.49953387,0.00860664,0.27828686,7.49953387
nominal_01,nominal,2610,1.06000000,0.50000000,0.01767224,0.39032157,6.73029185,0.01643699,0.39151726,6.73029185
nominal_01,nominal,2610,1.08000000,0.50000000,0.02953131,0.49833304,5.97677127,0.02621113,0.48870736,5.97677127
nominal_01,nominal,2610,1.10000000,0.50000000,0.03776966,0.57402272,5.45003246,0.03762340,0.57061352,5.45003246
nominal_01,nominal,2610,1.12000000,0.50000000,0.05075228,0.64506719,4.86112307,0.05045140,0.64139960,4.86112307
nominal_01,nominal,2610,1.14000000,0.50000000,0.07023063,0.69629143,4.25439150,0.06445944,0.70040207,4.25439150
nominal_01,nominal,2610,1.16000000,0.50000000,0.07845946,0.74262668,3.87459627,0.07941342,0.74769907,3.87459627
nominal_01,nominal,2610,1.18000000,0.50000000,0.09924059,0.78960696,3.26563454,0.09516032,0.78734528,3.26563454
nominal_01,nominal,2610,1.20000000,0.50000000,0.11195261,0.82302408,2.86973261,0.11147740,0.81585403,2.86973261
nominal_01,nominal,2610,1.22000000,0.50000000,0.12969623,0.84515612,2.43968724,0.12821814,0.83703670,2.43968724
nominal_01,nominal,2610,1.24000000,0.50000000,0.14336280,0.85321488,2.15339526,0.14522948,0.85056693,2.15339526
nominal_01,nominal,2610,1.26000000,0.50000000,0.16488999,0.86620762,1.70094208,0.16240989,0.85902058,1.70094208
nominal_01,nominal,2610,1.28000000,0.50000000,0.17884401,0.86189085,1.47135349,0.17960699,0.85985489,1.47135349
nominal_01,nominal,2610,1.30000000,0.50000000,0.19227632,0.84994822,1.28928520,0.19674560,0.85693079,1.28928520
nominal_01,nominal,2610,1.32000000,0.50000000,0.21175608,0.85362175,0.92028176,0.21376836,0.85113814,0.92028176
nominal_01,nominal,2610,1.34000000,0.50000000,0.23084405,0.84718644,0.60887488,0.23055892,0.83952752,0.60887488
nominal_01,nominal,2610,1.36000000,0.50000000,0.24880449,0.82831502,0.37994407,0.24702325,0.82321690,0.37994407
nominal_01,nominal,2610,1.38000000,0.50000000,0.26480757,0.81072873,0.17982013,0.26309713,0.80369381,0.17982013
nominal_01,nominal,2610,1.40000000,0.50000000,0.28083785,0.78654507,0.01219341,0.27872767,0.78152683,0.01219341
nominal_01,nominal,2610,1.42000000,0.50000000,0.29655437,0.75166030,-0.09628023,0.29387420,0.75732681,-0.09628023
nominal_01,nominal,2610,1.44000000,0.50000000,0.30351911,0.73764402,-0.15156402,0.30851658,0.73211885,-0.15156402
nominal_01,nominal,2610,1.46000000,0.50000000,0.32342235,0.71410371,-0.39212091,0.32265256,0.70679912,-0.39212091
nominal_01,nominal,2610,1.48000000,0.50000000,0.34173161,0.67594440,-0.53089088,0.33621975,0.67835916,-0.53089088
nominal_01,nominal,2610,1.50000000,0.50000000,0.35421379,0.64028960,-0.57729618,0.34919077,0.64855111,-0.57729618
nominal_01,nominal,2610,1.52000000,0.50000000,0.35801820,0.61929817,-0.54081851,0.36156915,0.61891922,-0.54081851
nominal_01,nominal,2610,1.54000000,0.50000000,0.37261986,0.59009198,-0.65761731,0.37338526,0.59080541,-0.65761731
nominal_01,nominal,2610,1.56000000,0.50000000,0.38663897,0.56014488,-0.76022577,0.38461867,0.56167051,-0.76022577
nominal_01,nominal,2610,1.58000000,0.50000000,0.39416738,0.53521554,-0.77109049,0.39525421,0.53177708,-0.77109049
nominal_01,nominal,2610,1.60000000,0.50000000,0.40269965,0.50173459,-0.75726662,0.40530702,0.50264026,-0.75726662
nominal_01,nominal,2610,1.62000000,0.50000000,0.41889709,0.48048235,-0.94255929,0.41479977,0.47463778,-0.94255929
nominal_01,nominal,2610,1.64000000,0.50000000,0.42754628,0.43656485,-0.87865719,0.42368972,0.44449725,-0.87865719
nominal_01,nominal,2610,1.66000000,0.50000000,0.43325332,0.41743866,-0.88575310,0.43201645,0.41633650,-0.88575310
nominal_01,nominal,2610,1.68000000,0.50000000,0.44273160,0.38513629,-0.89485022,0.43979524,0.38893954,-0.89485022
nominal_01,nominal,2610,1.70000000,0.50000000,0.44756852,0.36562386,-0.88435271,0.44704024,0.36224999,-0.88435271
nominal_01,nominal,2610,1.72000000,0.50000000,0.45115566,0.33413195,-0.79146169,0.45377152,0.33656431,-0.79146169
nominal_01,nominal,2610,1.74000000,0.50000000,0.45723707,0.30843310,-0.77243267,0.46003534,0.31319060,-0.77243267
nominal_01,nominal,2610,1.76000000,0.50000000,0.46946722,0.28972212,-0.89902047,0.46585246,0.29085595,-0.89902047
nominal_01,nominal,2610,1.78000000,0.50000000,0.46993216,0.27239862,-0.82077206,0.47119567,0.26716064,-0.82077206
nominal_01,nominal,2610,1.80000000,0.50000000,0.47905005,0.24273058,-0.83655374,0.47610521,0.24547714,-0.83655374
nominal_01,nominal,2610,1.82000000,0.50000000,0.48289768,0.22131266,-0.79872161,0.48058949,0.22421401,-0.79872161
nominal_01,nominal,2610,1.84000000,0.50000000,0.48408228,0.18545224,-0.64074226,0.48467409,0.20422971,-0.64074226
nominal_01,nominal,2610,1.86000000,0.50000000,0.48956035,0.18143489,-0.71926068,0.48842284,0.18743753,-0.71926068
nominal_01,nominal,2610,1.88000000,0.50000000,0.49234823,0.17123179,-0.71842701,0.49182070,0.16989313,-0.71842701
nominal_01,nominal,2610,1.90000000,0.50000000,0.49347371,0.15320808,-0.64856724,0.49487890,0.15290999,-0.64856724
nominal_01,nominal,2610,1.92000000,0.50000000,0.49758432,0.13703571,-0.64169629,0.49763075,0.13759273,-0.64169629
nominal_01,nominal,2610,1.94000000,0.50000000,0.49975032,0.12000286,-0.59552006,0.50008806,0.12286536,-0.59552006
nominal_01,nominal,2610,1.96000000,0.50000000,0.50665361,0.11039014,-0.67171565,0.50227503,0.10934844,-0.67171565
nominal_01,nominal,2610,1.98000000,0.50000000,0.50457110,0.09071445,-0.53585203,0.50417533,0.09501480,-0.53585203
nominal_01,nominal,2610,2.00000000,0.50000000,0.51001131,0.07487791,-0.55459313,0.50584207,0.08333734,-0.55459313
nominal_01,nominal,2610,2.02000000,0.50000000,0.50587233,0.08428028,-0.52710337,0.50727647,0.07171977,-0.52710337
nominal_01,nominal,2610,2.04000000,0.50000000,0.50692117,0.05326181,-0.39089010,0.50849470,0.06091178,-0.39089010
nominal_01,nominal,2610,2.06000000,0.50000000,0.50588313,0.04497082,-0.33075050,0.50954781,0.05265558,-0.33075050
nominal_01,nominal,2610,2.08000000,0.50000000,0.50986085,0.04255244,-0.39025752,0.51046051,0.04563481,-0.39025752
nominal_01,nominal,2610,2.10000000,0.50000000,0.51012107,0.04389017,-0.40163013,0.51121783,0.03786583,-0.40163013
nominal_01,nominal,2610,2.12000000,0.50000000,0.51612912,0.03284528,-0.45455063,0.51182092,0.03015450,-0.45455063
nominal_01,nominal,2610,2.14000000,0.50000000,0.51514169,0.02296047,-0.38735276,0.51225739,0.02182359,-0.38735276
nominal_01,nominal,2610,2.16000000,0.50000000,0.51023979,0.01459617,-0.25729706,0.51255429,0.01484519,-0.25729706
nominal_01,nominal,2610,2.18000000,0.50000000,0.51427836,0.00032802,-0.25865061,0.51275827,0.01019892,-0.25865061
nominal_01,nominal,2610,2.20000000,0.50000000,0.51256086,0.00858439,-0.26901736,0.51287179,0.00567570,-0.26901736
nominal_01,nominal,2610,2.22000000,0.50000000,0.51181431,0.00937484,-0.25953172,0.51289429,0.00112517,-0.25953172
nominal_01,nominal,2610,2.24000000,0.50000000,0.51163895,-0.00736724,-0.17266488,0.51283171,-0.00312911,-0.17266488
nominal_01,nominal,2610,2.26000000,0.50000000,0.51232960,-0.00935218,-0.17517194,0.51271494,-0.00583839,-0.17517194
nominal_01,nominal,2610,2.28000000,0.50000000,0.51731029,-0.01405457,-0.24131229,0.51254486,-0.00850385,-0.24131229
nominal_01,nominal,2610,2.30000000,0.50000000,0.51264060,-0.01866579,-0.13420182,0.51230164,-0.01216133,-0.13420182
nominal_01,nominal,2610,2.32000000,0.50000000,0.50969560,-0.01402795,-0.10438114,0.51202237,-0.01396336,-0.10438114
nominal_01,nominal,2610,2.34000000,0.50000000,0.51465954,-0.01470099,-0.19036675,0.51171788,-0.01522434,-0.19036675
nominal_01,nominal,2610,2.36000000,0.50000000,0.50801748,-0.01856672,-0.05148107,0.51136101,-0.01784380,-0.05148107
nominal_01,nominal,2610,2.38000000,0.50000000,0.50736445,-0.01496042,-0.05775800,0.51099853,-0.01812366,-0.05775800
nominal_01,nominal,2610,2.40000000,0.50000000,0.51194720,-0.02396133,-0.09524292,0.51062860,-0.01849682,-0.09524292
nominal_01,nominal,2610,2.42000000,0.50000000,0.51331709,-0.01945558,-0.14242974,0.51023924,-0.01946771,-0.14242974
nominal_01,nominal,2610,2.44000000,0.50000000,0.51162683,-0.02057661,-0.10639990,0.50981573,-0.02117540,-0.10639990
nominal_01,nominal,2610,2.46000000,0.50000000,0.51187302,-0.01683888,-0.12951991,0.50937085,-0.02224405,-0.12951991
nominal_01,nominal,2610,2.48000000,0.50000000,0.50769600,-0.03094142,0.01617911,0.50889775,-0.02365520,0.01617911
nominal_01,nominal,2610,2.50000000,0.50000000,0.51186551,-0.03318306,-0.04766388,0.50844467,-0.02265369,-0.04766388
nominal_01,nominal,2610,2.52000000,0.50000000,0.51585188,-0.02480066,-0.16133061,0.50799025,-0.02272134,-0.16133061
nominal_01,nominal,2610,2.54000000,0.50000000,0.50441874,-0.02802087,0.06056705,0.50749755,-0.02463472,0.06056705
nominal_01,nominal,2610,2.56000000,0.50000000,0.50881299,-0.03559327,0.01933257,0.50703993,-0.02288103,0.01933257
nominal_01,nominal,2610,2.58000000,0.50000000,0.50036419,-0.03031566,0.14502289,0.50660288,-0.02185243,0.14502289
nominal_01,nominal,2610,2.60000000,0.50000000,0.50874486,-0.02109301,-0.05194240,0.50622663,-0.01881262,-0.05194240
nominal_01,nominal,2610,2.62000000,0.50000000,0.50249360,-0.01576626,0.03394652,0.50584524,-0.01906973,0.03394652
nominal_01,nominal,2610,2.64000000,0.50000000,0.50354924,-0.02798717,0.07604949,0.50548679,-0.01792254,0.07604949
nominal_01,nominal,2610,2.66000000,0.50000000,0.50591546,-0.01203024,-0.04632717,0.50516425,-0.01612670,-0.04632717
nominal_01,nominal,2610,2.68000000,0.50000000,0.50240802,-0.02649912,0.08915130,0.50483672,-0.01637638,0.08915130
nominal_01,nominal,2610,2.70000000,0.50000000,0.50802755,-0.02608428,-0.01407444,0.50454841,-0.01441582,-0.01407444
nominal_01,nominal,2610,2.72000000,0.50000000,0.50296887,-0.01053782,-0.00075058,0.50426452,-0.01419458,-0.00075058
nominal_01,nominal,2610,2.74000000,0.50000000,0.50191119,-0.01423940,0.03679555,0.50398924,-0.01376365,0.03679555
nominal_01,nominal,2610,2.76000000,0.50000000,0.50528710,-0.00902276,-0.05005396,0.50373453,-0.01273579,-0.05005396
nominal_01,nominal,2610,2.78000000,0.50000000,0.50255447,-0.00972901,0.00266458,0.50347149,-0.01315191,0.00266458
nominal_01,nominal,2610,2.80000000,0.50000000,0.50526603,-0.01173894,-0.03609374,0.50321753,-0.01269800,-0.03609374
nominal_01,nominal,2610,2.82000000,0.50000000,0.50315553,-0.01275801,0.00699046,0.50295976,-0.01288836,0.00699046
nominal_01,nominal,2610,2.84000000,0.50000000,0.49814354,-0.02827977,0.17481504,0.50271232,-0.01237236,0.17481504
nominal_01,nominal,2610,2.86000000,0.50000000,0.50484709,0.00122165,-0.09335594,0.50252943,-0.00914418,-0.09335594
nominal_01,nominal,2610,2.88000000,0.50000000,0.50148038,-0.00605456,0.00362591,0.50232190,-0.01037638,0.00362591
nominal_01,nominal,2610,2.90000000,0.50000000,0.50316961,-0.00930037,-0.01055108,0.50212203,-0.00999349,-0.01055108
nominal_01,nominal,2610,2.92000000,0.50000000,0.50140856,-0.00248618,-0.01292327,0.50192497,-0.00985304,-0.01292327
nominal_01,nominal,2610,2.94000000,0.50000000,0.50764602,-0.02117414,-0.03175774,0.50172986,-0.00975553,-0.03175774
nominal_01,nominal,2610,2.96000000,0.50000000,0.49959079,-0.01220825,0.06840695,0.50153052,-0.00996725,0.06840695
nominal_01,nominal,2610,2.98000000,0.50000000,0.50454578,-0.00722612,-0.04569347,0.50135964,-0.00854401,-0.04569347
nominal_01,nominal,2610,3.00000000,-0.30000000,0.50362671,-0.00463821,-12.00000000,0.50117924,-0.00902011,-12.00000000
nominal_01,nominal,2610,3.02000000,-0.30000000,0.50159902,-0.20866842,-12.00000000,0.49710284,-0.20381967,-12.00000000
nominal_01,nominal,2610,3.04000000,-0.30000000,0.49251635,-0.39073247,-12.00000000,0.48925209,-0.39253785,-12.00000000
nominal_01,nominal,2610,3.06000000,-0.30000000,0.47966870,-0.57774572,-11.14530805,0.47774480,-0.57536450,-11.14530805
nominal_01,nominal,2610,3.08000000,-0.30000000,0.46187410,-0.74055236,-10.01097204,0.46297302,-0.73858901,-10.01097204
nominal_01,nominal,2610,3.10000000,-0.30000000,0.44191774,-0.87565866,-8.97622600,0.44540747,-0.87827723,-8.97622600
nominal_01,nominal,2610,3.12000000,-0.30000000,0.42937260,-1.00414712,-8.10797111,0.42547181,-0.99678294,-8.10797111
nominal_01,nominal,2610,3.14000000,-0.30000000,0.40160591,-1.09697215,-7.14404568,0.40352233,-1.09747405,-7.14404568
nominal_01,nominal,2610,3.16000000,-0.30000000,0.37558134,-1.18616916,-6.22961838,0.37993530,-1.17935141,-6.22961838
nominal_01,nominal,2610,3.18000000,-0.30000000,0.35397287,-1.24662865,-5.53836848,0.35505916,-1.24380703,-5.53836848
nominal_01,nominal,2610,3.20000000,-0.30000000,0.33250112,-1.28743206,-4.94785994,0.32915890,-1.29501295,-4.94785994
nominal_01,nominal,2610,3.22000000,-0.30000000,0.30827515,-1.32751677,-4.31136887,0.30245849,-1.33502053,-4.31136887
nominal_01,nominal,2610,3.24000000,-0.30000000,0.27485526,-1.36657716,-3.51450882,0.27518986,-1.36343184,-3.51450882
nominal_01,nominal,2610,3.26000000,-0.30000000,0.24633354,-1.37479701,-2.96001869,0.24762982,-1.37800181,-2.96001869
nominal_01,nominal,2610,3.28000000,-0.30000000,0.22222964,-1.38487741,-2.47574654,0.21996776,-1.38310272,-2.47574654
nominal_01,nominal,2610,3.30000000,-0.30000000,0.19565977,-1.37722351,-2.03575826,0.19236433,-1.38017169,-2.03575826
nominal_01,nominal,2610,3.32000000,-0.30000000,0.16750735,-1.36692712,-1.58049670,0.16496074,-1.37017938,-1.58049670
nominal_01,nominal,2610,3.34000000,-0.30000000,0.13461641,-1.35585588,-1.04381602,0.13789879,-1.35309793,-1.04381602
nominal_01,nominal,2610,3.36000000,-0.30000000,0.10777364,-1.32151301,-0.73236039,0.11134228,-1.32782505,-0.73236039
nominal_01,nominal,2610,3.38000000,-0.30000000,0.08329837,-1.29975971,-0.40057219,0.08537673,-1.29827790,-0.40057219
nominal_01,nominal,2610,3.40000000,-0.30000000,0.06112270,-1.25402108,-0.23010328,0.06009154,-1.26425937,-0.23010328
nominal_01,nominal,2610,3.42000000,-0.30000000,0.03187205,-1.22739364,0.16327133,0.03552091,-1.22853158,0.16327133
nominal_01,nominal,2610,3.44000000,-0.30000000,0.01380777,-1.19636622,0.33329130,0.01177042,-1.18752416,0.33329130
nominal_01,nominal,2610,3.46000000,-0.30000000,-0.01277703,-1.14621557,0.56106433,-0.01113024,-1.14503297,0.56106433
nominal_01,nominal,2610,3.48000000,-0.30000000,-0.03042136,-1.10847447,0.68995687,-0.03313354,-1.10016545,0.68995687
nominal_01,nominal,2610,3.50000000,-0.30000000,-0.05338421,-1.06395831,0.88070729,-0.05422561,-1.05460326,0.88070729
nominal_01,nominal,2610,3.52000000,-0.30000000,-0.07668947,-1.00387959,0.99980830,-0.07437286,-1.00736247,0.99980830
nominal_01,nominal,2610,3.54000000,-0.30000000,-0.09690220,-0.95924884,1.14048379,-0.09356606,-0.95966029,1.14048379
nominal_01,nominal,2610,3.56000000,-0.30000000,-0.10596064,-0.91445092,1.07954616,-0.11178927,-0.91116037,1.07954616
nominal_01,nominal,2610,3.58000000,-0.30000000,-0.12965580,-0.86361603,1.25188461,-0.12909258,-0.86516521,1.25188461
nominal_01,nominal,2610,3.60000000,-0.30000000,-0.14546312,-0.81019610,1.26931671,-0.14544866,-0.81780429,1.26931671
nominal_01,nominal,2610,3.62000000,-0.30000000,-0.15935687,-0.77179188,1.32738302,-0.16088143,-0.77163853,1.32738302
nominal_01,nominal,2610,3.64000000,-0.30000000,-0.16985508,-0.73190594,1.31692113,-0.17540083,-0.72597003,1.31692113
nominal_01,nominal,2610,3.66000000,-0.30000000,-0.18699092,-0.68483686,1.39002093,-0.18903878,-0.68189732,1.39002093
nominal_01,nominal,2610,3.68000000,-0.30000000,-0.20381252,-0.64005813,1.46891604,-0.20179902,-0.63801213,1.46891604
nominal_01,nominal,2610,3.70000000,-0.30000000,-0.21434710,-0.59755907,1.44604309,-0.21368331,-0.59421441,1.44604309
nominal_01,nominal,2610,3.72000000,-0.30000000,-0.22204832,-0.56456319,1.41968579,-0.22472643,-0.55215583,1.41968579
nominal_01,nominal,2610,3.74000000,-0.30000000,-0.23503116,-0.51065513,1.38383659,-0.23496320,-0.51183875,1.38383659
nominal_01,nominal,2610,3.76000000,-0.30000000,-0.24761832,-0.47292330,1.42174630,-0.24443046,-0.47336311,1.42174630
nominal_01,nominal,2610,3.78000000,-0.30000000,-0.25515759,-0.43502013,1.36793733,-0.25313991,-0.43547234,1.36793733
nominal_01,nominal,2610,3.80000000,-0.30000000,-0.26166312,-0.40501841,1.33502824,-0.26113270,-0.39963923,1.33502824
nominal_01,nominal,2610,3.82000000,-0.30000000,-0.27227244,-0.36574633,1.32963554,-0.26844189,-0.36545978,1.32963554
nominal_01,nominal,2610,3.84000000,-0.30000000,-0.27304567,-0.33318744,1.18075929,-0.27509059,-0.33243503,1.18075929
nominal_01,nominal,2610,3.86000000,-0.30000000,-0.28042271,-0.29768199,1.13601875,-0.28114782,-0.30286152,1.13601875
nominal_01,nominal,2610,3.88000000,-0.30000000,-0.28784165,-0.28136627,1.18798112,-0.28664659,-0.27493859,1.18798112
nominal_01,nominal,2610,3.90000000,-0.30000000,-0.28939450,-0.25497966,1.08399935,-0.29158745,-0.24704264,1.08399935
nominal_01,nominal,2610,3.92000000,-0.30000000,-0.30020932,-0.22708148,1.13917519,-0.29602161,-0.22170797,1.13917519
nominal_01,nominal,2610,3.94000000,-0.30000000,-0.29709102,-0.19120544,0.90366564,-0.29994695,-0.19626723,0.90366564
nominal_01,nominal,2610,3.96000000,-0.30000000,-0.30817138,-0.17066972,1.00043336,-0.30345594,-0.17544935,1.00043336
nominal_01,nominal,2610,3.98000000,-0.30000000,-0.30541865,-0.15973645,0.89621787,-0.30653010,-0.15370824,0.89621787
nominal_01,nominal,2610,4.00000000,-0.30000000,-0.30823175,-0.13309526,0.81364787,-0.30921690,-0.13434007,0.81364787
nominal_01,nominal,2610,4.02000000,-0.30000000,-0.30973665,-0.11462638,0.74839169,-0.31155528,-0.11691887,0.74839169
nominal_01,nominal,2610,4.04000000,-0.30000000,-0.31611774,-0.10486258,0.81443214,-0.31357733,-0.10110239,0.81443214
nominal_01,nominal,2610,4.06000000,-0.30000000,-0.31653122,-0.08312205,0.71317211,-0.31527145,-0.08470607,0.71317211
nominal_01,nominal,2610,4.08000000,-0.30000000,-0.32000415,-0.07729675,0.74655839,-0.31668081,-0.07046779,0.74655839
nominal_01,nominal,2610,4.10000000,-0.30000000,-0.31782144,-0.05242619,0.58291687,-0.31780343,-0.05613125,0.58291687
nominal_01,nominal,2610,4.12000000,-0.30000000,-0.32310085,-0.04280036,0.62981712,-0.31870148,-0.04490257,0.62981712
nominal_01,nominal,2610,4.14000000,-0.30000000,-0.31889789,-0.03216962,0.50101011,-0.31936672,-0.03326198,0.50101011
nominal_01,nominal,2610,4.16000000,-0.30000000,-0.31537779,-0.02570999,0.40535028,-0.31984830,-0.02407878,0.40535028
nominal_01,nominal,2610,4.18000000,-0.30000000,-0.31665120,-0.01770383,0.38824071,-0.32018305,-0.01673739,0.38824071
nominal_01,nominal,2610,4.20000000,-0.30000000,-0.32041685,-0.00416444,0.38832557,-0.32038111,-0.00990333,0.38832557
nominal_01,nominal,2610,4.22000000,-0.30000000,-0.32005988,-0.00833378,0.40274670,-0.32044674,-0.00328125,0.40274670
nominal_01,nominal,2610,4.24000000,-0.30000000,-0.32167260,0.01304756,0.32486908,-0.32037937,0.00336855,0.32486908
nominal_01,nominal,2610,4.26000000,-0.30000000,-0.32315045,0.00571710,0.38812266,-0.32020847,0.00854471,0.38812266
nominal_01,nominal,2610,4.28000000,-0.30000000,-0.31596607,0.00527443,0.26101711,-0.31991672,0.01458757,0.26101711
nominal_01,nominal,2610,4.30000000,-0.30000000,-0.32004518,0.03501105,0.18575790,-0.31954921,0.01837546,0.18575790
nominal_01,nominal,2610,4.32000000,-0.30000000,-0.32526807,0.01375888,0.38603082,-0.31913278,0.02082162,0.38603082
nominal_01,nominal,2610,4.34000000,-0.30000000,-0.32352898,0.02238946,0.31157440,-0.31860383,0.02644721,0.31157440
nominal_01,nominal,2610,4.36000000,-0.30000000,-0.31799864,0.02968553,0.17554785,-0.31799010,0.03068676,0.17554785
nominal_01,nominal,2610,4.38000000,-0.30000000,-0.31773247,0.02016023,0.21838333,-0.31733845,0.03258259,0.21838333
nominal_01,nominal,2610,4.40000000,-0.30000000,-0.31319099,0.03809746,0.04695058,-0.31663613,0.03511562,0.04695058
nominal_01,nominal,2610,4.42000000,-0.30000000,-0.31522171,0.03779471,0.08501725,-0.31594048,0.03478262,0.08501725
nominal_01,nominal,2610,4.44000000,-0.30000000,-0.31358460,0.03642216,0.06241193,-0.31523891,0.03507885,0.06241193
nominal_01,nominal,2610,4.46000000,-0.30000000,-0.30835563,0.04391870,-0.06919209,-0.31453894,0.03499835,-0.06919209
nominal_01,nominal,2610,4.48000000,-0.30000000,-0.31364581,0.03620352,0.06460700,-0.31388332,0.03278091,0.06460700
nominal_01,nominal,2610,4.50000000,-0.30000000,-0.31344390,0.03369146,0.07353296,-0.31322716,0.03280783,0.07353296
nominal_01,nominal,2610,4.52000000,-0.30000000,-0.30903599,0.02840876,0.02060396,-0.31256758,0.03297903,0.02060396
nominal_01,nominal,2610,4.54000000,-0.30000000,-0.31837125,0.03295605,0.16590221,-0.31192189,0.03228442,0.16590221
nominal_01,nominal,2610,4.56000000,-0.30000000,-0.31014508,0.02859633,0.03962972,-0.31124242,0.03397357,0.03962972
nominal_01,nominal,2610,4.58000000,-0.30000000,-0.31261559,0.03260476,0.06405687,-0.31057128,0.03355721,0.06405687
nominal_01,nominal,2610,4.60000000,-0.30000000,-0.31142839,0.03000272,0.05569738,-0.30990026,0.03355096,0.05569738
nominal_01,nominal,2610,4.62000000,-0.30000000,-0.30671465,0.03513574,-0.05481508,-0.30923208,0.03340900,-0.05481508
nominal_01,nominal,2610,4.64000000,-0.30000000,-0.30828594,0.03688078,-0.03525694,-0.30860258,0.03147490,-0.03525694
nominal_01,nominal,2610,4.66000000,-0.30000000,-0.30727900,0.02869793,-0.01246769,-0.30800420,0.02991913,-0.01246769
nominal_01,nominal,2610,4.68000000,-0.30000000,-0.30923889,0.01793642,0.07661796,-0.30742855,0.02878241,0.07661796
nominal_01,nominal,2610,4.70000000,-0.30000000,-0.30320921,0.02682809,-0.07637465,-0.30684596,0.02912942,-0.07637465
nominal_01,nominal,2610,4.72000000,-0.30000000,-0.30402673,0.01559035,-0.00547055,-0.30630639,0.02697843,-0.00547055
nominal_01,nominal,2610,4.74000000,-0.30000000,-0.30644248,0.02055676,0.01318079,-0.30578545,0.02604727,0.01318079
nominal_01,nominal,2610,4.76000000,-0.30000000,-0.30317350,0.03330090,-0.10938149,-0.30527648,0.02544838,-0.10938149
nominal_01,nominal,2610,4.78000000,-0.30000000,-0.30507925,0.01415028,0.02067502,-0.30481897,0.02287573,0.02067502
nominal_01,nominal,2610,4.80000000,-0.30000000,-0.29816260,0.02360551,-0.15110078,-0.30436901,0.02249769,-0.15110078
nominal_01,nominal,2610,4.82000000,-0.30000000,-0.30343647,0.02164714,-0.04637927,-0.30398223,0.01933893,-0.04637927
nominal_01,nominal,2610,4.84000000,-0.30000000,-0.31109073,0.02004744,0.09939596,-0.30362261,0.01798122,0.09939596
nominal_01,nominal,2610,4.86000000,-0.30000000,-0.30668266,0.01028592,0.06885838,-0.30324190,0.01903572,0.06885838
nominal_01,nominal,2610,4.88000000,-0.30000000,-0.30525769,0.00997504,0.04476332,-0.30285068,0.01956087,0.04476332
nominal_01,nominal,2610,4.90000000,-0.30000000,-0.29711466,0.01124146,-0.10814336,-0.30245712,0.01967791,-0.10814336
nominal_01,nominal,2610,4.92000000,-0.30000000,-0.29624753,0.01961413,-0.16561503,-0.30211101,0.01730553,-0.16561503
nominal_01,nominal,2610,4.94000000,-0.30000000,-0.29846866,0.01420796,-0.09860392,-0.30182955,0.01407291,-0.09860392
nominal_01,nominal,2610,4.96000000,-0.30000000,-0.29708627,0.02165698,-0.16073202,-0.30158894,0.01203059,-0.16073202
nominal_01,nominal,2610,4.98000000,-0.30000000,-0.30489566,0.00552750,0.06048435,-0.30140810,0.00904203,0.06048435
nominal_01,nominal,2610,5.00000000,0.80000000,-0.30336196,0.00271083,12.00000000,-0.30121324,0.00974303,12.00000000
nominal_01,nominal,2610,5.02000000,0.80000000,-0.30041010,0.20390449,12.00000000,-0.29712284,0.20452003,12.00000000
nominal_01,nominal,2610,5.04000000,0.80000000,-0.28945443,0.39264850,12.00000000,-0.28925851,0.39321634,12.00000000
nominal_01,nominal,2610,5.06000000,0.80000000,-0.28096306,0.57443006,12.00000000,-0.27773807,0.57602180,12.00000000
nominal_01,nominal,2610,5.08000000,0.80000000,-0.26336676,0.75198245,12.00000000,-0.26267567,0.75312032,12.00000000
nominal_01,nominal,2610,5.10000000,0.80000000,-0.24619541,0.93601134,12.00000000,-0.24418187,0.92469005,12.00000000
nominal_01,nominal,2610,5.12000000,0.80000000,-0.22295160,1.08661460,12.00000000,-0.22236380,1.09090360,12.00000000
nominal_01,nominal,2610,5.14000000,0.80000000,-0.19692733,1.24902383,11.69957286,-0.19732523,1.25192817,11.69957286
nominal_01,nominal,2610,5.16000000,0.80000000,-0.16979722,1.40133145,10.44969272,-0.16926440,1.40304180,10.44969272
nominal_01,nominal,2610,5.18000000,0.80000000,-0.14166018,1.52576394,9.32106345,-0.13868202,1.52911886,9.32106345
nominal_01,nominal,2610,5.20000000,0.80000000,-0.10423012,1.62795355,8.13637440,-0.10602378,1.63291209,8.13637440
nominal_01,nominal,2610,5.22000000,0.80000000,-0.06715660,1.70989640,7.05933684,-0.07173966,1.71420582,7.05933684
nominal_01,nominal,2610,5.24000000,0.80000000,-0.03351594,1.77880158,6.10927900,-0.03623061,1.77545253,6.10927900
nominal_01,nominal,2610,5.26000000,0.80000000,0.00036574,1.81541200,5.31635670,0.00015624,1.81934232,5.31635670
nominal_01,nominal,2610,5.28000000,0.80000000,0.03884876,1.84047833,4.49833077,0.03713567,1.84897159,4.49833077
nominal_01,nominal,2610,5.30000000,0.80000000,0.07398395,1.86316933,3.75244233,0.07442322,1.86437741,3.75244233
nominal_01,nominal,2610,5.32000000,0.80000000,0.11005956,1.87608618,3.03849708,0.11176675,1.86717655,3.03849708
nominal_01,nominal,2610,5.34000000,0.80000000,0.15017637,1.85353867,2.42913192,0.14893239,1.85828187,2.42913192
nominal_01,nominal,2610,5.36000000,0.80000000,0.18720939,1.85062694,1.77709637,0.18572756,1.83975856,1.77709637
nominal_01,nominal,2610,5.38000000,0.80000000,0.21942962,1.80601087,1.42021253,0.22195183,1.81121354,1.42021253
nominal_01,nominal,2610,5.40000000,0.80000000,0.25671822,1.77519688,0.90308769,0.25750698,1.77775788,0.90308769
nominal_01,nominal,2610,5.42000000,0.80000000,0.29197259,1.73642303,0.46237815,0.29224578,1.73693989,0.46237815
nominal_01,nominal,2610,5.44000000,0.80000000,0.32399691,1.68023209,0.16689509,0.32605042,1.69023167,0.16689509
nominal_01,nominal,2610,5.46000000,0.80000000,0.35503624,1.64549108,-0.21810779,0.35885398,1.64017802,-0.21810779
nominal_01,nominal,2610,5.48000000,0.80000000,0.38967915,1.57738252,-0.50113724,0.39056254,1.58542808,-0.50113724
nominal_01,nominal,2610,5.50000000,0.80000000,0.41903583,1.53012021,-0.79324601,0.42111826,1.52778622,-0.79324601
nominal_01,nominal,2610,5.52000000,0.80000000,0.44562647,1.46081748,-0.92536394,0.45046216,1.46719512,-0.92536394
nominal_01,nominal,2610,5.54000000,0.80000000,0.47709549,1.40943154,-1.23487661,0.47858912,1.40634778,-1.23487661
nominal_01,nominal,2610,5.56000000,0.80000000,0.50619186,1.35078193,-1.46536305,0.50543649,1.34236834,-1.46536305
nominal_01,nominal,2610,5.58000000,0.80000000,0.53208910,1.27804518,-1.56782963,0.53096927,1.27663930,-1.56782963
nominal_01,nominal,2610,5.60000000,0.80000000,0.55704936,1.20212163,-1.63749666,0.55519520,1.21129645,-1.63749666
nominal_01,nominal,2610,5.62000000,0.80000000,0.57647061,1.14541369,-1.70353943,0.57813242,1.14686096,-1.70353943
nominal_01,nominal,2610,5.64000000,0.80000000,0.59890503,1.08087072,-1.78464415,0.59979969,1.08336343,-1.78464415
nominal_01,nominal,2610,5.66000000,0.80000000,0.61736975,1.03852107,-1.90526082,0.62021028,1.02052970,-1.90526082
nominal_01,nominal,2610,5.68000000,0.80000000,0.64058026,0.95597475,-1.91031844,0.63936422,0.95769672,-1.91031844
nominal_01,nominal,2610,5.70000000,0.80000000,0.65363317,0.89344510,-1.83262261,0.65729908,0.89674309,-1.83262261
nominal_01,nominal,2610,5.72000000,0.80000000,0.67541949,0.83632143,-1.93915798,0.67407819,0.83895543,-1.93915798
nominal_01,nominal,2610,5.74000000,0.80000000,0.69253111,0.78681428,-1.99963128,0.68970299,0.78123990,-1.99963128
nominal_01,nominal,2610,5.76000000,0.80000000,0.70293427,0.73924760,-1.94905481,0.70418985,0.72434308,-1.94905481
nominal_01,nominal,2610,5.78000000,0.80000000,0.72153707,0.66521498,-1.91374210,0.71759074,0.67004471,-1.91374210
nominal_01,nominal,2610,5.80000000,0.80000000,0.72786114,0.61394569,-1.77122888,0.72995105,0.61801554,-1.77122888
nominal_01,nominal,2610,5.82000000,0.80000000,0.74641570,0.57333618,-1.90216351,0.74134960,0.56992746,-1.90216351
nominal_01,nominal,2610,5.84000000,0.80000000,0.74812173,0.52599013,-1.69614187,0.75177384,0.52121204,-1.69614187
nominal_01,nominal,2610,5.86000000,0.80000000,0.76038738,0.46865731,-1.63025940,0.76132118,0.47736671,-1.63025940
nominal_01,nominal,2610,5.88000000,0.80000000,0.77340050,0.44861669,-1.76429245,0.77004040,0.43596120,-1.76429245
nominal_01,nominal,2610,5.90000000,0.80000000,0.77771650,0.40260956,-1.61194479,0.77791379,0.39366938,-1.61194479
nominal_01,nominal,2610,5.92000000,0.80000000,0.78723108,0.34699998,-1.50515930,0.78501728,0.35517453,-1.50515930
nominal_01,nominal,2610,5.94000000,0.80000000,0.78746988,0.31823453,-1.36563049,0.79140963,0.31961743,-1.36563049
nominal_01,nominal,2610,5.96000000,0.80000000,0.79134734,0.28616842,-1.27509426,0.79715840,0.28743866,-1.27509426
nominal_01,nominal,2610,5.98000000,0.80000000,0.79614511,0.25469056,-1.20406479,0.80231313,0.25773629,-1.20406479
nominal_01,nominal,2610,6.00000000,0.80000000,0.80641777,0.23160210,-1.27353028,0.80691545,0.23011590,-1.27353028
nominal_01,nominal,2610,6.02000000,0.80000000,0.80948755,0.20205434,-1.18104762,0.81096002,0.20222851,-1.18104762
nominal_01,nominal,2610,6.04000000,0.80000000,0.81147500,0.16963408,-1.05472040,0.81449432,0.17671518,-1.05472040
nominal_01,nominal,2610,6.06000000,0.80000000,0.81869605,0.14796381,-1.07634788,0.81757536,0.15405203,-1.07634788
nominal_01,nominal,2610,6.08000000,0.80000000,0.81894750,0.12414051,-0.96175763,0.82021026,0.13174479,-0.96175763
nominal_01,nominal,2610,6.10000000,0.80000000,0.82136438,0.11044099,-0.93676369,0.82245019,0.11199682,-0.93676369
nominal_01,nominal,2610,6.12000000,0.80000000,0.82422478,0.10185564,-0.94532425,0.82431563,0.09327168,-0.94532425
nominal_01,nominal,2610,6.14000000,0.80000000,0.82984661,0.07736899,-0.92408388,0.82581546,0.07499195,-0.92408388
nominal_01,nominal,2610,6.16000000,0.80000000,0.83112424,0.05302846,-0.82537853,0.82696803,0.05762819,-0.82537853
nominal_01,nominal,2610,6.18000000,0.80000000,0.82397721,0.04371994,-0.65018949,0.82781625,0.04241113,-0.65018949
nominal_01,nominal,2610,6.20000000,0.80000000,0.82526377,0.03490526,-0.62927411,0.82842659,0.03051713,-0.62927411
nominal_01,nominal,2610,6.22000000,0.80000000,0.82760673,0.02132342,-0.60353820,0.82881328,0.01933447,-0.60353820
nominal_01,nominal,2610,6.24000000,0.80000000,0.82489108,0.01559942,-0.52603660,0.82899167,0.00891929,-0.52603660
nominal_01,nominal,2610,6.26000000,0.80000000,0.82457376,0.00936578,-0.48915664,0.82899345,0.00008919,-0.48915664
nominal_01,nominal,2610,6.28000000,0.80000000,0.83009192,-0.01502820,-0.46651354,0.82883614,-0.00786570,-0.46651354
nominal_01,nominal,2610,6.30000000,0.80000000,0.83352942,-0.02347724,-0.48614335,0.82853206,-0.01520414,-0.48614335
nominal_01,nominal,2610,6.32000000,0.80000000,0.82717742,-0.02221032,-0.37814190,0.82807940,-0.02263261,-0.37814190
nominal_01,nominal,2610,6.34000000,0.80000000,0.83366184,-0.02868847,-0.46247086,0.82751794,-0.02807341,-0.46247086
nominal_01,nominal,2610,6.36000000,0.80000000,0.82303967,-0.03751885,-0.22711985,0.82682363,-0.03471527,-0.22711985
nominal_01,nominal,2610,6.38000000,0.80000000,0.82276169,-0.03812500,-0.21908540,0.82607715,-0.03732374,-0.21908540
nominal_01,nominal,2610,6.40000000,0.80000000,0.82351238,-0.04591148,-0.19366535,0.82528275,-0.03972016,-0.19366535
nominal_01,nominal,2610,6.42000000,0.80000000,0.82137302,-0.04250210,-0.17220393,0.82445018,-0.04162852,-0.17220393
nominal_01,nominal,2610,6.44000000,0.80000000,0.82818277,-0.03506351,-0.33197232,0.82358761,-0.04312841,-0.33197232
nominal_01,nominal,2610,6.46000000,0.80000000,0.82646634,-0.05905929,-0.18109769,0.82264404,-0.04717880,-0.18109769
nominal_01,nominal,2610,6.48000000,0.80000000,0.82532298,-0.03635671,-0.27403007,0.82167104,-0.04865000,-0.27403007
nominal_01,nominal,2610,6.50000000,0.80000000,0.82282191,-0.06430858,-0.08925138,0.82063932,-0.05158605,-0.08925138
nominal_01,nominal,2610,6.52000000,0.80000000,0.82014006,-0.05406171,-0.09221248,0.81961079,-0.05142654,-0.09221248
nominal_01,nominal,2610,6.54000000,0.80000000,0.81760493,-0.05274640,-0.05315675,0.81858438,-0.05132015,-0.05315675
nominal_01,nominal,2610,6.56000000,0.80000000,0.81770684,-0.05928340,-0.02230609,0.81757274,-0.05058216,-0.02230609
nominal_01,nominal,2610,6.58000000,0.80000000,0.81524621,-0.05228519,-0.01300588,0.81658543,-0.04936567,-0.01300588
nominal_01,nominal,2610,6.60000000,0.80000000,0.81679298,-0.03880489,-0.10824917,0.81562471,-0.04803597,-0.10824917
nominal_01,nominal,2610,6.62000000,0.80000000,0.81389966,-0.05525547,0.02608346,0.81465878,-0.04829614,0.02608346
nominal_01,nominal,2610,6.64000000,0.80000000,0.81142323,-0.04338918,0.01132780,0.81373150,-0.04636436,0.01132780
nominal_01,nominal,2610,6.66000000,0.80000000,0.81189757,-0.04491779,0.01043271,0.81283684,-0.04473277,0.01043271
nominal_01,nominal,2610,6.68000000,0.80000000,0.81070535,-0.04395112,0.02705932,0.81197351,-0.04316667,0.02705932
nominal_01,nominal,2610,6.70000000,0.80000000,0.81351328,-0.04075439,-0.03946706,0.81114592,-0.04137917,-0.03946706
nominal_01,nominal,2610,6.72000000,0.80000000,0.81119098,-0.03717927,-0.01554136,0.81033134,-0.04072897,-0.01554136
nominal_01,nominal,2610,6.74000000,0.80000000,0.81231881,-0.04424422,-0.00051750,0.80953714,-0.03971012,-0.00051750
nominal_01,nominal,2610,6.76000000,0.80000000,0.81048450,-0.04252025,0.02388019,0.80876757,-0.03847883,0.02388019
nominal_01,nominal,2610,6.78000000,0.80000000,0.80357441,-0.03919668,0.13164403,0.80802978,-0.03688936,0.13164403
nominal_01,nominal,2610,6.80000000,0.80000000,0.80286968,-0.04254234,0.16105751,0.80735783,-0.03359762,0.16105751
nominal_01,nominal,2610,6.82000000,0.80000000,0.81140220,-0.03218493,-0.04431494,0.80675922,-0.02993047,-0.04431494
nominal_01,nominal,2610,6.84000000,0.80000000,0.81052955,-0.03014604,-0.03880169,0.80616489,-0.02971650,-0.03880169
nominal_01,nominal,2610,6.86000000,0.80000000,0.80821701,-0.03004270,0.00230729,0.80557650,-0.02941958,0.00230729
nominal_01,nominal,2610,6.88000000,0.80000000,0.80859273,-0.03108314,0.00074657,0.80500722,-0.02846363,0.00074657
nominal_01,nominal,2610,6.90000000,0.80000000,0.80242612,-0.02895659,0.10111273,0.80445596,-0.02756289,0.10111273
nominal_01,nominal,2610,6.92000000,0.80000000,0.80200276,-0.03390193,0.13345990,0.80395479,-0.02505865,0.13345990
nominal_01,nominal,2610,6.94000000,0.80000000,0.80245642,-0.02694561,0.09051254,0.80351266,-0.02210672,0.09051254
nominal_01,nominal,2610,6.96000000,0.80000000,0.80501270,-0.02124756,0.01600921,0.80311375,-0.01994514,0.01600921
nominal_01,nominal,2610,6.98000000,0.80000000,0.80153224,-0.01624459,0.05364258,0.80273251,-0.01906222,0.05364258
nominal_01,nominal,2610,7.00000000,0.80000000,0.80675436,-0.02174537,-0.01285163,0.80238061,-0.01759507,-0.01285163
nominal_01,nominal,2610,7.02000000,0.80000000,0.80106979,-0.02603222,0.11090495,0.80203551,-0.01725470,0.11090495
nominal_01,nominal,2610,7.04000000,0.80000000,0.80640638,-0.01172500,-0.05668979,0.80173725,-0.01491307,-0.05668979
nominal_01,nominal,2610,7.06000000,0.80000000,0.80500030,-0.01619862,-0.00901224,0.80142987,-0.01536910,-0.00901224
nominal_01,nominal,2610,7.08000000,0.80000000,0.80140550,-0.00872398,0.01832086,0.80112916,-0.01503581,0.01832086
nominal_01,nominal,2610,7.10000000,0.80000000,0.80586647,-0.01535814,-0.02880579,0.80084378,-0.01426857,-0.02880579
nominal_01,nominal,2610,7.12000000,0.80000000,0.80336302,-0.01741238,0.02652745,0.80055796,-0.01429141,0.02652745
nominal_01,nominal,2610,7.14000000,0.80000000,0.80259669,-0.01871191,0.04681908,0.80028968,-0.01341400,0.04681908
nominal_01,nominal,2610,7.16000000,0.80000000,0.80190075,-0.01548167,0.04319486,0.80004499,-0.01223411,0.04319486
nominal_01,nominal,2610,7.18000000,0.80000000,0.79808681,-0.01252806,0.09707766,0.79982199,-0.01114997,0.09707766
nominal_01,nominal,2610,7.20000000,0.80000000,0.80021355,-0.00333701,0.01284110,0.79963752,-0.00922371,0.01284110
nominal_01,nominal,2610,7.22000000,0.80000000,0.80265509,-0.01810063,0.04271146,0.79946298,-0.00872701,0.04271146
nominal_01,nominal,2610,7.24000000,0.80000000,0.79856212,0.00056834,0.02304020,0.79930778,-0.00776021,0.02304020
nominal_01,nominal,2610,7.26000000,0.80000000,0.79820963,-0.00657405,0.06509698,0.79916491,-0.00714339,0.06509698
nominal_01,nominal,2610,7.28000000,0.80000000,0.80915462,-0.00146602,-0.15745301,0.79904767,-0.00586211,-0.15745301
nominal_01,nominal,2610,7.30000000,0.80000000,0.79521071,-0.01468743,0.15964436,0.79888289,-0.00823878,0.15964436
nominal_01,nominal,2610,7.32000000,0.80000000,0.79747176,-0.00291459,0.06008133,0.79877516,-0.00538628,0.06008133
nominal_01,nominal,2610,7.34000000,0.80000000,0.79611918,-0.01697384,0.15472391,0.79869034,-0.00424140,0.15472391
nominal_01,nominal,2610,7.36000000,0.80000000,0.79246332,0.01067672,0.08227667,0.79865846,-0.00159368,0.08227667
nominal_01,nominal,2610,7.38000000,0.80000000,0.79940787,0.00153186,0.00299912,0.79865434,-0.00020637,0.00299912
nominal_01,nominal,2610,7.40000000,0.80000000,0.79175863,-0.00537687,0.17522892,0.79865131,-0.00015117,0.17522892
nominal_01,nominal,2610,7.42000000,0.80000000,0.79355407,0.00356798,0.09818683,0.79870536,0.00270220,0.09818683
nominal_01,nominal,2610,7.44000000,0.80000000,0.80089195,0.00506005,-0.04135542,0.79878964,0.00421404,-0.04135542
nominal_01,nominal,2610,7.46000000,0.80000000,0.79879860,0.00275223,0.00786407,0.79885784,0.00341018,0.00786407
nominal_01,nominal,2610,7.48000000,0.80000000,0.80284786,0.00707262,-0.08662456,0.79892647,0.00343156,-0.08662456
nominal_01,nominal,2610,7.50000000,0.80000000,0.79836694,0.00466384,0.00607589,0.79896480,0.00191620,0.00607589
nominal_01,nominal,2610,7.52000000,0.80000000,0.79662236,0.00586492,0.03147285,0.79900390,0.00195515,0.03147285
nominal_01,nominal,2610,7.54000000,0.80000000,0.79725888,0.01036674,-0.00249357,0.79905201,0.00240576,-0.00249357
nominal_01,nominal,2610,7.56000000,0.80000000,0.79862829,0.00069671,0.02120720,0.79909782,0.00229012,0.02120720
nominal_01,nominal,2610,7.58000000,0.80000000,0.79937448,-0.00037908,0.01315477,0.79914908,0.00256339,0.01315477
nominal_01,nominal,2610,7.60000000,0.80000000,0.79742211,-0.00470913,0.06994761,0.79920303,0.00269721,0.06994761
nominal_01,nominal,2610,7.62000000,0.80000000,0.79942287,0.00497216,-0.01447240,0.79927803,0.00375013,-0.01447240
nominal_01,nominal,2610,7.64000000,0.80000000,0.79237528,0.00674490,0.10352047,0.79934599,0.00339778,0.10352047
nominal_01,nominal,2610,7.66000000,0.80000000,0.80079707,-0.00318947,0.00160017,0.79944548,0.00497462,0.00160017
nominal_01,nominal,2610,7.68000000,0.80000000,0.79624019,0.00694956,0.03292869,0.79954239,0.00484533,0.03292869
nominal_01,nominal,2610,7.70000000,0.80000000,0.80142288,0.00933341,-0.07227892,0.79964697,0.00522938,-0.07227892
nominal_01,nominal,2610,7.72000000,0.80000000,0.80791157,0.00493316,-0.16707410,0.79972479,0.00389110,-0.16707410
nominal_01,nominal,2610,7.74000000,0.80000000,0.80157995,0.00035626,-0.03022044,0.79974587,0.00105354,-0.03022044
nominal_01,nominal,2610,7.76000000,0.80000000,0.80325563,0.00230224,-0.07011249,0.79975645,0.00052937,-0.07011249
nominal_01,nominal,2610,7.78000000,0.80000000,0.80017278,-0.00545560,0.02416790,0.79974391,-0.00062696,0.02416790
nominal_01,nominal,2610,7.80000000,0.80000000,0.79566681,-0.00505837,0.10328922,0.79973962,-0.00021450,0.10328922
nominal_01,nominal,2610,7.82000000,0.80000000,0.79591956,-0.00386961,0.09279594,0.79976905,0.00147135,0.09279594
nominal_01,nominal,2610,7.84000000,0.80000000,0.79826264,0.00370471,0.01274896,0.79982773,0.00293398,0.01274896
nominal_01,nominal,2610,7.86000000,0.80000000,0.79935978,0.01112896,-0.04412086,0.79988872,0.00304964,-0.04412086
nominal_01,nominal,2610,7.88000000,0.80000000,0.79873403,-0.01111756,0.07837528,0.79993347,0.00223717,0.07837528
nominal_01,nominal,2610,7.90000000,0.80000000,0.79784007,0.00744254,0.00166605,0.80000230,0.00344146,0.00166605
nominal_01,nominal,2610,7.92000000,0.80000000,0.79889995,-0.00146228,0.02711229,0.80006952,0.00336110,0.02711229
nominal_01,nominal,2610,7.94000000,0.80000000,0.79886394,-0.01468971,0.09389755,0.80014346,0.00369693,0.09389755
nominal_01,nominal,2610,7.96000000,0.80000000,0.80155948,0.00129107,-0.03452593,0.80024562,0.00510799,-0.03452593
nominal_01,nominal,2610,7.98000000,0.80000000,0.80236386,-0.00131037,-0.03452593,0.80033336,0.00438724,-0.03452593
nominal_02,nominal,2611,0.00000000,0.00000000,-0.00080462,-0.00113281,0.02014724,0.00000000,0.00000000,0.02014724
nominal_02,nominal,2611,0.02000000,0.00000000,0.00155497,-0.00427842,-0.00659727,0.00000657,0.00032850,-0.00659727
nominal_02,nominal,2611,0.04000000,0.00000000,0.00032249,-0.00373954,0.01289286,0.00001078,0.00021073,0.01289286
nominal_02,nominal,2611,0.06000000,0.00000000,-0.00164237,-0.00772695,0.06819739,0.00001907,0.00041440,0.06819739
nominal_02,nominal,2611,0.08000000,0.00000000,0.00321567,0.01440205,-0.12989234,0.00004934,0.00151348,-0.12989234
nominal_02,nominal,2611,0.10000000,0.00000000,-0.00087791,-0.01188753,0.07524001,0.00003631,-0.00065137,0.07524001
nominal_02,nominal,2611,0.12000000,0.00000000,-0.00081574,-0.00329192,0.03114296,0.00004823,0.00059562,0.03114296
nominal_02,nominal,2611,0.14000000,0.00000000,0.00220592,-0.00055970,-0.03690797,0.00006993,0.00108490,-0.03690797
nominal_02,nominal,2611,0.16000000,0.00000000,-0.00110903,0.00593433,-0.00970907,0.00007891,0.00044945,-0.00970907
nominal_02,nominal,2611,0.18000000,0.00000000,0.00262188,0.00005550,-0.04747130,0.00008446,0.00027719,-0.04747130
nominal_02,nominal,2611,0.20000000,0.00000000,0.00213947,0.00456892,-0.06135505,0.00007435,-0.00050543,-0.06135505
nominal_02,nominal,2611,0.22000000,0.00000000,-0.00181525,-0.00289174,0.04713321,0.00004455,-0.00149011,0.04713321
nominal_02,nominal,2611,0.24000000,0.00000000,0.00272761,-0.00355204,-0.03133669,0.00003104,-0.00067535,-0.03133669
nominal_02,nominal,2611,0.26000000,0.00000000,0.00355934,-0.00083768,-0.05987973,0.00000773,-0.00116532,-0.05987973
nominal_02,nominal,2611,0.28000000,0.00000000,0.00153158,0.00066768,-0.03090683,-0.00003438,-0.00210546,-0.03090683
nominal_02,nominal,2611,0.30000000,0.00000000,0.00070445,-0.00254793,0.00005949,-0.00008526,-0.00254402,0.00005949
nominal_02,nominal,2611,0.32000000,0.00000000,-0.00116144,-0.00338325,0.03782221,-0.00013454,-0.00246407,0.03782221
nominal_02,nominal,2611,0.34000000,0.00000000,-0.00194050,-0.00099796,0.03991888,-0.00016996,-0.00177088,0.03991888
nominal_02,nominal,2611,0.36000000,0.00000000,-0.00603639,-0.00153543,0.11633211,-0.00019126,-0.00106504,0.11633211
nominal_02,nominal,2611,0.38000000,0.00000000,-0.00563432,0.00285164,0.08715958,-0.00017396,0.00086480,0.08715958
nominal_02,nominal,2611,0.40000000,0.00000000,-0.00118412,0.01335515,-0.04546165,-0.00012878,0.00225906,-0.04546165
nominal_02,nominal,2611,0.42000000,0.00000000,-0.00233620,0.01289419,-0.02241937,-0.00009983,0.00144768,-0.02241937
nominal_02,nominal,2611,0.44000000,0.00000000,-0.00572965,0.00089729,0.09864731,-0.00007908,0.00103719,0.09864731
nominal_02,nominal,2611,0.46000000,0.00000000,0.00066694,0.00246524,-0.02433116,-0.00002681,0.00261341,-0.02433116
nominal_02,nominal,2611,0.48000000,0.00000000,0.00033360,0.00812374,-0.04662358,0.00001590,0.00213556,-0.04662358
nominal_02,nominal,2611,0.50000000,0.00000000,-0.00458309,-0.00314109,0.09820103,0.00004208,0.00130907,0.09820103
nominal_02,nominal,2611,0.52000000,0.00000000,-0.00044492,0.01080530,-0.04601794,0.00009947,0.00286957,-0.04601794
nominal_02,nominal,2611,0.54000000,0.00000000,-0.00194680,-0.00659333,0.06800904,0.00014007,0.00203016,0.06800904
nominal_02,nominal,2611,0.56000000,0.00000000,-0.00042655,0.00012560,0.00704991,0.00020159,0.00307600,0.00704991
nominal_02,nominal,2611,0.58000000,0.00000000,0.00145906,-0.00215819,-0.01547209,0.00026350,0.00309545,-0.01547209
nominal_02,nominal,2611,0.60000000,0.00000000,-0.00480692,0.00584542,0.05729740,0.00031844,0.00274707,0.05729740
nominal_02,nominal,2611,0.62000000,0.00000000,-0.00302502,0.01312583,-0.01117872,0.00039036,0.00359600,-0.01117872
nominal_02,nominal,2611,0.64000000,0.00000000,0.00119282,0.01144245,-0.07868304,0.00045641,0.00330209,-0.07868304
nominal_02,nominal,2611,0.66000000,0.00000000,-0.00031952,0.00358406,-0.01216894,0.00049474,0.00191666,-0.01216894
nominal_02,nominal,2611,0.68000000,0.00000000,-0.00412598,0.00552550,0.04664019,0.00052791,0.00165874,0.04664019
nominal_02,nominal,2611,0.70000000,0.00000000,-0.00015136,0.00314739,-0.01301250,0.00057527,0.00236770,-0.01301250
nominal_02,nominal,2611,0.72000000,0.00000000,0.00644319,-0.00594468,-0.08625394,0.00061691,0.00208202,-0.08625394
nominal_02,nominal,2611,0.74000000,0.00000000,0.00234389,0.00496278,-0.06700386,0.00062913,0.00061104,-0.06700386
nominal_02,nominal,2611,0.76000000,0.00000000,0.00231269,0.01144379,-0.09884735,0.00061912,-0.00050042,-0.09884735
nominal_02,nominal,2611,0.78000000,0.00000000,-0.00213276,-0.00799851,0.07838217,0.00057719,-0.00209656,0.07838217
nominal_02,nominal,2611,0.80000000,0.00000000,-0.00363347,0.00054796,0.06266267,0.00056212,-0.00075347,0.06266267
nominal_02,nominal,2611,0.82000000,0.00000000,0.00199124,0.00136481,-0.04266630,0.00056795,0.00029163,-0.04266630
nominal_02,nominal,2611,0.84000000,0.00000000,-0.00598454,-0.00232705,0.11935702,0.00055969,-0.00041309,0.11935702
nominal_02,nominal,2611,0.86000000,0.00000000,0.00336530,-0.01090325,-0.00605923,0.00059061,0.00154582,-0.00605923
nominal_02,nominal,2611,0.88000000,0.00000000,-0.00728602,0.00698289,0.09623386,0.00061859,0.00139903,0.09623386
nominal_02,nominal,2611,0.90000000,0.00000000,0.00015194,0.00366704,-0.02107008,0.00067708,0.00292466,-0.02107008
nominal_02,nominal,2611,0.92000000,0.00000000,0.00564545,0.00260665,-0.11465139,0.00072689,0.00249032,-0.11465139
nominal_02,nominal,2611,0.94000000,0.00000000,0.00214898,-0.01238211,0.02322896,0.00073776,0.00054364,0.02322896
nominal_02,nominal,2611,0.96000000,0.00000000,-0.00122675,0.00612998,-0.00856845,0.00075587,0.00090550,-0.00856845
nominal_02,nominal,2611,0.98000000,0.00000000,0.00372431,0.00113673,-0.07272123,0.00077062,0.00073768,-0.07272123
nominal_02,nominal,2611,1.00000000,0.50000000,0.00120998,-0.00294403,8.99294045,0.00076121,-0.00047092,8.99294045
nominal_02,nominal,2611,1.02000000,0.50000000,0.00479076,0.14184090,8.20456181,0.00368463,0.14617125,8.20456181
nominal_02,nominal,2611,1.04000000,0.50000000,0.01169900,0.26895643,7.44463590,0.00919276,0.27540626,7.44463590
nominal_02,nominal,2611,1.06000000,0.50000000,0.01337968,0.38169865,6.85067253,0.01695753,0.38823846,6.85067253
nominal_02,nominal,2611,1.08000000,0.50000000,0.02647506,0.48841704,6.08136373,0.02671519,0.48788311,6.08136373
nominal_02,nominal,2611,1.10000000,0.50000000,0.03915633,0.57699746,5.41019869,0.03815300,0.57189067,5.41019869
nominal_02,nominal,2611,1.12000000,0.50000000,0.04340058,0.63330408,5.05226919,0.05099994,0.64234684,5.05226919
nominal_02,nominal,2611,1.14000000,0.50000000,0.06563403,0.71265705,4.25530229,0.06509553,0.70477959,4.25530229
nominal_02,nominal,2611,1.16000000,0.50000000,0.07836017,0.75111926,3.83392060,0.08014112,0.75227963,3.83392060
nominal_02,nominal,2611,1.18000000,0.50000000,0.09398612,0.79017014,3.35739913,0.09596981,0.79143440,3.35739913
nominal_02,nominal,2611,1.20000000,0.50000000,0.11500602,0.82233390,2.81822209,0.11240189,0.82160396,2.81822209
nominal_02,nominal,2611,1.22000000,0.50000000,0.12390880,0.84452675,2.54700776,0.12924280,0.84204569,2.54700776
nominal_02,nominal,2611,1.24000000,0.50000000,0.14563980,0.86408016,2.05808279,0.14639142,0.85743069,2.05808279
nominal_02,nominal,2611,1.26000000,0.50000000,0.16160478,0.87074655,1.73738118,0.16367874,0.86436622,1.73738118
nominal_02,nominal,2611,1.28000000,0.50000000,0.18223085,0.87004830,1.36960321,0.18099589,0.86585747,1.36960321
nominal_02,nominal,2611,1.30000000,0.50000000,0.20143557,0.86591880,1.04456581,0.19822201,0.86130589,1.04456581
nominal_02,nominal,2611,1.32000000,0.50000000,0.20924673,0.84522885,1.00741469,0.21525393,0.85159598,1.00741469
nominal_02,nominal,2611,1.34000000,0.50000000,0.23472578,0.82446696,0.65260110,0.23208556,0.84158180,0.65260110
nominal_02,nominal,2611,1.36000000,0.50000000,0.24722471,0.82539374,0.42298644,0.24860743,0.82609338,0.42298644
nominal_02,nominal,2611,1.38000000,0.50000000,0.26342867,0.80700314,0.22326826,0.26475427,0.80734204,0.22326826
nominal_02,nominal,2611,1.40000000,0.50000000,0.27976738,0.79003836,0.01399543,0.28047260,0.78591652,0.01399543
nominal_02,nominal,2611,1.42000000,0.50000000,0.29191036,0.77487460,-0.12875947,0.29570748,0.76174407,-0.12875947
nominal_02,nominal,2611,1.44000000,0.50000000,0.31110745,0.73884229,-0.29414558,0.31042737,0.73599453,-0.29414558
nominal_02,nominal,2611,1.46000000,0.50000000,0.32402107,0.70798155,-0.37228694,0.32459433,0.70834786,-0.37228694
nominal_02,nominal,2611,1.48000000,0.50000000,0.33979844,0.67177740,-0.47525885,0.33820004,0.68028548,-0.47525885
nominal_02,nominal,2611,1.50000000,0.50000000,0.35183435,0.64425527,-0.55429468,0.35122835,0.65141543,-0.55429468
nominal_02,nominal,2611,1.52000000,0.50000000,0.36142380,0.61729694,-0.59211304,0.36367141,0.62215307,-0.59211304
nominal_02,nominal,2611,1.54000000,0.50000000,0.37806962,0.58908906,-0.75069840,0.37553506,0.59318260,-0.75069840
nominal_02,nominal,2611,1.56000000,0.50000000,0.38274851,0.56046237,-0.69178508,0.38678558,0.56252590,-0.69178508
nominal_02,nominal,2611,1.58000000,0.50000000,0.39460052,0.52793984,-0.74250848,0.39746121,0.53378157,-0.74250848
nominal_02,nominal,2611,1.60000000,0.50000000,0.40420304,0.50376312,-0.79447042,0.40756327,0.50510265,-0.79447042
nominal_02,nominal,2611,1.62000000,0.50000000,0.41629291,0.47602943,-0.87341951,0.41709260,0.47646690,-0.87341951
nominal_02,nominal,2611,1.64000000,0.50000000,0.42458908,0.44445214,-0.86486416,0.42604126,0.44743298,-0.86486416
nominal_02,nominal,2611,1.66000000,0.50000000,0.43085883,0.41988569,-0.85488745,0.43443006,0.41943998,-0.85488745
nominal_02,nominal,2611,1.68000000,0.50000000,0.44807554,0.39415490,-1.03613424,0.44227964,0.39247875,-1.03613424
nominal_02,nominal,2611,1.70000000,0.50000000,0.44585418,0.36400431,-0.84539677,0.44954763,0.36339942,-0.84539677
nominal_02,nominal,2611,1.72000000,0.50000000,0.45490974,0.34213114,-0.89903099,0.45631428,0.33833285,-0.89903099
nominal_02,nominal,2611,1.74000000,0.50000000,0.46270041,0.30630642,-0.86013955,0.46257768,0.31317004,-0.86013955
nominal_02,nominal,2611,1.76000000,0.50000000,0.46502777,0.29899195,-0.86545955,0.46836614,0.28942258,-0.86545955
nominal_02,nominal,2611,1.78000000,0.50000000,0.47378119,0.26740280,-0.86507543,0.47369265,0.26632568,-0.86507543
nominal_02,nominal,2611,1.80000000,0.50000000,0.47659113,0.25082435,-0.83276206,0.47857169,0.24395214,-0.83276206
nominal_02,nominal,2611,1.82000000,0.50000000,0.48296653,0.20966596,-0.74172730,0.48302769,0.22280009,-0.74172730
nominal_02,nominal,2611,1.84000000,0.50000000,0.49101423,0.20476644,-0.86208842,0.48710348,0.20378907,-0.86208842
nominal_02,nominal,2611,1.86000000,0.50000000,0.49050468,0.18189043,-0.73853633,0.49077159,0.18340582,-0.73853633
nominal_02,nominal,2611,1.88000000,0.50000000,0.49449156,0.15857460,-0.69372108,0.49408499,0.16566991,-0.69372108
nominal_02,nominal,2611,1.90000000,0.50000000,0.49968302,0.15291885,-0.75888862,0.49706930,0.14921536,-0.75888862
nominal_02,nominal,2611,1.92000000,0.50000000,0.49380271,0.13756517,-0.57627470,0.49971348,0.13220913,-0.57627470
nominal_02,nominal,2611,1.94000000,0.50000000,0.49718775,0.11926962,-0.54572765,0.50208765,0.11870838,-0.54572765
nominal_02,nominal,2611,1.96000000,0.50000000,0.50255469,0.10397378,-0.56585328,0.50421014,0.10612485,-0.56585328
nominal_02,nominal,2611,1.98000000,0.50000000,0.50203517,0.08853999,-0.47933298,0.50608222,0.09360386,-0.47933298
nominal_02,nominal,2611,2.00000000,0.50000000,0.50929464,0.08652002,-0.59990363,0.50773987,0.08288230,-0.59990363
nominal_02,nominal,2611,2.02000000,0.50000000,0.51507919,0.07476124,-0.64523172,0.50915042,0.07052775,-0.64523172
nominal_02,nominal,2611,2.04000000,0.50000000,0.51001747,0.05537145,-0.45717167,0.51030678,0.05781772,-0.45717167
nominal_02,nominal,2611,2.06000000,0.50000000,0.50827063,0.04781752,-0.38795898,0.51127815,0.04856857,-0.38795898
nominal_02,nominal,2611,2.08000000,0.50000000,0.51185699,0.04238084,-0.42533004,0.51209285,0.04073507,-0.42533004
nominal_02,nominal,2611,2.10000000,0.50000000,0.51281896,0.02954312,-0.37845682,0.51274356,0.03253546,-0.37845682
nominal_02,nominal,2611,2.12000000,0.50000000,0.51275344,0.02123887,-0.33575627,0.51325065,0.02535468,-0.33575627
nominal_02,nominal,2611,2.14000000,0.50000000,0.51528917,0.01839224,-0.36716629,0.51363251,0.01909306,-0.36716629
nominal_02,nominal,2611,2.16000000,0.50000000,0.50478039,0.01767160,-0.17440508,0.51388279,0.01251372,-0.17440508
nominal_02,nominal,2611,2.18000000,0.50000000,0.52485860,0.02086107,-0.55176019,0.51406842,0.00928157,-0.55176019
nominal_02,nominal,2611,2.20000000,0.50000000,0.50986660,0.00093743,-0.18228603,0.51406836,-0.00000290,-0.18228603
nominal_02,nominal,2611,2.22000000,0.50000000,0.51158408,-0.00535877,-0.18171968,0.51400886,-0.00297494,-0.18171968
nominal_02,nominal,2611,2.24000000,0.50000000,0.51503359,-0.01659090,-0.18765014,0.51389195,-0.00584546,-0.18765014
nominal_02,nominal,2611,2.26000000,0.50000000,0.51085573,-0.00769371,-0.15693454,0.51371748,-0.00872356,-0.15693454
nominal_02,nominal,2611,2.28000000,0.50000000,0.51137994,-0.00454789,-0.18209946,0.51349725,-0.01101150,-0.18209946
nominal_02,nominal,2611,2.30000000,0.50000000,0.51648012,-0.01726731,-0.21030570,0.51322448,-0.01363870,-0.21030570
nominal_02,nominal,2611,2.32000000,0.50000000,0.51435099,-0.01631234,-0.17675619,0.51289159,-0.01664424,-0.17675619
nominal_02,nominal,2611,2.34000000,0.50000000,0.51376494,-0.02120885,-0.14172462,0.51251140,-0.01900944,-0.14172462
nominal_02,nominal,2611,2.36000000,0.50000000,0.51175353,-0.01691357,-0.12699567,0.51209680,-0.02073003,-0.12699567
nominal_02,nominal,2611,2.38000000,0.50000000,0.51357581,-0.02138415,-0.13744375,0.51165366,-0.02215705,-0.13744375
nominal_02,nominal,2611,2.40000000,0.50000000,0.51406604,-0.02536186,-0.12637939,0.51117946,-0.02371012,-0.12637939
nominal_02,nominal,2611,2.42000000,0.50000000,0.51243242,-0.02035715,-0.12199773,0.51067877,-0.02503456,-0.12199773
nominal_02,nominal,2611,2.44000000,0.50000000,0.51188480,-0.03295108,-0.04917090,0.51015384,-0.02624645,-0.04917090
nominal_02,nominal,2611,2.46000000,0.50000000,0.50962525,-0.02829262,-0.03179147,0.50962918,-0.02623328,-0.03179147
nominal_02,nominal,2611,2.48000000,0.50000000,0.51066809,-0.02682847,-0.05788327,0.50911043,-0.02593716,-0.05788327
nominal_02,nominal,2611,2.50000000,0.50000000,0.50550971,-0.00918289,-0.05326035,0.50858892,-0.02607565,-0.05326035
nominal_02,nominal,2611,2.52000000,0.50000000,0.50983032,-0.02727805,-0.04055550,0.50806623,-0.02613447,-0.04055550
nominal_02,nominal,2611,2.54000000,0.50000000,0.50503350,-0.02726913,0.04574257,0.50754654,-0.02598431,0.04574257
nominal_02,nominal,2611,2.56000000,0.50000000,0.50770683,-0.02448468,-0.01629957,0.50705791,-0.02443174,-0.01629957
nominal_02,nominal,2611,2.58000000,0.50000000,0.50210828,-0.03538791,0.13899047,0.50657913,-0.02393896,0.13899047
nominal_02,nominal,2611,2.60000000,0.50000000,0.50656506,-0.01496550,-0.04334354,0.50616054,-0.02092951,-0.04334354
nominal_02,nominal,2611,2.62000000,0.50000000,0.50009999,-0.02761127,0.13625658,0.50574081,-0.02098641,0.13625658
nominal_02,nominal,2611,2.64000000,0.50000000,0.50135161,-0.01997291,0.07553550,0.50537855,-0.01811321,0.07553550
nominal_02,nominal,2611,2.66000000,0.50000000,0.50366208,-0.01148164,-0.00850923,0.50505216,-0.01631926,-0.00850923
nominal_02,nominal,2611,2.68000000,0.50000000,0.49782990,-0.00830030,0.08056328,0.50473313,-0.01595133,0.08056328
nominal_02,nominal,2611,2.70000000,0.50000000,0.50744876,-0.01552627,-0.05644626,0.50445028,-0.01414252,-0.05644626
nominal_02,nominal,2611,2.72000000,0.50000000,0.50785456,-0.01340329,-0.07436561,0.50415781,-0.01462377,-0.07436561
nominal_02,nominal,2611,2.74000000,0.50000000,0.50463487,-0.01519654,-0.00744500,0.50385016,-0.01538225,-0.00744500
nominal_02,nominal,2611,2.76000000,0.50000000,0.49805640,-0.01690188,0.11949417,0.50354964,-0.01502606,0.11949417
nominal_02,nominal,2611,2.78000000,0.50000000,0.50353371,-0.01259344,-0.00063966,0.50329742,-0.01261122,-0.00063966
nominal_02,nominal,2611,2.80000000,0.50000000,0.50438758,-0.02171655,0.02960627,0.50305282,-0.01223011,0.02960627
nominal_02,nominal,2611,2.82000000,0.50000000,0.50184281,-0.00804252,0.00704198,0.50282546,-0.01136767,0.00704198
nominal_02,nominal,2611,2.84000000,0.50000000,0.50588030,-0.00454556,-0.08311761,0.50260746,-0.01089992,-0.08311761
nominal_02,nominal,2611,2.86000000,0.50000000,0.50037566,-0.00127836,-0.00037009,0.50236913,-0.01191672,-0.00037009
nominal_02,nominal,2611,2.88000000,0.50000000,0.49963690,-0.01530004,0.08303609,0.50213807,-0.01155277,0.08303609
nominal_02,nominal,2611,2.90000000,0.50000000,0.50757182,-0.01307568,-0.07091437,0.50194127,-0.00984020,-0.07091437
nominal_02,nominal,2611,2.92000000,0.50000000,0.50316395,-0.01044821,-0.00471002,0.50172745,-0.01069093,-0.00471002
nominal_02,nominal,2611,2.94000000,0.50000000,0.50193750,-0.01265813,0.02841567,0.50151874,-0.01043580,0.02841567
nominal_02,nominal,2611,2.96000000,0.50000000,0.49773274,-0.02263505,0.15398593,0.50132577,-0.00964849,0.15398593
nominal_02,nominal,2611,2.98000000,0.50000000,0.50285702,-0.00578137,-0.02251950,0.50118900,-0.00683823,-0.02251950
nominal_02,nominal,2611,3.00000000,-0.30000000,0.50456837,-0.02253039,-12.00000000,0.50104914,-0.00699309,-12.00000000
nominal_02,nominal,2611,3.02000000,-0.30000000,0.50006253,-0.20730934,-12.00000000,0.49700048,-0.20243284,-12.00000000
nominal_02,nominal,2611,3.04000000,-0.30000000,0.48980252,-0.39478077,-12.00000000,0.48916439,-0.39180471,-12.00000000
nominal_02,nominal,2611,3.06000000,-0.30000000,0.47287886,-0.57069115,-11.05836376,0.47765845,-0.57529707,-11.05836376
nominal_02,nominal,2611,3.08000000,-0.30000000,0.45897752,-0.74632828,-9.92995397,0.46290366,-0.73773935,-9.92995397
nominal_02,nominal,2611,3.10000000,-0.30000000,0.44772623,-0.86126688,-9.15273772,0.44536886,-0.87673979,-9.15273772
nominal_02,nominal,2611,3.12000000,-0.30000000,0.42707415,-1.00273537,-8.07365796,0.42539382,-0.99875232,-8.07365796
nominal_02,nominal,2611,3.14000000,-0.30000000,0.40233417,-1.11209568,-7.08153670,0.40340617,-1.09938258,-7.08153670
nominal_02,nominal,2611,3.16000000,-0.30000000,0.38234504,-1.17072242,-6.42859859,0.37979192,-1.18071224,-6.42859859
nominal_02,nominal,2611,3.18000000,-0.30000000,0.35509123,-1.24219510,-5.58066661,0.35481450,-1.24887086,-5.58066661
nominal_02,nominal,2611,3.20000000,-0.30000000,0.32742342,-1.31640961,-4.71157357,0.32879274,-1.30108801,-4.71157357
nominal_02,nominal,2611,3.22000000,-0.30000000,0.30083323,-1.34664581,-4.08176910,0.30204247,-1.33751363,-4.08176910
nominal_02,nominal,2611,3.24000000,-0.30000000,0.27608998,-1.35873510,-3.57594418,0.27479168,-1.36253952,-3.57594418
nominal_02,nominal,2611,3.26000000,-0.30000000,0.24091348,-1.38097775,-2.83155388,0.24722086,-1.37854109,-2.83155388
nominal_02,nominal,2611,3.28000000,-0.30000000,0.22104891,-1.38221356,-2.46781254,0.21958268,-1.38190876,-2.46781254
nominal_02,nominal,2611,3.30000000,-0.30000000,0.19084398,-1.37290549,-1.97066415,0.19199786,-1.37924116,-1.97066415
nominal_02,nominal,2611,3.32000000,-0.30000000,0.15944149,-1.35777810,-1.48105627,0.16462685,-1.36855051,-1.48105627
nominal_02,nominal,2611,3.34000000,-0.30000000,0.13705115,-1.34564284,-1.13870650,0.13762267,-1.35020885,-1.13870650
nominal_02,nominal,2611,3.36000000,-0.30000000,0.10878116,-1.33302197,-0.69295109,0.11108558,-1.32685473,-0.69295109
nominal_02,nominal,2611,3.38000000,-0.30000000,0.08863075,-1.28942517,-0.54822756,0.08514642,-1.29695776,-0.54822756
nominal_02,nominal,2611,3.40000000,-0.30000000,0.05582513,-1.25812024,-0.11425107,0.05983384,-1.26562934,-0.11425107
nominal_02,nominal,2611,3.42000000,-0.30000000,0.03325359,-1.23112258,0.15704833,0.03526988,-1.22819771,0.15704833
nominal_02,nominal,2611,3.44000000,-0.30000000,0.00974164,-1.19223509,0.38582603,0.01151979,-1.18750476,0.38582603
nominal_02,nominal,2611,3.46000000,-0.30000000,-0.01315040,-1.15293612,0.60138784,-0.01136711,-1.14434507,0.60138784
nominal_02,nominal,2611,3.48000000,-0.30000000,-0.03705398,-1.08632698,0.69860648,-0.03334733,-1.09901069,0.69860648
nominal_02,nominal,2611,3.50000000,-0.30000000,-0.05439966,-1.05437949,0.85109124,-0.05441730,-1.05349870,0.85109124
nominal_02,nominal,2611,3.52000000,-0.30000000,-0.06843988,-1.00453278,0.85458172,-0.07455557,-1.00691351,0.85458172
nominal_02,nominal,2611,3.54000000,-0.30000000,-0.09425069,-0.95422889,1.06765691,-0.09378993,-0.96171776,1.06765691
nominal_02,nominal,2611,3.56000000,-0.30000000,-0.11214984,-0.91715640,1.20447916,-0.11207895,-0.91445108,1.20447916
nominal_02,nominal,2611,3.58000000,-0.30000000,-0.12749183,-0.86349436,1.21232466,-0.12940737,-0.86642106,1.21232466
nominal_02,nominal,2611,3.60000000,-0.30000000,-0.14538283,-0.81930641,1.31342305,-0.14580246,-0.81975433,1.31342305
nominal_02,nominal,2611,3.62000000,-0.30000000,-0.16047547,-0.77180903,1.34760367,-0.16126022,-0.77288809,1.34760367
nominal_02,nominal,2611,3.64000000,-0.30000000,-0.17625939,-0.73186764,1.43200722,-0.17579861,-0.72691962,1.43200722
nominal_02,nominal,2611,3.66000000,-0.30000000,-0.18793189,-0.68549268,1.41023741,-0.18941865,-0.68100217,1.41023741
nominal_02,nominal,2611,3.68000000,-0.30000000,-0.20255525,-0.64228443,1.45741670,-0.20215596,-0.63686529,1.45741670
nominal_02,nominal,2611,3.70000000,-0.30000000,-0.21329602,-0.59962326,1.43744456,-0.21402255,-0.59332949,1.43744456
nominal_02,nominal,2611,3.72000000,-0.30000000,-0.22322490,-0.54675270,1.35181170,-0.22505197,-0.55147101,1.35181170
nominal_02,nominal,2611,3.74000000,-0.30000000,-0.23038913,-0.51615286,1.32776872,-0.23529814,-0.51230835,1.32776872
nominal_02,nominal,2611,3.76000000,-0.30000000,-0.24000865,-0.46590090,1.24966016,-0.24479321,-0.47475360,1.24966016
nominal_02,nominal,2611,3.78000000,-0.30000000,-0.24894087,-0.44428464,1.30235890,-0.25358597,-0.43963836,1.30235890
nominal_02,nominal,2611,3.80000000,-0.30000000,-0.25924669,-0.40835460,1.30821349,-0.26168106,-0.40475413,1.30821349
nominal_02,nominal,2611,3.82000000,-0.30000000,-0.27224284,-0.37055129,1.35312760,-0.26909821,-0.37085749,1.35312760
nominal_02,nominal,2611,3.84000000,-0.30000000,-0.26942174,-0.33399972,1.11958990,-0.27584383,-0.33728095,1.11958990
nominal_02,nominal,2611,3.86000000,-0.30000000,-0.28670380,-0.30708751,1.29610599,-0.28201492,-0.30855464,1.29610599
nominal_02,nominal,2611,3.88000000,-0.30000000,-0.28869038,-0.27447986,1.16882611,-0.28757176,-0.27784216,1.16882611
nominal_02,nominal,2611,3.90000000,-0.30000000,-0.29505071,-0.25991293,1.21047750,-0.29257493,-0.25015849,1.21047750
nominal_02,nominal,2611,3.92000000,-0.30000000,-0.29711363,-0.21650289,1.03055984,-0.29702804,-0.22265520,1.03055984
nominal_02,nominal,2611,3.94000000,-0.30000000,-0.30046730,-0.19926047,1.00471381,-0.30100682,-0.19893934,1.00471381
nominal_02,nominal,2611,3.96000000,-0.30000000,-0.30774697,-0.18535832,1.06623699,-0.30453445,-0.17638119,1.06623699
nominal_02,nominal,2611,3.98000000,-0.30000000,-0.30978039,-0.14935657,0.92282994,-0.30760485,-0.15352031,0.92282994
nominal_02,nominal,2611,4.00000000,-0.30000000,-0.31256426,-0.13981914,0.92525237,-0.31027900,-0.13370740,0.92525237
nominal_02,nominal,2611,4.02000000,-0.30000000,-0.31200418,-0.11493355,0.79074304,-0.31256840,-0.11447014,0.79074304
nominal_02,nominal,2611,4.04000000,-0.30000000,-0.31102844,-0.10321679,0.71459595,-0.31452887,-0.09802328,0.71459595
nominal_02,nominal,2611,4.06000000,-0.30000000,-0.31772933,-0.08437169,0.74098646,-0.31619544,-0.08332862,0.74098646
nominal_02,nominal,2611,4.08000000,-0.30000000,-0.31831370,-0.07184026,0.68884783,-0.31756864,-0.06865989,0.68884783
nominal_02,nominal,2611,4.10000000,-0.30000000,-0.31828216,-0.06151885,0.63667319,-0.31867457,-0.05529670,0.63667319
nominal_02,nominal,2611,4.12000000,-0.30000000,-0.31656653,-0.03758932,0.48614414,-0.31953856,-0.04319909,0.48614414
nominal_02,nominal,2611,4.14000000,-0.30000000,-0.31897306,-0.02578432,0.47043670,-0.32021718,-0.03393142,0.47043670
nominal_02,nominal,2611,4.16000000,-0.30000000,-0.32161914,-0.01588841,0.46858649,-0.32072134,-0.02520759,0.46858649
nominal_02,nominal,2611,4.18000000,-0.30000000,-0.32095067,-0.01237746,0.43899936,-0.32105703,-0.01678478,0.43899936
nominal_02,nominal,2611,4.20000000,-0.30000000,-0.31896835,0.00069707,0.33794497,-0.32123915,-0.00910589,0.33794497
nominal_02,nominal,2611,4.22000000,-0.30000000,-0.32552287,-0.00583769,0.48860004,-0.32130541,-0.00331307,0.48860004
nominal_02,nominal,2611,4.24000000,-0.30000000,-0.32484562,0.00087685,0.44283698,-0.32121028,0.00475629,0.44283698
nominal_02,nominal,2611,4.26000000,-0.30000000,-0.31915115,0.00690308,0.31020526,-0.32097371,0.01182896,0.31020526
nominal_02,nominal,2611,4.28000000,-0.30000000,-0.32206641,0.02164004,0.28899524,-0.32064332,0.01651952,0.28899524
nominal_02,nominal,2611,4.30000000,-0.30000000,-0.31637995,0.02804176,0.15463028,-0.32022894,0.02071862,0.15463028
nominal_02,nominal,2611,4.32000000,-0.30000000,-0.31570837,0.01411267,0.21218721,-0.31977701,0.02259657,0.21218721
nominal_02,nominal,2611,4.34000000,-0.30000000,-0.31857664,0.03468349,0.16096202,-0.31926992,0.02535466,0.16096202
nominal_02,nominal,2611,4.36000000,-0.30000000,-0.32097612,0.03201729,0.21748379,-0.31872608,0.02719191,0.21748379
nominal_02,nominal,2611,4.38000000,-0.30000000,-0.32275008,0.03257547,0.24662418,-0.31812821,0.02989369,0.24662418
nominal_02,nominal,2611,4.40000000,-0.30000000,-0.31359403,0.02700814,0.10965173,-0.31746847,0.03298671,0.10965173
nominal_02,nominal,2611,4.42000000,-0.30000000,-0.31766036,0.03382129,0.14877997,-0.31679346,0.03375041,0.14877997
nominal_02,nominal,2611,4.44000000,-0.30000000,-0.31933880,0.02788569,0.20867001,-0.31609090,0.03512836,0.20867001
nominal_02,nominal,2611,4.46000000,-0.30000000,-0.31207153,0.03735626,0.03050621,-0.31534210,0.03744003,0.03050621
nominal_02,nominal,2611,4.48000000,-0.30000000,-0.31291502,0.03976979,0.03362149,-0.31460660,0.03677501,0.03362149
nominal_02,nominal,2611,4.50000000,-0.30000000,-0.31386590,0.03831039,0.05803417,-0.31388297,0.03618143,0.05803417
nominal_02,nominal,2611,4.52000000,-0.30000000,-0.31560332,0.03714968,0.09511139,-0.31316288,0.03600433,0.09511139
nominal_02,nominal,2611,4.54000000,-0.30000000,-0.31311374,0.03386606,0.06671696,-0.31243414,0.03643725,0.06671696
nominal_02,nominal,2611,4.56000000,-0.30000000,-0.30672850,0.02851559,-0.02146504,-0.31170626,0.03639377,-0.02146504
nominal_02,nominal,2611,4.58000000,-0.30000000,-0.30439019,0.04064259,-0.12418946,-0.31100798,0.03491386,-0.12418946
nominal_02,nominal,2611,4.60000000,-0.30000000,-0.31462537,0.02930400,0.11673660,-0.31037188,0.03180500,0.11673660
nominal_02,nominal,2611,4.62000000,-0.30000000,-0.30950991,0.03872430,-0.02244308,-0.30971746,0.03272090,-0.02244308
nominal_02,nominal,2611,4.64000000,-0.30000000,-0.31114921,0.03042936,0.04853896,-0.30909068,0.03133907,0.04853896
nominal_02,nominal,2611,4.66000000,-0.30000000,-0.30679089,0.03285339,-0.04203099,-0.30846753,0.03115749,-0.04203099
nominal_02,nominal,2611,4.68000000,-0.30000000,-0.30844715,0.03112411,-0.00357179,-0.30787744,0.02950483,-0.00357179
nominal_02,nominal,2611,4.70000000,-0.30000000,-0.31073430,0.02218052,0.08231487,-0.30730683,0.02853054,0.08231487
nominal_02,nominal,2611,4.72000000,-0.30000000,-0.30224595,0.03110455,-0.11509560,-0.30672709,0.02898687,-0.11509560
nominal_02,nominal,2611,4.74000000,-0.30000000,-0.30709902,0.02140921,0.02073631,-0.30620288,0.02621030,0.02073631
nominal_02,nominal,2611,4.76000000,-0.30000000,-0.30216797,0.02447167,-0.08333483,-0.30568819,0.02573464,-0.08333483
nominal_02,nominal,2611,4.78000000,-0.30000000,-0.30222414,0.02065929,-0.06326192,-0.30521665,0.02357689,-0.06326192
nominal_02,nominal,2611,4.80000000,-0.30000000,-0.30188015,0.01772751,-0.05479482,-0.30478038,0.02181342,-0.05479482
nominal_02,nominal,2611,4.82000000,-0.30000000,-0.30602766,0.01826588,0.01716843,-0.30437553,0.02024276,0.01716843
nominal_02,nominal,2611,4.84000000,-0.30000000,-0.30032109,0.01718430,-0.08014188,-0.30397764,0.01989420,-0.08014188
nominal_02,nominal,2611,4.86000000,-0.30000000,-0.29959005,0.01789741,-0.09686621,-0.30361825,0.01796985,-0.09686621
nominal_02,nominal,2611,4.88000000,-0.30000000,-0.30585757,0.02111681,-0.00014782,-0.30330160,0.01583255,-0.00014782
nominal_02,nominal,2611,4.90000000,-0.30000000,-0.29977719,0.01778932,-0.09295715,-0.30299482,0.01533858,-0.09295715
nominal_02,nominal,2611,4.92000000,-0.30000000,-0.30428311,0.01432561,0.00546792,-0.30272789,0.01334672,0.00546792
nominal_02,nominal,2611,4.94000000,-0.30000000,-0.30323205,0.01206893,-0.00216769,-0.30246746,0.01302149,-0.00216769
nominal_02,nominal,2611,4.96000000,-0.30000000,-0.29959897,0.01642496,-0.08934336,-0.30221582,0.01258186,-0.08934336
nominal_02,nominal,2611,4.98000000,-0.30000000,-0.30444917,0.01803028,-0.01006633,-0.30200113,0.01073451,-0.01006633
nominal_02,nominal,2611,5.00000000,0.80000000,-0.30133530,0.01480558,12.00000000,-0.30179639,0.01023710,12.00000000
nominal_02,nominal,2611,5.02000000,0.80000000,-0.29626316,0.21663435,12.00000000,-0.29768487,0.20557614,12.00000000
nominal_02,nominal,2611,5.04000000,0.80000000,-0.28877382,0.38712429,12.00000000,-0.28978786,0.39485041,12.00000000
nominal_02,nominal,2611,5.06000000,0.80000000,-0.28450986,0.58967478,12.00000000,-0.27822290,0.57824821,12.00000000
nominal_02,nominal,2611,5.08000000,0.80000000,-0.26431325,0.75287723,12.00000000,-0.26310386,0.75595200,12.00000000
nominal_02,nominal,2611,5.10000000,0.80000000,-0.24021229,0.92079042,12.00000000,-0.24454108,0.92813854,12.00000000
nominal_02,nominal,2611,5.12000000,0.80000000,-0.22345209,1.09662647,12.00000000,-0.22264150,1.09497915,12.00000000
nominal_02,nominal,2611,5.14000000,0.80000000,-0.19181348,1.26464454,11.52941987,-0.19750871,1.25663980,11.52941987
nominal_02,nominal,2611,5.16000000,0.80000000,-0.16745493,1.40887683,10.36980462,-0.16939653,1.40560862,10.36980462
nominal_02,nominal,2611,5.18000000,0.80000000,-0.14569729,1.52564675,9.39431749,-0.13877563,1.53104512,9.39431749
nominal_02,nominal,2611,5.20000000,0.80000000,-0.10628591,1.64772872,8.07450271,-0.10604199,1.63668209,8.07450271
nominal_02,nominal,2611,5.22000000,0.80000000,-0.07247651,1.70635967,7.17277878,-0.07169159,1.71752007,7.17277878
nominal_02,nominal,2611,5.24000000,0.80000000,-0.03553204,1.77222398,6.17845681,-0.03606867,1.78114588,6.17845681
nominal_02,nominal,2611,5.26000000,0.80000000,0.00142874,1.81687495,5.28990785,0.00046301,1.82658410,5.28990785
nominal_02,nominal,2611,5.28000000,0.80000000,0.04196283,1.84856446,4.40184682,0.03758549,1.85612404,4.40184682
nominal_02,nominal,2611,5.30000000,0.80000000,0.07400139,1.87043248,3.71581251,0.07499084,1.87026723,3.71581251
nominal_02,nominal,2611,5.32000000,0.80000000,0.11454551,1.88658160,2.90527278,0.11244655,1.87278570,2.90527278
nominal_02,nominal,2611,5.34000000,0.80000000,0.15155098,1.85948073,2.37467872,0.14968676,1.86201034,2.37467872
nominal_02,nominal,2611,5.36000000,0.80000000,0.18906713,1.83803731,1.80660509,0.18654512,1.84291833,1.80660509
nominal_02,nominal,2611,5.38000000,0.80000000,0.21990216,1.82513766,1.31607286,0.22284826,1.81515678,1.31607286
nominal_02,nominal,2611,5.40000000,0.80000000,0.26309170,1.77521641,0.78826741,0.25845344,1.78025915,0.78826741
nominal_02,nominal,2611,5.42000000,0.80000000,0.29156299,1.73608962,0.47141810,0.29321023,1.73783928,0.47141810
nominal_02,nominal,2611,5.44000000,0.80000000,0.32625508,1.68722972,0.09126004,0.32704163,1.69157029,0.09126004
nominal_02,nominal,2611,5.46000000,0.80000000,0.36533595,1.63541618,-0.35312802,0.35985242,1.64053944,-0.35312802
nominal_02,nominal,2611,5.48000000,0.80000000,0.39427853,1.57864207,-0.59022382,0.39152937,1.58384735,-0.59022382
nominal_02,nominal,2611,5.50000000,0.80000000,0.42448190,1.52470722,-0.86421032,0.42203036,1.52504960,-0.86421032
nominal_02,nominal,2611,5.52000000,0.80000000,0.45102632,1.46667523,-1.05184985,0.45130256,1.46361009,-1.05184985
nominal_02,nominal,2611,5.54000000,0.80000000,0.47851997,1.40580893,-1.24240408,0.47932294,1.40101871,-1.24240408
nominal_02,nominal,2611,5.56000000,0.80000000,0.50782370,1.34212119,-1.45143263,0.50606821,1.33726369,-1.45143263
nominal_02,nominal,2611,5.58000000,0.80000000,0.53672871,1.27584798,-1.64035663,0.53150981,1.27207993,-1.64035663
nominal_02,nominal,2611,5.60000000,0.80000000,0.55274558,1.20629746,-1.58090770,0.55562660,1.20583960,-1.58090770
nominal_02,nominal,2611,5.62000000,0.80000000,0.57619074,1.13913099,-1.66708836,0.57847911,1.14262517,-1.66708836
nominal_02,nominal,2611,5.64000000,0.80000000,0.60072554,1.07773664,-1.80174288,0.60007847,1.07996822,-1.80174288
nominal_02,nominal,2611,5.66000000,0.80000000,0.62627583,1.02417616,-1.99384581,0.62041969,1.01706109,-1.99384581
nominal_02,nominal,2611,5.68000000,0.80000000,0.63756221,0.96089294,-1.88058458,0.63947919,0.95297488,-1.88058458
nominal_02,nominal,2611,5.70000000,0.80000000,0.66015286,0.89782499,-1.97187653,0.65733369,0.89272507,-1.97187653
nominal_02,nominal,2611,5.72000000,0.80000000,0.67431502,0.83075016,-1.89142122,0.67399084,0.83285737,-1.89142122
nominal_02,nominal,2611,5.74000000,0.80000000,0.68428153,0.78033980,-1.81876646,0.68951404,0.77616021,-1.81876646
nominal_02,nominal,2611,5.76000000,0.80000000,0.70284312,0.73112242,-1.90678826,0.70396220,0.72240796,-1.90678826
nominal_02,nominal,2611,5.78000000,0.80000000,0.71717392,0.67242660,-1.87126357,0.71733999,0.66888941,-1.87126357
nominal_02,nominal,2611,5.80000000,0.80000000,0.73588447,0.63454554,-2.01864808,0.72969222,0.61761169,-2.01864808
nominal_02,nominal,2611,5.82000000,0.80000000,0.74026908,0.56508685,-1.75027773,0.74100268,0.56552293,-1.75027773
nominal_02,nominal,2611,5.84000000,0.80000000,0.74902247,0.51316273,-1.64821817,0.75139122,0.51942711,-1.64821817
nominal_02,nominal,2611,5.86000000,0.80000000,0.76387147,0.47554295,-1.72740121,0.76091975,0.47642650,-1.72740121
nominal_02,nominal,2611,5.88000000,0.80000000,0.76931545,0.43305778,-1.61296693,0.76958915,0.43346988,-1.61296693
nominal_02,nominal,2611,5.90000000,0.80000000,0.77296613,0.38832238,-1.45500216,0.77746341,0.39371277,-1.45500216
nominal_02,nominal,2611,5.92000000,0.80000000,0.78827381,0.34736286,-1.52574281,0.78461872,0.35776560,-1.52574281
nominal_02,nominal,2611,5.94000000,0.80000000,0.78783735,0.32985844,-1.43036442,0.79105434,0.32178108,-1.43036442
nominal_02,nominal,2611,5.96000000,0.80000000,0.79377021,0.28955750,-1.33565134,0.79682372,0.28846890,-1.33565134
nominal_02,nominal,2611,5.98000000,0.80000000,0.80305106,0.25897358,-1.34978687,0.80197842,0.25773525,-1.34978687
nominal_02,nominal,2611,6.00000000,0.80000000,0.80367320,0.23176174,-1.22492624,0.80653293,0.22772533,-1.22492624
nominal_02,nominal,2611,6.02000000,0.80000000,0.80891102,0.19696973,-1.14524706,0.81054659,0.20068295,-1.14524706
nominal_02,nominal,2611,6.04000000,0.80000000,0.81369328,0.18422630,-1.16761051,0.81406218,0.17577932,-1.16761051
nominal_02,nominal,2611,6.06000000,0.80000000,0.81560636,0.15858990,-1.07386401,0.81708786,0.15128425,-1.07386401
nominal_02,nominal,2611,6.08000000,0.80000000,0.82302667,0.12070818,-1.01802092,0.81966943,0.12907820,-1.01802092
nominal_02,nominal,2611,6.10000000,0.80000000,0.82027080,0.10729014,-0.90132508,0.82183887,0.10847209,-0.90132508
nominal_02,nominal,2611,6.12000000,0.80000000,0.82577016,0.08933298,-0.91052782,0.82364704,0.09040845,-0.91052782
nominal_02,nominal,2611,6.14000000,0.80000000,0.82610124,0.06173280,-0.77848636,0.82510215,0.07275558,-0.77848636
nominal_02,nominal,2611,6.16000000,0.80000000,0.82853747,0.05627906,-0.79506970,0.82625822,0.05780370,-0.79506970
nominal_02,nominal,2611,6.18000000,0.80000000,0.82358326,0.04437755,-0.64638641,0.82711913,0.04304564,-0.64638641
nominal_02,nominal,2611,6.20000000,0.80000000,0.82970057,0.02732583,-0.67123946,0.82774253,0.03117002,-0.67123946
nominal_02,nominal,2611,6.22000000,0.80000000,0.82812877,0.02060089,-0.60932229,0.82812769,0.01925789,-0.60932229
nominal_02,nominal,2611,6.24000000,0.80000000,0.82665743,0.00794026,-0.51953511,0.82830220,0.00872514,-0.51953511
nominal_02,nominal,2611,6.26000000,0.80000000,0.83077520,0.00166779,-0.56229255,0.82830186,-0.00001663,-0.56229255
nominal_02,nominal,2611,6.28000000,0.80000000,0.83214543,-0.01051580,-0.52603876,0.82811818,-0.00918415,-0.52603876
nominal_02,nominal,2611,6.30000000,0.80000000,0.82975052,-0.01313512,-0.46983383,0.82776866,-0.01747593,-0.46983383
nominal_02,nominal,2611,6.32000000,0.80000000,0.82711340,-0.02236809,-0.37620070,0.82727678,-0.02459387,-0.37620070
nominal_02,nominal,2611,6.34000000,0.80000000,0.82391319,-0.02986044,-0.28113514,0.82667750,-0.02996415,-0.28113514
nominal_02,nominal,2611,6.36000000,0.80000000,0.82556075,-0.02986185,-0.31078424,0.82600515,-0.03361767,-0.31078424
nominal_02,nominal,2611,6.38000000,0.80000000,0.82844756,-0.04631023,-0.28050491,0.82525232,-0.03764119,-0.28050491
nominal_02,nominal,2611,6.40000000,0.80000000,0.82274175,-0.03303368,-0.24418308,0.82443140,-0.04104609,-0.24418308
nominal_02,nominal,2611,6.42000000,0.80000000,0.81954609,-0.05962265,-0.05371643,0.82355634,-0.04375306,-0.05371643
nominal_02,nominal,2611,6.44000000,0.80000000,0.82496041,-0.04337189,-0.23242798,0.82269093,-0.04327047,-0.23242798
nominal_02,nominal,2611,6.46000000,0.80000000,0.82405514,-0.03214221,-0.27228143,0.82177660,-0.04571671,-0.27228143
nominal_02,nominal,2611,6.48000000,0.80000000,0.81805693,-0.04206740,-0.11468770,0.82080186,-0.04873681,-0.11468770
nominal_02,nominal,2611,6.50000000,0.80000000,0.81903845,-0.06188810,-0.03325160,0.81981999,-0.04909361,-0.03325160
nominal_02,nominal,2611,6.52000000,0.80000000,0.82170351,-0.04865484,-0.14738905,0.81885776,-0.04811154,-0.14738905
nominal_02,nominal,2611,6.54000000,0.80000000,0.81858029,-0.05266244,-0.07113306,0.81787734,-0.04902095,-0.07113306
nominal_02,nominal,2611,6.56000000,0.80000000,0.81360529,-0.05260605,0.01813508,0.81690416,-0.04865878,0.01813508
nominal_02,nominal,2611,6.58000000,0.80000000,0.81406872,-0.05052770,-0.00059843,0.81596712,-0.04685237,-0.00059843
nominal_02,nominal,2611,6.60000000,0.80000000,0.80837848,-0.05497331,0.12405397,0.81505897,-0.04540748,0.12405397
nominal_02,nominal,2611,6.62000000,0.80000000,0.81377279,-0.05035091,0.00384437,0.81421947,-0.04197503,0.00384437
nominal_02,nominal,2611,6.64000000,0.80000000,0.81611882,-0.03563677,-0.11195485,0.81340728,-0.04060913,-0.11195485
nominal_02,nominal,2611,6.66000000,0.80000000,0.81800552,-0.04242678,-0.11196555,0.81258381,-0.04117372,-0.11196555
nominal_02,nominal,2611,6.68000000,0.80000000,0.81369525,-0.05283710,0.01767107,0.81174939,-0.04172095,0.01767107
nominal_02,nominal,2611,6.70000000,0.80000000,0.81097131,-0.03263648,-0.03430114,0.81094664,-0.04013751,-0.03430114
nominal_02,nominal,2611,6.72000000,0.80000000,0.81133658,-0.03239595,-0.04207868,0.81015763,-0.03945061,-0.04207868
nominal_02,nominal,2611,6.74000000,0.80000000,0.81327868,-0.03322483,-0.07289207,0.80937939,-0.03891186,-0.07289207
nominal_02,nominal,2611,6.76000000,0.80000000,0.80760654,-0.05282028,0.12718371,0.80860155,-0.03889223,0.12718371
nominal_02,nominal,2611,6.78000000,0.80000000,0.80842078,-0.03804500,0.03865091,0.80788932,-0.03561103,0.03865091
nominal_02,nominal,2611,6.80000000,0.80000000,0.80180712,-0.03065711,0.12075743,0.80721182,-0.03387521,0.12075743
nominal_02,nominal,2611,6.82000000,0.80000000,0.80554244,-0.03368086,0.06864032,0.80659473,-0.03085456,0.06864032
nominal_02,nominal,2611,6.84000000,0.80000000,0.80227747,-0.04071485,0.16257984,0.80601918,-0.02877744,0.16257984
nominal_02,nominal,2611,6.86000000,0.80000000,0.80644232,-0.03154478,0.04176219,0.80551452,-0.02523316,0.04176219
nominal_02,nominal,2611,6.88000000,0.80000000,0.80422453,-0.01938321,0.02087446,0.80503914,-0.02376881,0.02087446
nominal_02,nominal,2611,6.90000000,0.80000000,0.80785967,-0.01241226,-0.07941273,0.80458533,-0.02269050,-0.07941273
nominal_02,nominal,2611,6.92000000,0.80000000,0.80756944,-0.02884782,0.00798925,0.80411971,-0.02328082,0.00798925
nominal_02,nominal,2611,6.94000000,0.80000000,0.80175102,-0.00921436,0.01455342,0.80367116,-0.02242775,0.01455342
nominal_02,nominal,2611,6.96000000,0.80000000,0.80493332,-0.01355587,-0.02102045,0.80324128,-0.02149414,-0.02102045
nominal_02,nominal,2611,6.98000000,0.80000000,0.80427417,-0.01947679,0.02044889,0.80281789,-0.02116954,0.02044889
nominal_02,nominal,2611,7.00000000,0.80000000,0.80333763,-0.03037698,0.09180761,0.80241431,-0.02017886,0.09180761
nominal_02,nominal,2611,7.02000000,0.80000000,0.80265870,-0.02085385,0.05641267,0.80205320,-0.01805546,0.05641267
nominal_02,nominal,2611,7.04000000,0.80000000,0.80082822,-0.01615507,0.06586742,0.80172170,-0.01657510,0.06586742
nominal_02,nominal,2611,7.06000000,0.80000000,0.79658660,-0.03146951,0.21878877,0.80142197,-0.01498653,0.21878877
nominal_02,nominal,2611,7.08000000,0.80000000,0.80248082,-0.01545163,0.03260342,0.80120289,-0.01095394,0.03260342
nominal_02,nominal,2611,7.10000000,0.80000000,0.80188142,-0.01480482,0.04015863,0.80100124,-0.01008226,0.04015863
nominal_02,nominal,2611,7.12000000,0.80000000,0.79744126,-0.01047685,0.09844152,0.80081895,-0.00911446,0.09844152
nominal_02,nominal,2611,7.14000000,0.80000000,0.80424349,-0.01503042,-0.00123068,0.80067443,-0.00722642,-0.00123068
nominal_02,nominal,2611,7.16000000,0.80000000,0.79934144,-0.01220044,0.07285634,0.80053398,-0.00702212,0.07285634
nominal_02,nominal,2611,7.18000000,0.80000000,0.79569115,-0.00818689,0.11849368,0.80042166,-0.00561620,0.11849368
nominal_02,nominal,2611,7.20000000,0.80000000,0.80144655,-0.00767583,0.01234132,0.80035146,-0.00350982,0.01234132
nominal_02,nominal,2611,7.22000000,0.80000000,0.79534953,0.00153159,0.07605054,0.80028747,-0.00319963,0.07605054
nominal_02,nominal,2611,7.24000000,0.80000000,0.80161635,-0.00165854,-0.02080152,0.80025026,-0.00186030,-0.02080152
nominal_02,nominal,2611,7.26000000,0.80000000,0.79759984,0.00722709,0.00706751,0.80020743,-0.00214171,0.00706751
nominal_02,nominal,2611,7.28000000,0.80000000,0.80111147,-0.00781507,0.01906887,0.80016823,-0.00195998,0.01906887
nominal_02,nominal,2611,7.30000000,0.80000000,0.79266200,0.00301425,0.11701269,0.80013647,-0.00158822,0.11701269
nominal_02,nominal,2611,7.32000000,0.80000000,0.80014221,-0.00450993,0.01998980,0.80014384,0.00036895,0.01998980
nominal_02,nominal,2611,7.34000000,0.80000000,0.79795388,0.01145285,-0.02043415,0.80015751,0.00068343,-0.02043415
nominal_02,nominal,2611,7.36000000,0.80000000,0.80452213,0.00544376,-0.10861719,0.80016409,0.00032904,-0.10861719
nominal_02,nominal,2611,7.38000000,0.80000000,0.80037623,-0.00984877,0.04247164,0.80013505,-0.00145216,0.04247164
nominal_02,nominal,2611,7.40000000,0.80000000,0.80087003,-0.00230589,-0.00413107,0.80012076,-0.00071458,-0.00413107
nominal_02,nominal,2611,7.42000000,0.80000000,0.80550264,0.00418194,-0.11995718,0.80010556,-0.00075975,-0.11995718
nominal_02,nominal,2611,7.44000000,0.80000000,0.80056332,-0.00847164,0.03221842,0.80005172,-0.00269203,0.03221842
nominal_02,nominal,2611,7.46000000,0.80000000,0.80086879,-0.00412728,0.00499810,0.80001006,-0.00208314,0.00499810
nominal_02,nominal,2611,7.48000000,0.80000000,0.79613462,-0.00428114,0.09098261,0.79997132,-0.00193697,0.09098261
nominal_02,nominal,2611,7.50000000,0.80000000,0.79706863,-0.01040996,0.10481452,0.79996345,-0.00039339,0.10481452
nominal_02,nominal,2611,7.52000000,0.80000000,0.80177186,-0.00307239,-0.01653145,0.79999001,0.00132780,-0.01653145
nominal_02,nominal,2611,7.54000000,0.80000000,0.79923923,-0.00286540,0.02802084,0.80001035,0.00101704,0.02802084
nominal_02,nominal,2611,7.56000000,0.80000000,0.80069196,0.00403709,-0.03264071,0.80003920,0.00144233,-0.03264071
nominal_02,nominal,2611,7.58000000,0.80000000,0.80375707,-0.00057882,-0.06473305,0.80005650,0.00086535,-0.06473305
nominal_02,nominal,2611,7.60000000,0.80000000,0.80481115,-0.00256107,-0.07379544,0.80005216,-0.00021697,-0.07379544
nominal_02,nominal,2611,7.62000000,0.80000000,0.80082926,0.00680127,-0.04893305,0.80002390,-0.00141345,-0.04893305
nominal_02,nominal,2611,7.64000000,0.80000000,0.80140222,-0.00131564,-0.01866178,0.79998055,-0.00216741,-0.01866178
nominal_02,nominal,2611,7.66000000,0.80000000,0.80119292,-0.01384553,0.04775508,0.79993246,-0.00240439,0.04775508
nominal_02,nominal,2611,7.68000000,0.80000000,0.80156635,0.00614247,-0.05890668,0.79990144,-0.00155110,-0.05890668
nominal_02,nominal,2611,7.70000000,0.80000000,0.80335259,0.00207453,-0.07071935,0.79985217,-0.00246340,-0.07071935
nominal_02,nominal,2611,7.72000000,0.80000000,0.80169502,-0.00569865,-0.00201701,0.79978137,-0.00353998,-0.00201701
nominal_02,nominal,2611,7.74000000,0.80000000,0.79953455,-0.00047477,0.01075200,0.79971211,-0.00346296,0.01075200
nominal_02,nominal,2611,7.76000000,0.80000000,0.79926124,0.00609915,-0.01719800,0.79964851,-0.00318014,-0.01719800
nominal_02,nominal,2611,7.78000000,0.80000000,0.79847296,0.00287217,0.01312584,0.79958127,-0.00336181,0.01312584
nominal_02,nominal,2611,7.80000000,0.80000000,0.79756362,-0.00833833,0.08554647,0.79952040,-0.00304342,0.08554647
nominal_02,nominal,2611,7.82000000,0.80000000,0.79676386,-0.01273995,0.12195023,0.79948932,-0.00155412,0.12195023
nominal_02,nominal,2611,7.84000000,0.80000000,0.80224739,0.00145631,-0.04773467,0.79949897,0.00048250,-0.04773467
nominal_02,nominal,2611,7.86000000,0.80000000,0.79666105,0.00108277,0.05468716,0.79949276,-0.00031078,0.05468716
nominal_02,nominal,2611,7.88000000,0.80000000,0.79867912,-0.01304336,0.08899259,0.79950457,0.00059053,0.08899259
nominal_02,nominal,2611,7.90000000,0.80000000,0.80212633,0.01639593,-0.12025354,0.79954503,0.00202319,-0.12025354
nominal_02,nominal,2611,7.92000000,0.80000000,0.80279297,0.00718005,-0.08617367,0.79954502,-0.00000033,-0.08617367
nominal_02,nominal,2611,7.94000000,0.80000000,0.79951404,-0.00723283,0.04491140,0.79951692,-0.00140535,0.04491140
nominal_02,nominal,2611,7.96000000,0.80000000,0.79919676,-0.00243229,0.02661977,0.79950433,-0.00062945,0.02661977
nominal_02,nominal,2611,7.98000000,0.80000000,0.79749790,0.00610513,0.02661977,0.79950081,-0.00017588,0.02661977
nominal_03,nominal,2612,0.00000000,0.00000000,0.00434112,0.00124127,-0.08434646,0.00000000,0.00000000,-0.08434646
nominal_03,nominal,2612,0.02000000,0.00000000,-0.00091403,0.00243778,0.00426372,-0.00002811,-0.00140542,0.00426372
nominal_03,nominal,2612,0.04000000,0.00000000,0.00271265,-0.00604050,-0.01862527,-0.00005387,-0.00128822,-0.01862527
nominal_03,nominal,2612,0.06000000,0.00000000,-0.00305029,0.00509303,0.02943997,-0.00008500,-0.00155625,0.02943997
nominal_03,nominal,2612,0.08000000,0.00000000,0.00005742,-0.00031129,0.00052295,-0.00010529,-0.00101460,0.00052295
nominal_03,nominal,2612,0.10000000,0.00000000,0.00106141,-0.00748592,0.01832423,-0.00012474,-0.00097256,0.01832423
nominal_03,nominal,2612,0.12000000,0.00000000,-0.00202667,0.00170552,0.02795249,-0.00013745,-0.00063529,0.02795249
nominal_03,nominal,2612,0.14000000,0.00000000,-0.00181794,-0.00435909,0.05451839,-0.00014042,-0.00014867,0.05451839
nominal_03,nominal,2612,0.16000000,0.00000000,-0.00169264,0.00141592,0.02338800,-0.00012513,0.00076463,0.02338800
nominal_03,nominal,2612,0.18000000,0.00000000,0.00275948,0.00741107,-0.08672602,-0.00010254,0.00112922,-0.08672602
nominal_03,nominal,2612,0.20000000,0.00000000,-0.00295026,-0.00261430,0.06617616,-0.00010960,-0.00035294,0.06617616
nominal_03,nominal,2612,0.22000000,0.00000000,-0.00265865,0.00228615,0.03642497,-0.00009438,0.00076131,0.03642497
nominal_03,nominal,2612,0.24000000,0.00000000,-0.00504778,-0.00145581,0.09813908,-0.00006751,0.00134324,0.09813908
nominal_03,nominal,2612,0.26000000,0.00000000,0.00553152,0.01119655,-0.15555008,-0.00000882,0.00293436,-0.15555008
nominal_03,nominal,2612,0.28000000,0.00000000,0.00195895,-0.00883828,0.00893030,-0.00000390,0.00024613,0.00893030
nominal_03,nominal,2612,0.30000000,0.00000000,0.00484711,0.00402294,-0.10736269,0.00000384,0.00038685,-0.10736269
nominal_03,nominal,2612,0.32000000,0.00000000,0.00072043,-0.00606943,0.01737937,-0.00002446,-0.00141478,0.01737937
nominal_03,nominal,2612,0.34000000,0.00000000,-0.00287278,-0.00983269,0.10087355,-0.00004603,-0.00107873,0.10087355
nominal_03,nominal,2612,0.36000000,0.00000000,0.00085502,0.00614377,-0.04610922,-0.00003328,0.00063750,-0.04610922
nominal_03,nominal,2612,0.38000000,0.00000000,0.00443618,-0.00485669,-0.05556776,-0.00003632,-0.00015173,-0.05556776
nominal_03,nominal,2612,0.40000000,0.00000000,0.00212311,-0.00439005,-0.01626568,-0.00005777,-0.00107265,-0.01626568
nominal_03,nominal,2612,0.42000000,0.00000000,-0.00348671,0.00516949,0.03691332,-0.00008394,-0.00130844,0.03691332
nominal_03,nominal,2612,0.44000000,0.00000000,-0.00269112,0.01251387,-0.01412925,-0.00009695,-0.00065040,-0.01412925
nominal_03,nominal,2612,0.46000000,0.00000000,0.00164183,-0.00609432,0.00091860,-0.00011424,-0.00086447,0.00091860
nominal_03,nominal,2612,0.48000000,0.00000000,0.00049876,-0.00194649,0.00075480,-0.00013065,-0.00082077,0.00075480
nominal_03,nominal,2612,0.50000000,0.00000000,-0.00122136,-0.01057334,0.07485121,-0.00014628,-0.00078124,0.07485121
nominal_03,nominal,2612,0.52000000,0.00000000,-0.00256843,0.00224077,0.03502784,-0.00013645,0.00049163,0.03502784
nominal_03,nominal,2612,0.54000000,0.00000000,0.00147373,-0.00469550,-0.00304959,-0.00011526,0.00105913,-0.00304959
nominal_03,nominal,2612,0.56000000,0.00000000,-0.00077543,0.00381842,-0.00513439,-0.00009579,0.00097354,-0.00513439
nominal_03,nominal,2612,0.58000000,0.00000000,0.00207267,-0.00511655,-0.01172523,-0.00007867,0.00085601,-0.01172523
nominal_03,nominal,2612,0.60000000,0.00000000,0.00370046,-0.00565329,-0.03834189,-0.00006602,0.00063252,-0.03834189
nominal_03,nominal,2612,0.62000000,0.00000000,0.00441090,0.00096111,-0.08420178,-0.00006656,-0.00002712,-0.08420178
nominal_03,nominal,2612,0.64000000,0.00000000,0.00205176,-0.00106669,-0.03159822,-0.00009515,-0.00142924,-0.03159822
nominal_03,nominal,2612,0.66000000,0.00000000,-0.00327772,-0.00910105,0.10450419,-0.00013333,-0.00190881,0.10450419
nominal_03,nominal,2612,0.68000000,0.00000000,-0.00036935,-0.00084010,0.01084875,-0.00013542,-0.00010481,0.01084875
nominal_03,nominal,2612,0.70000000,0.00000000,0.00113138,0.00126298,-0.02667971,-0.00013383,0.00007940,-0.02667971
nominal_03,nominal,2612,0.72000000,0.00000000,-0.00146642,-0.00229185,0.03785477,-0.00014119,-0.00036776,0.03785477
nominal_03,nominal,2612,0.74000000,0.00000000,-0.00175833,-0.00435432,0.05342151,-0.00013569,0.00027507,0.05342151
nominal_03,nominal,2612,0.76000000,0.00000000,-0.00238733,-0.00485610,0.06725248,-0.00011256,0.00115617,0.06725248
nominal_03,nominal,2612,0.78000000,0.00000000,-0.00075574,-0.00366758,0.03194115,-0.00006779,0.00223879,0.03194115
nominal_03,nominal,2612,0.80000000,0.00000000,-0.00099409,-0.00141489,0.02496814,-0.00001384,0.00269748,0.02496814
nominal_03,nominal,2612,0.82000000,0.00000000,0.00034169,0.01025191,-0.05740991,0.00004666,0.00302492,-0.05740991
nominal_03,nominal,2612,0.84000000,0.00000000,0.00637870,-0.00079772,-0.11082798,0.00008604,0.00196898,-0.11082798
nominal_03,nominal,2612,0.86000000,0.00000000,0.00343619,0.00157599,-0.06973129,0.00008719,0.00005764,-0.06973129
nominal_03,nominal,2612,0.88000000,0.00000000,0.00165924,-0.00017616,-0.02898558,0.00006507,-0.00110615,-0.02898558
nominal_03,nominal,2612,0.90000000,0.00000000,-0.00242355,0.00685954,0.00932618,0.00003401,-0.00155279,0.00932618
nominal_03,nominal,2612,0.92000000,0.00000000,-0.00306190,-0.00249671,0.06759783,0.00000709,-0.00134640,0.06759783
nominal_03,nominal,2612,0.94000000,0.00000000,-0.00371579,-0.00504147,0.09209164,0.00000357,-0.00017583,0.09209164
nominal_03,nominal,2612,0.96000000,0.00000000,-0.00233892,0.00388490,0.02267602,0.00003086,0.00136442,0.02267602
nominal_03,nominal,2612,0.98000000,0.00000000,0.00058430,0.00266713,-0.02385307,0.00006481,0.00169745,-0.02385307
nominal_03,nominal,2612,1.00000000,0.50000000,-0.00242912,-0.01989736,9.14321095,0.00008969,0.00124425,9.14321095
nominal_03,nominal,2612,1.02000000,0.50000000,0.00027524,0.15500236,8.22003384,0.00316073,0.15355205,8.22003384
nominal_03,nominal,2612,1.04000000,0.50000000,0.00727512,0.28473342,7.44538073,0.00887023,0.28547508,7.44538073
nominal_03,nominal,2612,1.06000000,0.50000000,0.01939798,0.40086808,6.64649586,0.01687339,0.40015762,6.64649586
nominal_03,nominal,2612,1.08000000,0.50000000,0.02633394,0.49832219,6.03437820,0.02682863,0.49776215,6.03437820
nominal_03,nominal,2612,1.10000000,0.50000000,0.03985950,0.58272282,5.36891486,0.03846786,0.58196159,5.36891486
nominal_03,nominal,2612,1.12000000,0.50000000,0.05000831,0.64700785,4.86481123,0.05151401,0.65230734,4.86481123
nominal_03,nominal,2612,1.14000000,0.50000000,0.06605329,0.70509319,4.28557489,0.06575287,0.71194305,4.28557489
nominal_03,nominal,2612,1.16000000,0.50000000,0.08111526,0.75570683,3.76139106,0.08095224,0.75996858,3.76139106
nominal_03,nominal,2612,1.18000000,0.50000000,0.10090778,0.80370628,3.16512856,0.09690589,0.79768258,3.16512856
nominal_03,nominal,2612,1.20000000,0.50000000,0.11941290,0.82183302,2.74140262,0.11339035,0.82422269,2.74140262
nominal_03,nominal,2612,1.22000000,0.50000000,0.13161838,0.83888306,2.43645391,0.13024696,0.84283079,2.43645391
nominal_03,nominal,2612,1.24000000,0.50000000,0.14460260,0.85952816,2.09951234,0.14736189,0.85574653,2.09951234
nominal_03,nominal,2612,1.26000000,0.50000000,0.16791310,0.86726309,1.64124872,0.16461437,0.86262379,1.64124872
nominal_03,nominal,2612,1.28000000,0.50000000,0.18316601,0.85552061,1.42540881,0.18184715,0.86163935,1.42540881
nominal_03,nominal,2612,1.30000000,0.50000000,0.19844397,0.83812005,1.23740825,0.19898897,0.85709082,1.23740825
nominal_03,nominal,2612,1.32000000,0.50000000,0.21496451,0.84570669,0.90210531,0.21598015,0.84955912,0.90210531
nominal_03,nominal,2612,1.34000000,0.50000000,0.22585780,0.83864984,0.74131039,0.23271391,0.83668781,0.74131039
nominal_03,nominal,2612,1.36000000,0.50000000,0.24968332,0.82836628,0.36386881,0.24914511,0.82156000,0.36386881
nominal_03,nominal,2612,1.38000000,0.50000000,0.26667201,0.80109972,0.19440512,0.26515791,0.80063992,0.19440512
nominal_03,nominal,2612,1.40000000,0.50000000,0.28073173,0.77125868,0.09053548,0.28070957,0.77758324,0.09053548
nominal_03,nominal,2612,1.42000000,0.50000000,0.29889857,0.75497694,-0.15505901,0.29578064,0.75355311,-0.15505901
nominal_03,nominal,2612,1.44000000,0.50000000,0.30513061,0.72449020,-0.11480197,0.31030504,0.72621999,-0.11480197
nominal_03,nominal,2612,1.46000000,0.50000000,0.32337103,0.69800067,-0.31068187,0.32431414,0.70045538,-0.31068187
nominal_03,nominal,2612,1.48000000,0.50000000,0.33760751,0.67051452,-0.42950775,0.33775961,0.67227313,-0.42950775
nominal_03,nominal,2612,1.50000000,0.50000000,0.34488305,0.64783645,-0.44707713,0.35062034,0.64303655,-0.44707713
nominal_03,nominal,2612,1.52000000,0.50000000,0.36593654,0.61186839,-0.64619970,0.36290969,0.61446745,-0.64619970
nominal_03,nominal,2612,1.54000000,0.50000000,0.37611974,0.58508812,-0.69559590,0.37458006,0.58351880,-0.69559590
nominal_03,nominal,2612,1.56000000,0.50000000,0.38675864,0.55938659,-0.75858846,0.38563533,0.55276354,-0.75858846
nominal_03,nominal,2612,1.58000000,0.50000000,0.39379541,0.52115130,-0.69407395,0.39607471,0.52196879,-0.69407395
nominal_03,nominal,2612,1.60000000,0.50000000,0.40649248,0.50045240,-0.81912653,0.40593992,0.49326042,-0.81912653
nominal_03,nominal,2612,1.62000000,0.50000000,0.41441021,0.44659815,-0.69237455,0.41520814,0.46341125,-0.69237455
nominal_03,nominal,2612,1.64000000,0.50000000,0.42322711,0.44851436,-0.86065982,0.42394123,0.43665444,-0.86065982
nominal_03,nominal,2612,1.66000000,0.50000000,0.43387169,0.40203782,-0.81987960,0.43210068,0.40797238,-0.81987960
nominal_03,nominal,2612,1.68000000,0.50000000,0.44031631,0.39380603,-0.89472368,0.43971891,0.38091183,-0.89472368
nominal_03,nominal,2612,1.70000000,0.50000000,0.44868562,0.34328014,-0.79274196,0.44678877,0.35349297,-0.79274196
nominal_03,nominal,2612,1.72000000,0.50000000,0.45664949,0.32449811,-0.84218136,0.45336225,0.32867391,-0.84218136
nominal_03,nominal,2612,1.74000000,0.50000000,0.45899553,0.30481616,-0.78600032,0.45943918,0.30384621,-0.78600032
nominal_03,nominal,2612,1.76000000,0.50000000,0.46441585,0.27753238,-0.74714723,0.46505458,0.28077007,-0.74714723
nominal_03,nominal,2612,1.78000000,0.50000000,0.47254192,0.25411412,-0.77632518,0.47023656,0.25909922,-0.77632518
nominal_03,nominal,2612,1.80000000,0.50000000,0.47286462,0.25014024,-0.76226442,0.47498964,0.23765394,-0.76226442
nominal_03,nominal,2612,1.82000000,0.50000000,0.48061109,0.22350042,-0.76850168,0.47933259,0.21714729,-0.76850168
nominal_03,nominal,2612,1.84000000,0.50000000,0.48528768,0.19552546,-0.71280549,0.48327679,0.19721022,-0.71280549
nominal_03,nominal,2612,1.86000000,0.50000000,0.48666954,0.17331827,-0.62664304,0.48685391,0.17885600,-0.62664304
nominal_03,nominal,2612,1.88000000,0.50000000,0.49027662,0.16803759,-0.66516705,0.49010472,0.16254028,-0.66516705
nominal_03,nominal,2612,1.90000000,0.50000000,0.49529031,0.14398547,-0.63515289,0.49302709,0.14611852,-0.63515289
nominal_03,nominal,2612,1.92000000,0.50000000,0.49592128,0.13348711,-0.59401865,0.49564181,0.13073623,-0.59401865
nominal_03,nominal,2612,1.94000000,0.50000000,0.49617143,0.11487387,-0.50545515,0.49797270,0.11654454,-0.50545515
nominal_03,nominal,2612,1.96000000,0.50000000,0.50080988,0.11081055,-0.56863066,0.50005860,0.10429465,-0.56863066
nominal_03,nominal,2612,1.98000000,0.50000000,0.49809870,0.08655995,-0.39857643,0.50188648,0.09139443,-0.39857643
nominal_03,nominal,2612,2.00000000,0.50000000,0.50124972,0.09000292,-0.47250964,0.50352151,0.08175142,-0.47250964
nominal_03,nominal,2612,2.02000000,0.50000000,0.50926128,0.07500246,-0.54171538,0.50494538,0.07119322,-0.54171538
nominal_03,nominal,2612,2.04000000,0.50000000,0.50255960,0.06466765,-0.36941106,0.50614195,0.05982865,-0.36941106
nominal_03,nominal,2612,2.06000000,0.50000000,0.50985735,0.05464991,-0.45068176,0.50717612,0.05170835,-0.45068176
nominal_03,nominal,2612,2.08000000,0.50000000,0.50690657,0.05271466,-0.38789155,0.50802613,0.04250057,-0.38789155
nominal_03,nominal,2612,2.10000000,0.50000000,0.50851793,0.04613699,-0.38400764,0.50871896,0.03464146,-0.38400764
nominal_03,nominal,2612,2.12000000,0.50000000,0.51162710,0.02414615,-0.33001848,0.50926106,0.02710518,-0.33001848
nominal_03,nominal,2612,2.14000000,0.50000000,0.50913664,0.01493720,-0.23914553,0.50967538,0.02071602,-0.23914553
nominal_03,nominal,2612,2.16000000,0.50000000,0.51057455,0.02169045,-0.29879415,0.50999640,0.01605087,-0.29879415
nominal_03,nominal,2612,2.18000000,0.50000000,0.50819951,0.00699161,-0.18254922,0.51020730,0.01054505,-0.18254922
nominal_03,nominal,2612,2.20000000,0.50000000,0.50700335,0.00275417,-0.13983123,0.51035044,0.00715698,-0.13983123
nominal_03,nominal,2612,2.22000000,0.50000000,0.51602171,0.00925336,-0.33465763,0.51044228,0.00459198,-0.33465763
nominal_03,nominal,2612,2.24000000,0.50000000,0.51186253,0.00425036,-0.23477737,0.51041958,-0.00113506,-0.23477737
nominal_03,nominal,2612,2.26000000,0.50000000,0.51124119,-0.00927691,-0.15595687,0.51031938,-0.00500976,-0.15595687
nominal_03,nominal,2612,2.28000000,0.50000000,0.51158985,-0.00970831,-0.16007569,0.51017051,-0.00744385,-0.16007569
nominal_03,nominal,2612,2.30000000,0.50000000,0.50952053,-0.01163336,-0.11320271,0.50997317,-0.00986663,-0.11320271
nominal_03,nominal,2612,2.32000000,0.50000000,0.51197058,-0.01098174,-0.16056170,0.50974460,-0.01142881,-0.16056170
nominal_03,nominal,2612,2.34000000,0.50000000,0.50924096,-0.00890521,-0.12181115,0.50947002,-0.01372880,-0.12181115
nominal_03,nominal,2612,2.36000000,0.50000000,0.51353417,-0.00819249,-0.20265253,0.50916387,-0.01530758,-0.20265253
nominal_03,nominal,2612,2.38000000,0.50000000,0.51026824,-0.01697911,-0.09993283,0.50880024,-0.01818152,-0.09993283
nominal_03,nominal,2612,2.40000000,0.50000000,0.51032449,-0.02124564,-0.07961269,0.50841525,-0.01924950,-0.07961269
nominal_03,nominal,2612,2.42000000,0.50000000,0.51158060,-0.01892996,-0.11380110,0.50801637,-0.01994382,-0.11380110
nominal_03,nominal,2612,2.44000000,0.50000000,0.50459130,-0.02269329,0.03082298,0.50759267,-0.02118500,0.03082298
nominal_03,nominal,2612,2.46000000,0.50000000,0.51535485,-0.01690678,-0.19185333,0.50719316,-0.01997562,-0.19185333
nominal_03,nominal,2612,2.48000000,0.50000000,0.50611028,-0.02165067,-0.00173169,0.50674283,-0.02251630,-0.00173169
nominal_03,nominal,2612,2.50000000,0.50000000,0.50560184,-0.02132885,0.00581107,0.50630672,-0.02180564,0.00581107
nominal_03,nominal,2612,2.52000000,0.50000000,0.50640002,-0.01750708,-0.02766489,0.50588687,-0.02099263,-0.02766489
nominal_03,nominal,2612,2.54000000,0.50000000,0.50145220,-0.02097190,0.07871997,0.50547159,-0.02076413,0.07871997
nominal_03,nominal,2612,2.56000000,0.50000000,0.50781313,-0.02251489,-0.02806196,0.50509618,-0.01877049,-0.02806196
nominal_03,nominal,2612,2.58000000,0.50000000,0.50141266,-0.01475171,0.04833057,0.50472375,-0.01862158,0.04833057
nominal_03,nominal,2612,2.60000000,0.50000000,0.50046606,-0.01273708,0.05529641,0.50437965,-0.01720467,0.05529641
nominal_03,nominal,2612,2.62000000,0.50000000,0.50101391,-0.01806183,0.07205883,0.50406529,-0.01571823,0.07205883
nominal_03,nominal,2612,2.64000000,0.50000000,0.49909410,-0.01968082,0.11471037,0.50378526,-0.01400130,0.11471037
nominal_03,nominal,2612,2.66000000,0.50000000,0.50488012,-0.00944032,-0.04064057,0.50355266,-0.01163009,-0.04064057
nominal_03,nominal,2612,2.68000000,0.50000000,0.50845166,-0.00801338,-0.11206306,0.50331415,-0.01192529,-0.11206306
nominal_03,nominal,2612,2.70000000,0.50000000,0.50292936,-0.01326290,0.01358606,0.50304614,-0.01340087,0.01358606
nominal_03,nominal,2612,2.72000000,0.50000000,0.49700199,-0.01288322,0.11838039,0.50279145,-0.01273436,0.11838039
nominal_03,nominal,2612,2.74000000,0.50000000,0.49961871,-0.01061987,0.05996264,0.50258458,-0.01034360,0.05996264
nominal_03,nominal,2612,2.76000000,0.50000000,0.49924767,-0.01578193,0.09245162,0.50240448,-0.00900475,0.09245162
nominal_03,nominal,2612,2.78000000,0.50000000,0.50322301,-0.01293946,0.00668321,0.50226111,-0.00716853,0.00668321
nominal_03,nominal,2612,2.80000000,0.50000000,0.49766254,0.00334881,0.02533027,0.50212468,-0.00682173,0.02533027
nominal_03,nominal,2612,2.82000000,0.50000000,0.50339034,-0.01360480,0.00699783,0.50200116,-0.00617561,0.00699783
nominal_03,nominal,2612,2.84000000,0.50000000,0.50937447,0.00458262,-0.19165358,0.50188404,-0.00585618,-0.19165358
nominal_03,nominal,2612,2.86000000,0.50000000,0.50269052,-0.01561743,0.02965778,0.50170690,-0.00885727,0.02965778
nominal_03,nominal,2612,2.88000000,0.50000000,0.50313245,-0.00719964,-0.02038597,0.50154545,-0.00807219,-0.02038597
nominal_03,nominal,2612,2.90000000,0.50000000,0.50435211,-0.01014437,-0.02761620,0.50138252,-0.00814675,-0.02761620
nominal_03,nominal,2612,2.92000000,0.50000000,0.50615627,-0.00622685,-0.07967855,0.50121573,-0.00833934,-0.07967855
nominal_03,nominal,2612,2.94000000,0.50000000,0.50241019,-0.00008324,-0.04296717,0.50102787,-0.00939309,-0.04296717
nominal_03,nominal,2612,2.96000000,0.50000000,0.49861470,-0.02165286,0.13319968,0.50083186,-0.00980052,0.13319968
nominal_03,nominal,2612,2.98000000,0.50000000,0.50392876,-0.00083485,-0.06654345,0.50068667,-0.00725920,-0.06654345
nominal_03,nominal,2612,3.00000000,-0.30000000,0.50586112,-0.00368490,-12.00000000,0.50052408,-0.00812956,-12.00000000
nominal_03,nominal,2612,3.02000000,-0.30000000,0.49337621,-0.20367741,-12.00000000,0.49636783,-0.20781245,-12.00000000
nominal_03,nominal,2612,3.04000000,-0.30000000,0.48584805,-0.40767488,-12.00000000,0.48834909,-0.40093702,-12.00000000
nominal_03,nominal,2612,3.06000000,-0.30000000,0.47781933,-0.58304319,-11.08553196,0.47659472,-0.58771867,-11.08553196
nominal_03,nominal,2612,3.08000000,-0.30000000,0.46737121,-0.74948133,-10.06527507,0.46153215,-0.75312841,-10.06527507
nominal_03,nominal,2612,3.10000000,-0.30000000,0.44884480,-0.89603215,-8.99904573,0.44361004,-0.89610547,-8.99904573
nominal_03,nominal,2612,3.12000000,-0.30000000,0.42099871,-1.01790291,-7.88846216,0.42327763,-1.01662060,-7.88846216
nominal_03,nominal,2612,3.14000000,-0.30000000,0.39940189,-1.11216845,-7.02839182,0.40098418,-1.11467249,-7.02839182
nominal_03,nominal,2612,3.16000000,-0.30000000,0.37336715,-1.18464318,-6.19739271,0.37708072,-1.19517307,-6.19739271
nominal_03,nominal,2612,3.18000000,-0.30000000,0.35015188,-1.25500087,-5.42772946,0.35189706,-1.25918321,-5.42772946
nominal_03,nominal,2612,3.20000000,-0.30000000,0.32714601,-1.31075192,-4.73486864,0.32573172,-1.30826652,-4.73486864
nominal_03,nominal,2612,3.22000000,-0.30000000,0.30307371,-1.34988079,-4.10592290,0.29884787,-1.34419296,-4.10592290
nominal_03,nominal,2612,3.24000000,-0.30000000,0.26891359,-1.36360452,-3.42242205,0.27147867,-1.36845964,-3.42242205
nominal_03,nominal,2612,3.26000000,-0.30000000,0.24156474,-1.37449476,-2.87569159,0.24386786,-1.38054049,-2.87569159
nominal_03,nominal,2612,3.28000000,-0.30000000,0.21400231,-1.38559386,-2.32407230,0.21620557,-1.38311467,-2.32407230
nominal_03,nominal,2612,3.30000000,-0.30000000,0.19118706,-1.37795157,-1.95160928,0.18867731,-1.37641295,-1.95160928
nominal_03,nominal,2612,3.32000000,-0.30000000,0.16148226,-1.36862136,-1.46357394,0.16140281,-1.36372518,-1.46357394
nominal_03,nominal,2612,3.34000000,-0.30000000,0.13417098,-1.34461256,-1.09201479,0.13453636,-1.34332224,-1.09201479
nominal_03,nominal,2612,3.36000000,-0.30000000,0.10787325,-1.30644280,-0.80950444,0.10818840,-1.31739830,-0.80950444
nominal_03,nominal,2612,3.38000000,-0.30000000,0.08530232,-1.28623632,-0.50426019,0.08243603,-1.28761847,-0.50426019
nominal_03,nominal,2612,3.40000000,-0.30000000,0.05992885,-1.25547510,-0.20134375,0.05736142,-1.25373060,-0.20134375
nominal_03,nominal,2612,3.42000000,-0.30000000,0.02916810,-1.21301619,0.14005521,0.03304325,-1.21590838,0.14005521
nominal_03,nominal,2612,3.44000000,-0.30000000,0.00989798,-1.18190932,0.33138300,0.00957045,-1.17363983,0.33138300
nominal_03,nominal,2612,3.46000000,-0.30000000,-0.00737827,-1.12157146,0.34066612,-0.01302098,-1.12957153,0.34066612
nominal_03,nominal,2612,3.48000000,-0.30000000,-0.03937146,-1.08941078,0.75574016,-0.03475690,-1.08679592,0.75574016
nominal_03,nominal,2612,3.50000000,-0.30000000,-0.05847320,-1.02872978,0.79616655,-0.05552708,-1.03850905,0.79616655
nominal_03,nominal,2612,3.52000000,-0.30000000,-0.07689792,-0.99226054,0.94546527,-0.07534977,-0.99113449,0.94546527
nominal_03,nominal,2612,3.54000000,-0.30000000,-0.09487078,-0.94058759,1.01061204,-0.09420633,-0.94282819,1.01061204
nominal_03,nominal,2612,3.56000000,-0.30000000,-0.11439035,-0.90193670,1.16870973,-0.11210679,-0.89502295,1.16870973
nominal_03,nominal,2612,3.58000000,-0.30000000,-0.12509816,-0.85696993,1.13661646,-0.12902986,-0.84615350,1.13661646
nominal_03,nominal,2612,3.60000000,-0.30000000,-0.14665269,-0.79631456,1.22132127,-0.14501834,-0.79942386,1.22132127
nominal_03,nominal,2612,3.62000000,-0.30000000,-0.15626353,-0.75738069,1.19964704,-0.16007469,-0.75281760,1.19964704
nominal_03,nominal,2612,3.64000000,-0.30000000,-0.17426384,-0.70783428,1.27592055,-0.17423675,-0.70810320,1.27592055
nominal_03,nominal,2612,3.66000000,-0.30000000,-0.18665930,-0.66210127,1.27037379,-0.18750848,-0.66358648,1.27037379
nominal_03,nominal,2612,3.68000000,-0.30000000,-0.20216052,-0.61928308,1.33530471,-0.19992097,-0.62062428,1.33530471
nominal_03,nominal,2612,3.70000000,-0.30000000,-0.21238009,-0.58116457,1.32866451,-0.21148079,-0.57799120,1.32866451
nominal_03,nominal,2612,3.72000000,-0.30000000,-0.22479099,-0.53007095,1.29659254,-0.22221817,-0.53686900,1.29659254
nominal_03,nominal,2612,3.74000000,-0.30000000,-0.23193067,-0.49996788,1.27459137,-0.23217081,-0.49763179,1.27459137
nominal_03,nominal,2612,3.76000000,-0.30000000,-0.23613038,-0.46593610,1.18002727,-0.24137181,-0.46004987,1.18002727
nominal_03,nominal,2612,3.78000000,-0.30000000,-0.24883205,-0.43258464,1.24190009,-0.24987737,-0.42527795,1.24190009
nominal_03,nominal,2612,3.80000000,-0.30000000,-0.25858557,-0.39228182,1.21594933,-0.25768971,-0.39061712,1.21594933
nominal_03,nominal,2612,3.82000000,-0.30000000,-0.26840848,-0.36676320,1.26516870,-0.26484025,-0.35752708,1.26516870
nominal_03,nominal,2612,3.84000000,-0.30000000,-0.26878040,-0.32633508,1.06972266,-0.27133432,-0.32470372,1.06972266
nominal_03,nominal,2612,3.86000000,-0.30000000,-0.27732464,-0.29031285,1.04340776,-0.27725862,-0.29621501,1.04340776
nominal_03,nominal,2612,3.88000000,-0.30000000,-0.28560440,-0.26231032,1.05243075,-0.28264063,-0.26910046,1.05243075
nominal_03,nominal,2612,3.90000000,-0.30000000,-0.29399974,-0.23546358,1.06931316,-0.28749516,-0.24272609,1.06931316
nominal_03,nominal,2612,3.92000000,-0.30000000,-0.29019738,-0.21897620,0.91843390,-0.29183389,-0.21693666,0.91843390
nominal_03,nominal,2612,3.94000000,-0.30000000,-0.29326230,-0.19191425,0.83829266,-0.29572405,-0.19450827,0.83829266
nominal_03,nominal,2612,3.96000000,-0.30000000,-0.30005992,-0.17989367,0.90054689,-0.29920709,-0.17415186,0.90054689
nominal_03,nominal,2612,3.98000000,-0.30000000,-0.31417597,-0.16897092,1.10002213,-0.30227563,-0.15342672,1.10002213
nominal_03,nominal,2612,4.00000000,-0.30000000,-0.30836377,-0.14196230,0.86035931,-0.30487680,-0.13005852,0.86035931
nominal_03,nominal,2612,4.02000000,-0.30000000,-0.30862344,-0.10212750,0.66585944,-0.30710582,-0.11145119,0.66585944
nominal_03,nominal,2612,4.04000000,-0.30000000,-0.30880205,-0.09254645,0.62116912,-0.30903974,-0.09669585,0.62116912
nominal_03,nominal,2612,4.06000000,-0.30000000,-0.31323560,-0.08834791,0.67998032,-0.31070313,-0.08316978,0.67998032
nominal_03,nominal,2612,4.08000000,-0.30000000,-0.30792731,-0.06805201,0.48295162,-0.31208529,-0.06910801,0.48295162
nominal_03,nominal,2612,4.10000000,-0.30000000,-0.31135791,-0.06811001,0.54499248,-0.31326111,-0.05879107,0.54499248
nominal_03,nominal,2612,4.12000000,-0.30000000,-0.31658342,-0.04885000,0.54275155,-0.31421670,-0.04777923,0.54275155
nominal_03,nominal,2612,4.14000000,-0.30000000,-0.31494969,-0.03386296,0.43840917,-0.31496003,-0.03716639,0.43840917
nominal_03,nominal,2612,4.16000000,-0.30000000,-0.31712758,-0.03082295,0.46241113,-0.31553284,-0.02864072,0.46241113
nominal_03,nominal,2612,4.18000000,-0.30000000,-0.30807277,-0.01643319,0.22747576,-0.31593274,-0.01999513,0.22747576
nominal_03,nominal,2612,4.20000000,-0.30000000,-0.31948005,-0.01087197,0.40500083,-0.31624371,-0.01554811,0.40500083
nominal_03,nominal,2612,4.22000000,-0.30000000,-0.31415924,-0.01718400,0.34078628,-0.31640949,-0.00828913,0.34078628
nominal_03,nominal,2612,4.24000000,-0.30000000,-0.31291296,-0.00511553,0.25801092,-0.31645626,-0.00233853,0.25801092
nominal_03,nominal,2612,4.26000000,-0.30000000,-0.31786233,-0.00535745,0.34830911,-0.31641551,0.00203738,0.34830911
nominal_03,nominal,2612,4.28000000,-0.30000000,-0.31470831,0.00323948,0.24855215,-0.31626003,0.00777416,0.24855215
nominal_03,nominal,2612,4.30000000,-0.30000000,-0.31624747,0.00427641,0.27107247,-0.31602682,0.01166033,0.27107247
nominal_03,nominal,2612,4.32000000,-0.30000000,-0.31460633,0.01229577,0.20143504,-0.31571094,0.01579410,0.20143504
nominal_03,nominal,2612,4.34000000,-0.30000000,-0.32045674,0.01934643,0.27148920,-0.31533830,0.01863177,0.27148920
nominal_03,nominal,2612,4.36000000,-0.30000000,-0.31288250,0.02967947,0.08348769,-0.31488743,0.02254352,0.08348769
nominal_03,nominal,2612,4.38000000,-0.30000000,-0.31568263,0.02411403,0.16171722,-0.31442355,0.02319423,0.16171722
nominal_03,nominal,2612,4.40000000,-0.30000000,-0.31415467,0.02202562,0.14465597,-0.31392101,0.02512705,0.14465597
nominal_03,nominal,2612,4.42000000,-0.30000000,-0.31876895,0.02211853,0.22724855,-0.31338677,0.02671212,0.22724855
nominal_03,nominal,2612,4.44000000,-0.30000000,-0.31507572,0.03351700,0.10377794,-0.31279434,0.02962132,0.10377794
nominal_03,nominal,2612,4.46000000,-0.30000000,-0.30582247,0.01361362,0.03673643,-0.31218679,0.03037765,0.03673643
nominal_03,nominal,2612,4.48000000,-0.30000000,-0.31139042,0.02577986,0.07612820,-0.31158695,0.02999206,0.07612820
nominal_03,nominal,2612,4.50000000,-0.30000000,-0.31535300,0.03572621,0.09772294,-0.31098144,0.03027549,0.09772294
nominal_03,nominal,2612,4.52000000,-0.30000000,-0.31137865,0.03458608,0.03188527,-0.31036325,0.03090944,0.03188527
nominal_03,nominal,2612,4.54000000,-0.30000000,-0.30551361,0.03152191,-0.05836455,-0.30975474,0.03042555,-0.05836455
nominal_03,nominal,2612,4.56000000,-0.30000000,-0.31232330,0.02182569,0.11269101,-0.30918566,0.02845376,0.11269101
nominal_03,nominal,2612,4.58000000,-0.30000000,-0.30632446,0.02261372,0.00077174,-0.30859772,0.02939695,0.00077174
nominal_03,nominal,2612,4.60000000,-0.30000000,-0.30956895,0.02478473,0.04831738,-0.30802883,0.02844431,0.04831738
nominal_03,nominal,2612,4.62000000,-0.30000000,-0.30691635,0.02678425,-0.00942704,-0.30746253,0.02831518,-0.00942704
nominal_03,nominal,2612,4.64000000,-0.30000000,-0.30902260,0.04260919,-0.05063917,-0.30691797,0.02722813,-0.05063917
nominal_03,nominal,2612,4.66000000,-0.30000000,-0.30865985,0.02778073,0.01697357,-0.30640817,0.02549008,0.01697357
nominal_03,nominal,2612,4.68000000,-0.30000000,-0.30575222,0.02390187,-0.01596931,-0.30590945,0.02493572,-0.01596931
nominal_03,nominal,2612,4.70000000,-0.30000000,-0.29959276,0.03505740,-0.18261740,-0.30543244,0.02385065,-0.18261740
nominal_03,nominal,2612,4.72000000,-0.30000000,-0.29964718,0.02588393,-0.13577045,-0.30503195,0.02002444,-0.13577045
nominal_03,nominal,2612,4.74000000,-0.30000000,-0.29927521,0.01088730,-0.06748273,-0.30468986,0.01710449,-0.06748273
nominal_03,nominal,2612,4.76000000,-0.30000000,-0.30225755,0.00963189,-0.00752347,-0.30438150,0.01541829,-0.00752347
nominal_03,nominal,2612,4.78000000,-0.30000000,-0.30427195,0.01615339,-0.00387188,-0.30408576,0.01478654,-0.00387188
nominal_03,nominal,2612,4.80000000,-0.30000000,-0.30370260,0.01185385,0.00737761,-0.30380104,0.01423638,0.00737761
nominal_03,nominal,2612,4.82000000,-0.30000000,-0.30269175,0.00955415,0.00068071,-0.30352320,0.01389173,0.00068071
nominal_03,nominal,2612,4.84000000,-0.30000000,-0.30245983,0.01539594,-0.03270278,-0.30325427,0.01344682,-0.03270278
nominal_03,nominal,2612,4.86000000,-0.30000000,-0.30669087,0.00824283,0.07922142,-0.30300506,0.01246027,0.07922142
nominal_03,nominal,2612,4.88000000,-0.30000000,-0.30592845,0.01276813,0.04287149,-0.30273764,0.01337105,0.04287149
nominal_03,nominal,2612,4.90000000,-0.30000000,-0.30284646,0.01133295,-0.00542854,-0.30246471,0.01364624,-0.00542854
nominal_03,nominal,2612,4.92000000,-0.30000000,-0.29942661,0.00175763,-0.01910923,-0.30220256,0.01310760,-0.01910923
nominal_03,nominal,2612,4.94000000,-0.30000000,-0.30002959,0.00664234,-0.03267914,-0.30195539,0.01235869,-0.03267914
nominal_03,nominal,2612,4.96000000,-0.30000000,-0.30240789,0.01452791,-0.02929746,-0.30172722,0.01140827,-0.02929746
nominal_03,nominal,2612,4.98000000,-0.30000000,-0.30521611,0.01734842,0.00714795,-0.30151632,0.01054541,0.00714795
nominal_03,nominal,2612,5.00000000,0.80000000,-0.30617683,0.00068643,12.00000000,-0.30130995,0.01031816,12.00000000
nominal_03,nominal,2612,5.02000000,0.80000000,-0.29903962,0.20481044,12.00000000,-0.29711137,0.20992917,12.00000000
nominal_03,nominal,2612,5.04000000,0.80000000,-0.29085380,0.41128301,12.00000000,-0.28905168,0.40298422,12.00000000
nominal_03,nominal,2612,5.06000000,0.80000000,-0.27738888,0.58851656,12.00000000,-0.27725771,0.58969863,12.00000000
nominal_03,nominal,2612,5.08000000,0.80000000,-0.26112387,0.77139919,12.00000000,-0.26185210,0.77028066,12.00000000
nominal_03,nominal,2612,5.10000000,0.80000000,-0.24360521,0.93664852,12.00000000,-0.24295346,0.94493171,12.00000000
nominal_03,nominal,2612,5.12000000,0.80000000,-0.22241209,1.10793647,12.00000000,-0.22067653,1.11384658,12.00000000
nominal_03,nominal,2612,5.14000000,0.80000000,-0.19527014,1.27276358,11.55104472,-0.19513226,1.27721367,11.55104472
nominal_03,nominal,2612,5.16000000,0.80000000,-0.16773693,1.43393457,10.24959195,-0.16657757,1.42773447,10.24959195
nominal_03,nominal,2612,5.18000000,0.80000000,-0.13027572,1.54991998,8.99536309,-0.13554505,1.55162618,8.99536309
nominal_03,nominal,2612,5.20000000,0.80000000,-0.09757675,1.66256176,7.84357271,-0.10253404,1.65055025,7.84357271
nominal_03,nominal,2612,5.22000000,0.80000000,-0.07089459,1.72452134,7.05349586,-0.06799337,1.72703359,7.05349586
nominal_03,nominal,2612,5.24000000,0.80000000,-0.03081600,1.79243632,5.99250634,-0.03223656,1.78784029,5.99250634
nominal_03,nominal,2612,5.26000000,0.80000000,0.00557792,1.82682644,5.16546534,0.00434286,1.82897115,5.16546534
nominal_03,nominal,2612,5.28000000,0.80000000,0.04232017,1.85631928,4.35664050,0.04144227,1.85497056,4.35664050
nominal_03,nominal,2612,5.30000000,0.80000000,0.07697799,1.85752530,3.72676965,0.07877505,1.86663901,3.72676965
nominal_03,nominal,2612,5.32000000,0.80000000,0.11937562,1.86594185,2.92152966,0.11612363,1.86742902,2.92152966
nominal_03,nominal,2612,5.34000000,0.80000000,0.15686382,1.85643754,2.29426359,0.15321915,1.85477577,2.29426359
nominal_03,nominal,2612,5.36000000,0.80000000,0.18518796,1.83000722,1.91658059,0.18986087,1.83208628,1.91658059
nominal_03,nominal,2612,5.38000000,0.80000000,0.22916370,1.78661604,1.34197317,0.22593785,1.80384887,1.34197317
nominal_03,nominal,2612,5.40000000,0.80000000,0.26211714,1.76830373,0.84037289,0.26127714,1.76696448,0.84037289
nominal_03,nominal,2612,5.42000000,0.80000000,0.29214867,1.71169369,0.58285545,0.29573581,1.72293360,0.58285545
nominal_03,nominal,2612,5.44000000,0.80000000,0.33307726,1.67719046,0.01865707,0.32925697,1.67605797,0.01865707
nominal_03,nominal,2612,5.46000000,0.80000000,0.36753657,1.63888641,-0.41009038,0.36168339,1.62132096,-0.41009038
nominal_03,nominal,2612,5.48000000,0.80000000,0.38794202,1.56466061,-0.40625948,0.39290814,1.56123772,-0.40625948
nominal_03,nominal,2612,5.50000000,0.80000000,0.42293886,1.51128286,-0.76931389,0.42297198,1.50319166,-0.76931389
nominal_03,nominal,2612,5.52000000,0.80000000,0.45321784,1.44646850,-0.99026360,0.45179203,1.44100265,-0.99026360
nominal_03,nominal,2612,5.54000000,0.80000000,0.47766785,1.37373982,-1.06672040,0.47933552,1.37717459,-1.06672040
nominal_03,nominal,2612,5.56000000,0.80000000,0.50702729,1.31165606,-1.28477161,0.50561890,1.31416891,-1.28477161
nominal_03,nominal,2612,5.58000000,0.80000000,0.52832584,1.25092499,-1.36449013,0.53061089,1.24959929,-1.36449013
nominal_03,nominal,2612,5.60000000,0.80000000,0.55221765,1.19492697,-1.51455250,0.55432733,1.18582207,-1.51455250
nominal_03,nominal,2612,5.62000000,0.80000000,0.57688084,1.12221843,-1.59494737,0.57676011,1.12163911,-1.59494737
nominal_03,nominal,2612,5.64000000,0.80000000,0.60087777,1.05005824,-1.66609111,0.59792460,1.05822458,-1.66609111
nominal_03,nominal,2612,5.66000000,0.80000000,0.61314425,1.00092120,-1.64120249,0.61783875,0.99570738,-1.64120249
nominal_03,nominal,2612,5.68000000,0.80000000,0.63682677,0.93472172,-1.73649051,0.63655191,0.93565818,-1.73649051
nominal_03,nominal,2612,5.70000000,0.80000000,0.65381890,0.86561218,-1.69680118,0.65407178,0.87599348,-1.69680118
nominal_03,nominal,2612,5.72000000,0.80000000,0.67831130,0.81557724,-1.88748958,0.67045078,0.81894971,-1.88748958
nominal_03,nominal,2612,5.74000000,0.80000000,0.68586035,0.76020559,-1.74651430,0.68566282,0.76060213,-1.74651430
nominal_03,nominal,2612,5.76000000,0.80000000,0.69806928,0.70349360,-1.68271508,0.69979322,0.70651989,-1.68271508
nominal_03,nominal,2612,5.78000000,0.80000000,0.71667552,0.65089884,-1.75465355,0.71289876,0.65527696,-1.75465355
nominal_03,nominal,2612,5.80000000,0.80000000,0.72709969,0.60557654,-1.71567704,0.72498912,0.60451837,-1.71567704
nominal_03,nominal,2612,5.82000000,0.80000000,0.73623210,0.55068011,-1.60557841,0.73611065,0.55607632,-1.60557841
nominal_03,nominal,2612,5.84000000,0.80000000,0.74304920,0.50999436,-1.52485751,0.74633185,0.51105980,-1.52485751
nominal_03,nominal,2612,5.86000000,0.80000000,0.75075569,0.47029020,-1.46505349,0.75570918,0.46886680,-1.46505349
nominal_03,nominal,2612,5.88000000,0.80000000,0.76492225,0.43701461,-1.55367354,0.76429030,0.42905605,-1.55367354
nominal_03,nominal,2612,5.90000000,0.80000000,0.77334733,0.39042569,-1.47238042,0.77207183,0.38907621,-1.47238042
nominal_03,nominal,2612,5.92000000,0.80000000,0.77938051,0.35673026,-1.41250050,0.77910711,0.35176400,-1.41250050
nominal_03,nominal,2612,5.94000000,0.80000000,0.77571967,0.31893889,-1.15764854,0.78544061,0.31667500,-1.15764854
nominal_03,nominal,2612,5.96000000,0.80000000,0.79309261,0.29496079,-1.35047083,0.79118031,0.28698493,-1.35047083
nominal_03,nominal,2612,5.98000000,0.80000000,0.79816243,0.25630225,-1.24843493,0.79628145,0.25505708,-1.24843493
nominal_03,nominal,2612,6.00000000,0.80000000,0.80326842,0.23428862,-1.23027473,0.80079901,0.22587804,-1.23027473
nominal_03,nominal,2612,6.02000000,0.80000000,0.79967341,0.20595658,-1.02390431,0.80475821,0.19795994,-1.02390431
nominal_03,nominal,2612,6.04000000,0.80000000,0.81063262,0.17217896,-1.05228196,0.80824615,0.17439741,-1.05228196
nominal_03,nominal,2612,6.06000000,0.80000000,0.81499428,0.14488628,-0.99432853,0.81126887,0.15113592,-0.99432853
nominal_03,nominal,2612,6.08000000,0.80000000,0.81575655,0.13647242,-0.96598008,0.81386095,0.12960407,-0.96598008
nominal_03,nominal,2612,6.10000000,0.80000000,0.81506170,0.10634341,-0.80282759,0.81604599,0.10925177,-0.80282759
nominal_03,nominal,2612,6.12000000,0.80000000,0.81512188,0.09527310,-0.74855930,0.81789172,0.09228643,-0.74855930
nominal_03,nominal,2612,6.14000000,0.80000000,0.81966413,0.06308932,-0.66940089,0.81942737,0.07678254,-0.66940089
nominal_03,nominal,2612,6.16000000,0.80000000,0.81713171,0.05467826,-0.58176201,0.82068951,0.06310684,-0.58176201
nominal_03,nominal,2612,6.18000000,0.80000000,0.82074462,0.06091321,-0.67796915,0.82171632,0.05134057,-0.67796915
nominal_03,nominal,2612,6.20000000,0.80000000,0.82114923,0.04475564,-0.60446431,0.82248347,0.03835771,-0.60446431
nominal_03,nominal,2612,6.22000000,0.80000000,0.82012272,0.02538825,-0.48915015,0.82302399,0.02702602,-0.48915015
nominal_03,nominal,2612,6.24000000,0.80000000,0.82362112,0.01383610,-0.49436073,0.82338375,0.01798792,-0.49436073
nominal_03,nominal,2612,6.26000000,0.80000000,0.82313676,0.00667707,-0.44984709,0.82356695,0.00915985,-0.44984709
nominal_03,nominal,2612,6.28000000,0.80000000,0.81846202,0.00705614,-0.36759706,0.82359422,0.00136344,-0.36759706
nominal_03,nominal,2612,6.30000000,0.80000000,0.82274911,0.00121943,-0.41558117,0.82349809,-0.00480643,-0.41558117
nominal_03,nominal,2612,6.32000000,0.80000000,0.82782099,-0.01585423,-0.42150671,0.82326662,-0.01157318,-0.42150671
nominal_03,nominal,2612,6.34000000,0.80000000,0.82582909,-0.01026214,-0.41361297,0.82290230,-0.01821643,-0.41361297
nominal_03,nominal,2612,6.36000000,0.80000000,0.82115230,-0.02923633,-0.23455980,0.82241210,-0.02450996,-0.23455980
nominal_03,nominal,2612,6.38000000,0.80000000,0.82495925,-0.02888400,-0.30484647,0.82185983,-0.02761331,-0.30484647
nominal_03,nominal,2612,6.40000000,0.80000000,0.82202432,-0.02733724,-0.25975159,0.82122411,-0.03178589,-0.25975159
nominal_03,nominal,2612,6.42000000,0.80000000,0.82387719,-0.03263784,-0.26660021,0.82052271,-0.03507003,-0.26660021
nominal_03,nominal,2612,6.44000000,0.80000000,0.81587306,-0.03926333,-0.08939840,0.81975550,-0.03836043,-0.08939840
nominal_03,nominal,2612,6.46000000,0.80000000,0.82211875,-0.04174777,-0.18939862,0.81898370,-0.03859013,-0.18939862
nominal_03,nominal,2612,6.48000000,0.80000000,0.81359380,-0.04941896,0.00240650,0.81817413,-0.04047854,0.00240650
nominal_03,nominal,2612,6.50000000,0.80000000,0.81968543,-0.03383434,-0.18516594,0.81739195,-0.03910898,-0.18516594
nominal_03,nominal,2612,6.52000000,0.80000000,0.81867118,-0.03339579,-0.16910235,0.81657375,-0.04090982,-0.16910235
nominal_03,nominal,2612,6.54000000,0.80000000,0.81663060,-0.03829008,-0.10790033,0.81572608,-0.04238386,-0.10790033
nominal_03,nominal,2612,6.56000000,0.80000000,0.80942238,-0.03146107,-0.01229747,0.81487028,-0.04278971,-0.01229747
nominal_03,nominal,2612,6.58000000,0.80000000,0.81008827,-0.04053995,0.02111089,0.81403850,-0.04158924,0.02111089
nominal_03,nominal,2612,6.60000000,0.80000000,0.80985637,-0.03918883,0.01852949,0.81324107,-0.03987154,0.01852949
nominal_03,nominal,2612,6.62000000,0.80000000,0.80972636,-0.03285367,-0.01080620,0.81247600,-0.03825327,-0.01080620
nominal_03,nominal,2612,6.64000000,0.80000000,0.80826521,-0.03689146,0.03568357,0.81173246,-0.03717695,0.03568357
nominal_03,nominal,2612,6.66000000,0.80000000,0.81534957,-0.02963345,-0.12812504,0.81102524,-0.03536134,-0.12812504
nominal_03,nominal,2612,6.68000000,0.80000000,0.80732460,-0.03691912,0.05275286,0.81029854,-0.03633483,0.05275286
nominal_03,nominal,2612,6.70000000,0.80000000,0.81286098,-0.03466025,-0.05819640,0.80961329,-0.03426247,-0.05819640
nominal_03,nominal,2612,6.72000000,0.80000000,0.80951835,-0.02768000,-0.03293022,0.80893115,-0.03410686,-0.03293022
nominal_03,nominal,2612,6.74000000,0.80000000,0.80504381,-0.04182981,0.11836049,0.80826044,-0.03353536,0.11836049
nominal_03,nominal,2612,6.76000000,0.80000000,0.80580802,-0.03658202,0.07836573,0.80765121,-0.03046176,0.07836573
nominal_03,nominal,2612,6.78000000,0.80000000,0.80823368,-0.02826264,-0.00689304,0.80708810,-0.02815552,-0.00689304
nominal_03,nominal,2612,6.80000000,0.80000000,0.80504963,-0.03350378,0.07662564,0.80654119,-0.02734564,0.07662564
nominal_03,nominal,2612,6.82000000,0.80000000,0.79953939,-0.02462655,0.13142365,0.80603777,-0.02517074,0.13142365
nominal_03,nominal,2612,6.84000000,0.80000000,0.80811642,-0.03073929,0.00760090,0.80559469,-0.02215419,0.00760090
nominal_03,nominal,2612,6.86000000,0.80000000,0.80252577,-0.01358264,0.02244942,0.80516869,-0.02129992,0.02244942
nominal_03,nominal,2612,6.88000000,0.80000000,0.81214743,-0.02085421,-0.11438275,0.80476416,-0.02022629,-0.11438275
nominal_03,nominal,2612,6.90000000,0.80000000,0.80436125,-0.01308016,-0.01310167,0.80433481,-0.02146788,-0.01310167
nominal_03,nominal,2612,6.92000000,0.80000000,0.80562879,-0.02821404,0.03975190,0.80391518,-0.02098110,0.03975190
nominal_03,nominal,2612,6.94000000,0.80000000,0.80726363,-0.02235871,-0.01895168,0.80352259,-0.01962964,-0.01895168
nominal_03,nominal,2612,6.96000000,0.80000000,0.80338188,-0.02816396,0.07994601,0.80313658,-0.01930072,0.07994601
nominal_03,nominal,2612,6.98000000,0.80000000,0.80461767,-0.00571391,-0.05454841,0.80278988,-0.01733471,-0.05454841
nominal_03,nominal,2612,7.00000000,0.80000000,0.80293312,-0.01886497,0.04152873,0.80243640,-0.01767429,0.04152873
nominal_03,nominal,2612,7.02000000,0.80000000,0.80341811,-0.00713208,-0.02586559,0.80210836,-0.01640183,-0.02586559
nominal_03,nominal,2612,7.04000000,0.80000000,0.79842808,-0.02409698,0.14877946,0.80178248,-0.01629412,0.14877946
nominal_03,nominal,2612,7.06000000,0.80000000,0.80011218,-0.00956712,0.04581640,0.80151688,-0.01327992,0.04581640
nominal_03,nominal,2612,7.08000000,0.80000000,0.79893284,-0.01353923,0.08690506,0.80127527,-0.01208034,0.08690506
nominal_03,nominal,2612,7.10000000,0.80000000,0.80086488,-0.00924364,0.03065034,0.80107056,-0.01023553,0.03065034
nominal_03,nominal,2612,7.12000000,0.80000000,0.79967861,-0.00886412,0.05010560,0.80088279,-0.00938864,0.05010560
nominal_03,nominal,2612,7.14000000,0.80000000,0.80739224,-0.01022027,-0.08195900,0.80071788,-0.00824540,-0.08195900
nominal_03,nominal,2612,7.16000000,0.80000000,0.80303687,-0.00624351,-0.02344606,0.80053108,-0.00934023,-0.02344606
nominal_03,nominal,2612,7.18000000,0.80000000,0.80036306,-0.01129449,0.04993736,0.80034259,-0.00942414,0.04993736
nominal_03,nominal,2612,7.20000000,0.80000000,0.80322777,-0.00642457,-0.02597701,0.80017694,-0.00828253,-0.02597701
nominal_03,nominal,2612,7.22000000,0.80000000,0.79333027,-0.00847686,0.16243945,0.80000808,-0.00844334,0.16243945
nominal_03,nominal,2612,7.24000000,0.80000000,0.79986866,-0.00530588,0.02889358,0.79989889,-0.00545939,0.02889358
nominal_03,nominal,2612,7.26000000,0.80000000,0.79716519,-0.00255928,0.06382300,0.79980292,-0.00479864,0.06382300
nominal_03,nominal,2612,7.28000000,0.80000000,0.79730051,-0.00153497,0.05626568,0.79973136,-0.00357759,0.05626568
nominal_03,nominal,2612,7.30000000,0.80000000,0.79871257,0.00027749,0.02178625,0.79968091,-0.00252256,0.02178625
nominal_03,nominal,2612,7.32000000,0.80000000,0.79573851,-0.01261263,0.13976998,0.79963938,-0.00207670,0.13976998
nominal_03,nominal,2612,7.34000000,0.80000000,0.79752793,0.00715200,0.00873730,0.79964579,0.00032043,0.00873730
nominal_03,nominal,2612,7.36000000,0.80000000,0.79960217,-0.00570166,0.03566917,0.79965490,0.00045549,0.03566917
nominal_03,nominal,2612,7.38000000,0.80000000,0.80058257,-0.00435588,0.01129308,0.79967559,0.00103486,0.01129308
nominal_03,nominal,2612,7.40000000,0.80000000,0.79739327,0.00224513,0.03569556,0.79969938,0.00118905,0.03569556
nominal_03,nominal,2612,7.42000000,0.80000000,0.79998957,-0.00842547,0.04231502,0.79973427,0.00174477,0.04231502
nominal_03,nominal,2612,7.44000000,0.80000000,0.79920552,0.00474094,-0.00940407,0.79978212,0.00239254,-0.00940407
nominal_03,nominal,2612,7.46000000,0.80000000,0.79860673,0.00576792,-0.00376076,0.79982527,0.00215726,-0.00376076
nominal_03,nominal,2612,7.48000000,0.80000000,0.79729652,-0.00550309,0.07617815,0.79986574,0.00202375,0.07617815
nominal_03,nominal,2612,7.50000000,0.80000000,0.79670667,-0.00189938,0.06877683,0.79993027,0.00322660,0.06877683
nominal_03,nominal,2612,7.52000000,0.80000000,0.80107348,0.00174043,-0.02802482,0.80001561,0.00426662,-0.02802482
nominal_03,nominal,2612,7.54000000,0.80000000,0.79991637,0.00836553,-0.04032230,0.80008880,0.00365952,-0.04032230
nominal_03,nominal,2612,7.56000000,0.80000000,0.79981017,0.00012431,0.00279545,0.80014615,0.00286746,0.00279545
nominal_03,nominal,2612,7.58000000,0.80000000,0.80360849,0.00892326,-0.10956905,0.80020254,0.00281986,-0.10956905
nominal_03,nominal,2612,7.60000000,0.80000000,0.79911672,0.00078125,0.01199278,0.80022057,0.00090156,0.01199278
nominal_03,nominal,2612,7.62000000,0.80000000,0.79938342,-0.00685121,0.04535452,0.80024201,0.00107177,0.04535452
nominal_03,nominal,2612,7.64000000,0.80000000,0.79628790,-0.01032496,0.11844255,0.80027786,0.00179229,0.11844255
nominal_03,nominal,2612,7.66000000,0.80000000,0.80382247,-0.00092954,-0.06415682,0.80035200,0.00370698,-0.06415682
nominal_03,nominal,2612,7.68000000,0.80000000,0.79741645,-0.00243881,0.05869791,0.80040232,0.00251621,0.05869791
nominal_03,nominal,2612,7.70000000,0.80000000,0.80254117,-0.00509715,-0.02025528,0.80047055,0.00341162,-0.02025528
nominal_03,nominal,2612,7.72000000,0.80000000,0.80329972,0.00908903,-0.10484000,0.80052979,0.00296207,-0.10484000
nominal_03,nominal,2612,7.74000000,0.80000000,0.80411533,0.00221175,-0.08513469,0.80055215,0.00111789,-0.08513469
nominal_03,nominal,2612,7.76000000,0.80000000,0.80144777,0.00181228,-0.03512127,0.80054540,-0.00033738,-0.03512127
nominal_03,nominal,2612,7.78000000,0.80000000,0.80133409,-0.00337273,-0.00714989,0.80052717,-0.00091151,-0.00714989
nominal_03,nominal,2612,7.80000000,0.80000000,0.79790456,-0.00811565,0.07829622,0.80050716,-0.00100071,0.07829622
nominal_03,nominal,2612,7.82000000,0.80000000,0.80509522,-0.00446541,-0.06938698,0.80051389,0.00033677,-0.06938698
nominal_03,nominal,2612,7.84000000,0.80000000,0.79949609,0.00645629,-0.02321107,0.80049729,-0.00083045,-0.02321107
nominal_03,nominal,2612,7.86000000,0.80000000,0.79633659,0.00790001,0.02644128,0.80047349,-0.00118993,0.02644128
nominal_03,nominal,2612,7.88000000,0.80000000,0.79495788,-0.00321991,0.10685765,0.80045928,-0.00071027,0.10685765
nominal_03,nominal,2612,7.90000000,0.80000000,0.79922435,-0.00456288,0.03677601,0.80048115,0.00109357,0.03677601
nominal_03,nominal,2612,7.92000000,0.80000000,0.79769449,0.01306648,-0.02383313,0.80051456,0.00167043,-0.02383313
nominal_03,nominal,2612,7.94000000,0.80000000,0.79907755,0.00119236,0.01064240,0.80053893,0.00121845,0.01064240
nominal_03,nominal,2612,7.96000000,0.80000000,0.79310569,-0.00112284,0.12971173,0.80056605,0.00135576,0.12971173
nominal_03,nominal,2612,7.98000000,0.80000000,0.79698878,-0.00021021,0.12971173,0.80063550,0.00347256,0.12971173
nominal_04,nominal,2613,0.00000000,0.00000000,0.00144933,0.00203621,-0.03626894,0.00000000,0.00000000,-0.03626894
nominal_04,nominal,2613,0.02000000,0.00000000,0.00182254,0.00467218,-0.05616667,-0.00001183,-0.00059136,-0.05616667
nominal_04,nominal,2613,0.04000000,0.00000000,-0.00362886,-0.00839910,0.10731491,-0.00004160,-0.00148842,0.10731491
nominal_04,nominal,2613,0.06000000,0.00000000,0.00110917,-0.01289490,0.04450947,-0.00003543,0.00030845,0.04450947
nominal_04,nominal,2613,0.08000000,0.00000000,-0.00062698,0.00656615,-0.02154516,-0.00001494,0.00102440,-0.02154516
nominal_04,nominal,2613,0.10000000,0.00000000,0.00609949,0.00386945,-0.12913810,-0.00000212,0.00064068,-0.12913810
nominal_04,nominal,2613,0.12000000,0.00000000,-0.00244540,-0.00685573,0.07829578,-0.00003183,-0.00148517,0.07829578
nominal_04,nominal,2613,0.14000000,0.00000000,0.00140450,-0.01249987,0.03721827,-0.00003506,-0.00016156,0.03721827
nominal_04,nominal,2613,0.16000000,0.00000000,0.00312113,0.00561172,-0.08423896,-0.00002605,0.00045039,-0.08423896
nominal_04,nominal,2613,0.18000000,0.00000000,-0.00153259,-0.00653578,0.06026543,-0.00004480,-0.00093736,0.06026543
nominal_04,nominal,2613,0.20000000,0.00000000,-0.00345230,0.00224156,0.05093357,-0.00004330,0.00007493,0.05093357
nominal_04,nominal,2613,0.22000000,0.00000000,0.00176325,-0.01218308,0.02917697,-0.00002524,0.00090302,0.02917697
nominal_04,nominal,2613,0.24000000,0.00000000,-0.00349838,0.00066238,0.05965890,0.00000176,0.00135015,0.05965890
nominal_04,nominal,2613,0.26000000,0.00000000,-0.00355131,-0.00679484,0.09789779,0.00004737,0.00228013,0.09789779
nominal_04,nominal,2613,0.28000000,0.00000000,-0.00037401,0.00453891,-0.01596234,0.00012345,0.00380414,-0.01596234
nominal_04,nominal,2613,0.30000000,0.00000000,-0.00097886,0.00205821,0.00732844,0.00019192,0.00342344,0.00732844
nominal_04,nominal,2613,0.32000000,0.00000000,0.00261701,0.00910581,-0.09263526,0.00026061,0.00343454,-0.09263526
nominal_04,nominal,2613,0.34000000,0.00000000,0.00152340,0.00099490,-0.03239577,0.00029692,0.00181540,-0.03239577
nominal_04,nominal,2613,0.36000000,0.00000000,-0.00011140,-0.01140912,0.05905081,0.00032151,0.00122972,0.05905081
nominal_04,nominal,2613,0.38000000,0.00000000,-0.00029984,0.00755703,-0.03238797,0.00036458,0.00215360,-0.03238797
nominal_04,nominal,2613,0.40000000,0.00000000,0.00229396,0.00096779,-0.04613013,0.00039573,0.00155733,-0.04613013
nominal_04,nominal,2613,0.42000000,0.00000000,-0.00505880,0.00748873,0.05361470,0.00041085,0.00075589,0.05361470
nominal_04,nominal,2613,0.44000000,0.00000000,0.00039064,0.00328452,-0.02345403,0.00044297,0.00160613,-0.02345403
nominal_04,nominal,2613,0.46000000,0.00000000,-0.00338980,-0.00501296,0.08608117,0.00046643,0.00117287,0.08608117
nominal_04,nominal,2613,0.48000000,0.00000000,0.00230554,-0.00687652,-0.00711705,0.00051721,0.00253927,-0.00711705
nominal_04,nominal,2613,0.50000000,0.00000000,-0.00128673,0.00395132,0.00340459,0.00056407,0.00234283,0.00340459
nominal_04,nominal,2613,0.52000000,0.00000000,0.00028795,0.01198088,-0.06508751,0.00061055,0.00232417,-0.06508751
nominal_04,nominal,2613,0.54000000,0.00000000,0.00351728,-0.00101429,-0.05823959,0.00063434,0.00118935,-0.05823959
nominal_04,nominal,2613,0.56000000,0.00000000,0.00138491,-0.00742454,0.01219427,0.00063838,0.00020211,0.01219427
nominal_04,nominal,2613,0.58000000,0.00000000,-0.00242285,0.00496719,0.01877538,0.00064627,0.00039453,0.01877538
nominal_04,nominal,2613,0.60000000,0.00000000,-0.00101377,-0.00037032,0.02009944,0.00066004,0.00068817,0.02009944
nominal_04,nominal,2613,0.62000000,0.00000000,0.00079464,0.00169592,-0.02278302,0.00067992,0.00099410,-0.02278302
nominal_04,nominal,2613,0.64000000,0.00000000,0.00439657,-0.00088033,-0.07473656,0.00069174,0.00059115,-0.07473656
nominal_04,nominal,2613,0.66000000,0.00000000,0.00337623,-0.00279980,-0.04677315,0.00067882,-0.00064612,-0.04677315
nominal_04,nominal,2613,0.68000000,0.00000000,-0.00222772,0.00564941,0.01185201,0.00065105,-0.00138829,0.01185201
nominal_04,nominal,2613,0.70000000,0.00000000,0.00385683,-0.00831460,-0.02784993,0.00062803,-0.00115109,-0.02784993
nominal_04,nominal,2613,0.72000000,0.00000000,-0.00198675,0.00226518,0.02443559,0.00059666,-0.00156874,0.02443559
nominal_04,nominal,2613,0.74000000,0.00000000,0.00412402,0.00648314,-0.10664805,0.00057424,-0.00112065,-0.10664805
nominal_04,nominal,2613,0.76000000,0.00000000,0.00004654,-0.00606047,0.02946454,0.00051776,-0.00282404,0.02946454
nominal_04,nominal,2613,0.78000000,0.00000000,-0.00123273,-0.00269536,0.03566596,0.00047268,-0.00225422,0.03566596
nominal_04,nominal,2613,0.80000000,0.00000000,0.00369723,0.00093577,-0.07122907,0.00044065,-0.00160133,-0.07122907
nominal_04,nominal,2613,0.82000000,0.00000000,0.00079020,0.00420790,-0.03526307,0.00038641,-0.00271200,-0.03526307
nominal_04,nominal,2613,0.84000000,0.00000000,-0.00462644,-0.01039821,0.13526696,0.00032239,-0.00320109,0.13526696
nominal_04,nominal,2613,0.86000000,0.00000000,-0.00364798,0.01136534,0.00883687,0.00030450,-0.00089425,0.00883687
nominal_04,nominal,2613,0.88000000,0.00000000,-0.00116913,0.01059342,-0.03192273,0.00029007,-0.00072185,-0.03192273
nominal_04,nominal,2613,0.90000000,0.00000000,0.00177241,-0.00108090,-0.02649889,0.00026568,-0.00121949,-0.02649889
nominal_04,nominal,2613,0.92000000,0.00000000,0.00121684,-0.00647091,0.01045137,0.00023342,-0.00161294,0.01045137
nominal_04,nominal,2613,0.94000000,0.00000000,-0.00306977,-0.00880286,0.09927018,0.00020559,-0.00139147,0.09927018
nominal_04,nominal,2613,0.96000000,0.00000000,0.00313329,0.01581105,-0.13545449,0.00021101,0.00027116,-0.13545449
nominal_04,nominal,2613,0.98000000,0.00000000,0.00287904,-0.00546711,-0.02448722,0.00017209,-0.00194597,-0.02448722
nominal_04,nominal,2613,1.00000000,0.50000000,-0.00126717,-0.00525844,9.04910120,0.00012642,-0.00228362,9.04910120
nominal_04,nominal,2613,1.02000000,0.50000000,0.00480306,0.14958781,8.16560580,0.00303306,0.14533212,8.16560580
nominal_04,nominal,2613,1.04000000,0.50000000,0.00251398,0.27636101,7.57294325,0.00851044,0.27386909,7.57294325
nominal_04,nominal,2613,1.06000000,0.50000000,0.01383285,0.39633536,6.76933190,0.01628391,0.38867331,6.76933190
nominal_04,nominal,2613,1.08000000,0.50000000,0.02359479,0.48979601,6.12631370,0.02601871,0.48674008,6.12631370
nominal_04,nominal,2613,1.10000000,0.50000000,0.03679067,0.56871185,5.49420872,0.03744307,0.57121776,5.49420872
nominal_04,nominal,2613,1.12000000,0.50000000,0.04577067,0.64588529,4.94670142,0.05029736,0.64271451,4.94670142
nominal_04,nominal,2613,1.14000000,0.50000000,0.05959004,0.70627065,4.39602597,0.06435777,0.70302066,4.39602597
nominal_04,nominal,2613,1.16000000,0.50000000,0.07803896,0.73960324,3.89728258,0.07940655,0.75243887,3.89728258
nominal_04,nominal,2613,1.18000000,0.50000000,0.09248398,0.78830545,3.39376107,0.09524976,0.79216058,3.39376107
nominal_04,nominal,2613,1.20000000,0.50000000,0.10908028,0.83127905,2.88015969,0.11169806,0.82241488,2.88015969
nominal_04,nominal,2613,1.22000000,0.50000000,0.12665522,0.84067788,2.51681658,0.12856480,0.84333717,2.51681658
nominal_04,nominal,2613,1.24000000,0.50000000,0.14560041,0.85613056,2.09853985,0.14571826,0.85767283,2.09853985
nominal_04,nominal,2613,1.26000000,0.50000000,0.16426033,0.85698723,1.75837794,0.16301295,0.86473471,1.75837794
nominal_04,nominal,2613,1.28000000,0.50000000,0.17931003,0.86063703,1.46923437,0.18033349,0.86602676,1.46923437
nominal_04,nominal,2613,1.30000000,0.50000000,0.19831417,0.86265102,1.11708981,0.19758476,0.86256347,1.11708981
nominal_04,nominal,2613,1.32000000,0.50000000,0.21228061,0.85420750,0.90791143,0.21465412,0.85346821,0.90791143
nominal_04,nominal,2613,1.34000000,0.50000000,0.22951888,0.84630568,0.63713179,0.23147913,0.84125030,0.63713179
nominal_04,nominal,2613,1.36000000,0.50000000,0.24552053,0.82795569,0.44085205,0.24797921,0.82500422,0.44085205
nominal_04,nominal,2613,1.38000000,0.50000000,0.26033365,0.81084617,0.25976346,0.26410065,0.80607220,0.25976346
nominal_04,nominal,2613,1.40000000,0.50000000,0.28167300,0.78327771,0.01349742,0.27979639,0.78478697,0.01349742
nominal_04,nominal,2613,1.42000000,0.50000000,0.29532131,0.75848088,-0.10818800,0.29499960,0.76016033,-0.10818800
nominal_04,nominal,2613,1.44000000,0.50000000,0.30905329,0.73424013,-0.23415990,0.30968619,0.73432933,-0.23415990
nominal_04,nominal,2613,1.46000000,0.50000000,0.32356797,0.71774550,-0.41295104,0.32383143,0.70726221,-0.41295104
nominal_04,nominal,2613,1.48000000,0.50000000,0.33635854,0.67510344,-0.42997102,0.33739417,0.67813690,-0.42997102
nominal_04,nominal,2613,1.50000000,0.50000000,0.34930767,0.65307035,-0.55288984,0.35038729,0.64965621,-0.55288984
nominal_04,nominal,2613,1.52000000,0.50000000,0.35907189,0.62152315,-0.57090971,0.36278875,0.62007306,-0.57090971
nominal_04,nominal,2613,1.54000000,0.50000000,0.36953824,0.60416169,-0.67249679,0.37461141,0.59113272,-0.67249679
nominal_04,nominal,2613,1.56000000,0.50000000,0.38609231,0.55493167,-0.72431990,0.38584045,0.56145229,-0.72431990
nominal_04,nominal,2613,1.58000000,0.50000000,0.39580624,0.52231436,-0.73608406,0.39647779,0.53186659,-0.73608406
nominal_04,nominal,2613,1.60000000,0.50000000,0.40580113,0.50766699,-0.84275524,0.40653830,0.50302578,-0.84275524
nominal_04,nominal,2613,1.62000000,0.50000000,0.41564066,0.46605729,-0.81181838,0.41600548,0.47335884,-0.81181838
nominal_04,nominal,2613,1.64000000,0.50000000,0.42530714,0.44454012,-0.87822914,0.42490819,0.44513558,-0.87822914
nominal_04,nominal,2613,1.66000000,0.50000000,0.43363664,0.41526977,-0.88180842,0.43324265,0.41672307,-0.88180842
nominal_04,nominal,2613,1.68000000,0.50000000,0.44028693,0.38910407,-0.87068511,0.44102569,0.38915175,-0.87068511
nominal_04,nominal,2613,1.70000000,0.50000000,0.44992358,0.36118507,-0.90454975,0.44827838,0.36263471,-0.90454975
nominal_04,nominal,2613,1.72000000,0.50000000,0.45821116,0.33162140,-0.90590785,0.45500648,0.33640507,-0.90590785
nominal_04,nominal,2613,1.74000000,0.50000000,0.46296352,0.30921977,-0.87944217,0.46122616,0.31098372,-0.87944217
nominal_04,nominal,2613,1.76000000,0.50000000,0.46870640,0.27974715,-0.83545104,0.46696213,0.28679874,-0.83545104
nominal_04,nominal,2613,1.78000000,0.50000000,0.47006475,0.25777228,-0.75002688,0.47224407,0.26409673,-0.75002688
nominal_04,nominal,2613,1.80000000,0.50000000,0.47949715,0.23758751,-0.81888626,0.47711419,0.24350630,-0.81888626
nominal_04,nominal,2613,1.82000000,0.50000000,0.47868505,0.23026430,-0.76765239,0.48156309,0.22244504,-0.76765239
nominal_04,nominal,2613,1.84000000,0.50000000,0.48559726,0.19689916,-0.72524641,0.48562081,0.20288594,-0.72524641
nominal_04,nominal,2613,1.86000000,0.50000000,0.48522042,0.17496087,-0.60877190,0.48931356,0.18463751,-0.60877190
nominal_04,nominal,2613,1.88000000,0.50000000,0.49626471,0.17412035,-0.80336661,0.49269088,0.16886592,-0.80336661
nominal_04,nominal,2613,1.90000000,0.50000000,0.49471353,0.15094377,-0.65956234,0.49569930,0.15042085,-0.65956234
nominal_04,nominal,2613,1.92000000,0.50000000,0.49885843,0.13077394,-0.63332146,0.49839739,0.13490445,-0.63332146
nominal_04,nominal,2613,1.94000000,0.50000000,0.50443940,0.10598687,-0.60984362,0.50080353,0.12030716,-0.60984362
nominal_04,nominal,2613,1.96000000,0.50000000,0.49927395,0.11315490,-0.55270551,0.50293463,0.10655482,-0.55270551
nominal_04,nominal,2613,1.98000000,0.50000000,0.50498729,0.09842684,-0.58190539,0.50481802,0.09416952,-0.58190539
nominal_04,nominal,2613,2.00000000,0.50000000,0.50778533,0.08364225,-0.55834713,0.50645202,0.08170024,-0.55834713
nominal_04,nominal,2613,2.02000000,0.50000000,0.50901260,0.06520194,-0.48823652,0.50785222,0.07000985,-0.48823652
nominal_04,nominal,2613,2.04000000,0.50000000,0.50785599,0.06225073,-0.45266141,0.50904887,0.05983273,-0.45266141
nominal_04,nominal,2613,2.06000000,0.50000000,0.51107401,0.04946264,-0.44664546,0.51006003,0.05055786,-0.44664546
nominal_04,nominal,2613,2.08000000,0.50000000,0.50869471,0.04761936,-0.39460161,0.51089352,0.04167473,-0.39460161
nominal_04,nominal,2613,2.10000000,0.50000000,0.51373916,0.03049176,-0.39976362,0.51157195,0.03392140,-0.39976362
nominal_04,nominal,2613,2.12000000,0.50000000,0.50838453,0.02327164,-0.26727967,0.51209854,0.02632939,-0.26727967
nominal_04,nominal,2613,2.14000000,0.50000000,0.51993727,0.01065777,-0.41215976,0.51252130,0.02113786,-0.41215976
nominal_04,nominal,2613,2.16000000,0.50000000,0.50886404,0.01483868,-0.23374609,0.51279627,0.01374845,-0.23374609
nominal_04,nominal,2613,2.18000000,0.50000000,0.51157357,0.01881486,-0.30239856,0.51298631,0.00950200,-0.30239856
nominal_04,nominal,2613,2.20000000,0.50000000,0.51736170,-0.00506211,-0.28720001,0.51307172,0.00427062,-0.28720001
nominal_04,nominal,2613,2.22000000,0.50000000,0.51447901,0.00216931,-0.27146873,0.51306077,-0.00054731,-0.27146873
nominal_04,nominal,2613,2.24000000,0.50000000,0.51271801,-0.02070551,-0.12539665,0.51296165,-0.00495622,-0.12539665
nominal_04,nominal,2613,2.26000000,0.50000000,0.51316874,-0.00856515,-0.19421160,0.51282477,-0.00684386,-0.19421160
nominal_04,nominal,2613,2.28000000,0.50000000,0.51241346,-0.00984896,-0.17419749,0.51262890,-0.00979376,-0.17419749
nominal_04,nominal,2613,2.30000000,0.50000000,0.51448426,-0.00714656,-0.22498379,0.51238242,-0.01232393,-0.22498379
nominal_04,nominal,2613,2.32000000,0.50000000,0.51121743,-0.02279004,-0.08796354,0.51207038,-0.01560206,-0.08796354
nominal_04,nominal,2613,2.34000000,0.50000000,0.51616831,-0.02052081,-0.18842552,0.51173953,-0.01654231,-0.18842552
nominal_04,nominal,2613,2.36000000,0.50000000,0.51000628,-0.01745353,-0.09284536,0.51135771,-0.01909081,-0.09284536
nominal_04,nominal,2613,2.38000000,0.50000000,0.50883964,-0.02100141,-0.05410641,0.51095771,-0.02000021,-0.05410641
nominal_04,nominal,2613,2.40000000,0.50000000,0.51209819,-0.01776396,-0.12894764,0.51055273,-0.02024919,-0.12894764
nominal_04,nominal,2613,2.42000000,0.50000000,0.50564101,-0.01732087,-0.01493382,0.51011851,-0.02171055,-0.01493382
nominal_04,nominal,2613,2.44000000,0.50000000,0.51081665,-0.02655010,-0.06194913,0.50969318,-0.02126667,-0.06194913
nominal_04,nominal,2613,2.46000000,0.50000000,0.51287481,-0.01687584,-0.14736743,0.50926111,-0.02160343,-0.14736743
nominal_04,nominal,2613,2.48000000,0.50000000,0.51469568,-0.02123705,-0.15833695,0.50879467,-0.02332224,-0.15833695
nominal_04,nominal,2613,2.50000000,0.50000000,0.51149644,-0.02124870,-0.10069242,0.50829136,-0.02516550,-0.10069242
nominal_04,nominal,2613,2.52000000,0.50000000,0.50839817,-0.03612495,0.02945764,0.50777115,-0.02601051,0.02945764
nominal_04,nominal,2613,2.54000000,0.50000000,0.50777686,-0.03675104,0.04377168,0.50727701,-0.02470671,0.04377168
nominal_04,nominal,2613,2.56000000,0.50000000,0.50760080,-0.02347319,-0.01944839,0.50681280,-0.02321080,-0.01944839
nominal_04,nominal,2613,2.58000000,0.50000000,0.50702914,-0.02903260,0.01863850,0.50635694,-0.02279303,0.01863850
nominal_04,nominal,2613,2.60000000,0.50000000,0.50724769,-0.02720273,0.00555526,0.50592159,-0.02176750,0.00555526
nominal_04,nominal,2613,2.62000000,0.50000000,0.51003853,-0.01873871,-0.08700003,0.50550183,-0.02098775,-0.08700003
nominal_04,nominal,2613,2.64000000,0.50000000,0.50919837,-0.02579529,-0.03659431,0.50506700,-0.02174179,-0.03659431
nominal_04,nominal,2613,2.66000000,0.50000000,0.49951855,-0.02251229,0.12122753,0.50463399,-0.02165009,0.12122753
nominal_04,nominal,2613,2.68000000,0.50000000,0.49704442,-0.01852784,0.14583963,0.50425423,-0.01898805,0.14583963
nominal_04,nominal,2613,2.70000000,0.50000000,0.50236249,-0.01302699,0.02261014,0.50393405,-0.01600900,0.02261014
nominal_04,nominal,2613,2.72000000,0.50000000,0.50247751,-0.01406996,0.02575464,0.50363138,-0.01513350,0.02575464
nominal_04,nominal,2613,2.74000000,0.50000000,0.50079718,-0.01040776,0.03768951,0.50334669,-0.01423444,0.03768951
nominal_04,nominal,2613,2.76000000,0.50000000,0.50199690,-0.01104367,0.01927410,0.50308331,-0.01316925,0.01927410
nominal_04,nominal,2613,2.78000000,0.50000000,0.50387680,-0.02151317,0.03778344,0.50283455,-0.01243805,0.03778344
nominal_04,nominal,2613,2.80000000,0.50000000,0.50004436,-0.00836599,0.04103146,0.50260598,-0.01142821,0.04103146
nominal_04,nominal,2613,2.82000000,0.50000000,0.50261487,-0.00823688,-0.00588331,0.50239804,-0.01039738,-0.00588331
nominal_04,nominal,2613,2.84000000,0.50000000,0.49613473,-0.00740232,0.10658652,0.50219475,-0.01016412,0.10658652
nominal_04,nominal,2613,2.86000000,0.50000000,0.49828494,-0.01288742,0.09530815,0.50203266,-0.00810445,0.09530815
nominal_04,nominal,2613,2.88000000,0.50000000,0.50771675,-0.00049934,-0.13640477,0.50190679,-0.00629388,-0.13640477
nominal_04,nominal,2613,2.90000000,0.50000000,0.49732747,-0.00026142,0.04941267,0.50174041,-0.00831866,0.04941267
nominal_04,nominal,2613,2.92000000,0.50000000,0.50164320,-0.00656428,0.00324374,0.50159542,-0.00724963,0.00324374
nominal_04,nominal,2613,2.94000000,0.50000000,0.50509983,-0.00828007,-0.05039652,0.50145608,-0.00696721,-0.05039652
nominal_04,nominal,2613,2.96000000,0.50000000,0.50700113,-0.01072898,-0.07237549,0.50130471,-0.00756833,-0.07237549
nominal_04,nominal,2613,2.98000000,0.50000000,0.50543298,-0.00047014,-0.09544303,0.50113454,-0.00850878,-0.09544303
nominal_04,nominal,2613,3.00000000,-0.30000000,0.50640173,-0.01419163,-12.00000000,0.50093862,-0.00979556,-12.00000000
nominal_04,nominal,2613,3.02000000,-0.30000000,0.49943557,-0.20017495,-12.00000000,0.49683577,-0.20514257,-12.00000000
nominal_04,nominal,2613,3.04000000,-0.30000000,0.49073584,-0.39876713,-12.00000000,0.48894968,-0.39430481,-12.00000000
nominal_04,nominal,2613,3.06000000,-0.30000000,0.47264971,-0.57121059,-11.05164180,0.47740011,-0.57747808,-11.05164180
nominal_04,nominal,2613,3.08000000,-0.30000000,0.46281277,-0.73489646,-10.05614758,0.46261233,-0.73938925,-10.05614758
nominal_04,nominal,2613,3.10000000,-0.30000000,0.44539758,-0.87716844,-9.03131428,0.44501347,-0.87994294,-9.03131428
nominal_04,nominal,2613,3.12000000,-0.30000000,0.42216980,-1.00212009,-7.98845599,0.42502673,-0.99933698,-7.98845599
nominal_04,nominal,2613,3.14000000,-0.30000000,0.40674151,-1.10453188,-7.19868783,0.40306778,-1.09794739,-7.19868783
nominal_04,nominal,2613,3.16000000,-0.30000000,0.37956304,-1.17726006,-6.34583432,0.37945661,-1.18055877,-6.34583432
nominal_04,nominal,2613,3.18000000,-0.30000000,0.35058960,-1.24107631,-5.50523132,0.35452363,-1.24664906,-5.50523132
nominal_04,nominal,2613,3.20000000,-0.30000000,0.32722374,-1.29107476,-4.83465348,0.32858481,-1.29694107,-4.83465348
nominal_04,nominal,2613,3.22000000,-0.30000000,0.30174547,-1.34171996,-4.12281870,0.30189066,-1.33470721,-4.12281870
nominal_04,nominal,2613,3.24000000,-0.30000000,0.27625218,-1.36167365,-3.56417100,0.27469723,-1.35967135,-3.56417100
nominal_04,nominal,2613,3.26000000,-0.30000000,0.24838976,-1.37720471,-2.98499215,0.24720250,-1.37473650,-2.98499215
nominal_04,nominal,2613,3.28000000,-0.30000000,0.22248876,-1.38077162,-2.50093951,0.21960488,-1.37988131,-2.50093951
nominal_04,nominal,2613,3.30000000,-0.30000000,0.19579770,-1.37846355,-2.03204090,0.19206546,-1.37697086,-2.03204090
nominal_04,nominal,2613,3.32000000,-0.30000000,0.16786896,-1.37261765,-1.55855307,0.16473532,-1.36650729,-1.55855307
nominal_04,nominal,2613,3.34000000,-0.30000000,0.13975063,-1.34554246,-1.18779897,0.13776222,-1.34865489,-1.18779897
nominal_04,nominal,2613,3.36000000,-0.30000000,0.11327682,-1.32404775,-0.81874408,0.11125576,-1.32532264,-0.81874408
nominal_04,nominal,2613,3.38000000,-0.30000000,0.08410017,-1.30303041,-0.39865098,0.08532153,-1.29671176,-0.39865098
nominal_04,nominal,2613,3.40000000,-0.30000000,0.06186156,-1.26295368,-0.19873969,0.06007839,-1.26215718,-0.19873969
nominal_04,nominal,2613,3.42000000,-0.30000000,0.03535220,-1.21364188,0.03186974,0.03556964,-1.22543712,0.03186974
nominal_04,nominal,2613,3.44000000,-0.30000000,0.00911433,-1.17849033,0.32839363,0.01184725,-1.18611960,0.32839363
nominal_04,nominal,2613,3.46000000,-0.30000000,-0.01279426,-1.14337625,0.54717796,-0.01101699,-1.14321214,0.54717796
nominal_04,nominal,2613,3.48000000,-0.30000000,-0.03290174,-1.10142449,0.69935379,-0.03297891,-1.09809592,0.69935379
nominal_04,nominal,2613,3.50000000,-0.30000000,-0.04816238,-1.04851609,0.70950333,-0.05401745,-1.05192691,0.70950333
nominal_04,nominal,2613,3.52000000,-0.30000000,-0.07756332,-1.01066918,1.04948561,-0.07415853,-1.00705414,1.04948561
nominal_04,nominal,2613,3.54000000,-0.30000000,-0.08901758,-0.96794279,1.04203041,-0.09331971,-0.95805874,1.04203041
nominal_04,nominal,2613,3.56000000,-0.30000000,-0.10775693,-0.91220443,1.10064699,-0.11153443,-0.91073611,1.10064699
nominal_04,nominal,2613,3.58000000,-0.30000000,-0.12227656,-0.87464919,1.17422403,-0.12881355,-0.86395601,1.17422403
nominal_04,nominal,2613,3.60000000,-0.30000000,-0.14391356,-0.82465001,1.31369417,-0.14516269,-0.81745733,1.31369417
nominal_04,nominal,2613,3.62000000,-0.30000000,-0.16206969,-0.77410666,1.38778772,-0.16056583,-0.77015679,1.38778772
nominal_04,nominal,2613,3.64000000,-0.30000000,-0.17469746,-0.72510478,1.37007822,-0.17502874,-0.72314573,1.37007822
nominal_04,nominal,2613,3.66000000,-0.30000000,-0.18751441,-0.68222030,1.38636087,-0.18858698,-0.67791181,1.38636087
nominal_04,nominal,2613,3.68000000,-0.30000000,-0.20369604,-0.63141819,1.42361966,-0.20126387,-0.63384453,1.42361966
nominal_04,nominal,2613,3.70000000,-0.30000000,-0.21398782,-0.59117627,1.40766208,-0.21307517,-0.59056495,1.40766208
nominal_04,nominal,2613,3.72000000,-0.30000000,-0.22522834,-0.54679682,1.38809431,-0.22405349,-0.54891580,1.38809431
nominal_04,nominal,2613,3.74000000,-0.30000000,-0.23058657,-0.50907656,1.29594101,-0.23423157,-0.50890433,1.29594101
nominal_04,nominal,2613,3.76000000,-0.30000000,-0.24649897,-0.47220510,1.39800688,-0.24366482,-0.47166218,1.39800688
nominal_04,nominal,2613,3.78000000,-0.30000000,-0.25174711,-0.43643247,1.31361034,-0.25234352,-0.43393497,1.31361034
nominal_04,nominal,2613,3.80000000,-0.30000000,-0.26268719,-0.40841173,1.37042808,-0.26031908,-0.39877829,1.37042808
nominal_04,nominal,2613,3.82000000,-0.30000000,-0.26368742,-0.37684956,1.23062127,-0.26759525,-0.36380829,1.23062127
nominal_04,nominal,2613,3.84000000,-0.30000000,-0.28039086,-0.33152917,1.30468127,-0.27423975,-0.33222497,1.30468127
nominal_04,nominal,2613,3.86000000,-0.30000000,-0.27981091,-0.30810518,1.17712226,-0.28024843,-0.30043406,1.17712226
nominal_04,nominal,2613,3.88000000,-0.30000000,-0.28839457,-0.26955291,1.13886690,-0.28568302,-0.27172948,1.13886690
nominal_04,nominal,2613,3.90000000,-0.30000000,-0.28687621,-0.23655022,0.94652290,-0.29057417,-0.24455745,0.94652290
nominal_04,nominal,2613,3.92000000,-0.30000000,-0.29542874,-0.22032860,1.01936023,-0.29500180,-0.22138182,1.01936023
nominal_04,nominal,2613,3.94000000,-0.30000000,-0.29795139,-0.19923036,0.95927690,-0.29895685,-0.19775234,0.95927690
nominal_04,nominal,2613,3.96000000,-0.30000000,-0.30240441,-0.17921091,0.93933393,-0.30247386,-0.17585064,0.93933393
nominal_04,nominal,2613,3.98000000,-0.30000000,-0.30888551,-0.15762607,0.94806953,-0.30557321,-0.15496751,0.94806953
nominal_04,nominal,2613,4.00000000,-0.30000000,-0.30534007,-0.12433316,0.71778704,-0.30826528,-0.13460312,0.71778704
nominal_04,nominal,2613,4.02000000,-0.30000000,-0.30948432,-0.12010098,0.77122277,-0.31063804,-0.11863818,0.77122277
nominal_04,nominal,2613,4.04000000,-0.30000000,-0.31227584,-0.11287747,0.78535250,-0.31268419,-0.10230744,0.78535250
nominal_04,nominal,2613,4.06000000,-0.30000000,-0.31351264,-0.08692422,0.67784861,-0.31440945,-0.08626335,0.67784861
nominal_04,nominal,2613,4.08000000,-0.30000000,-0.31272555,-0.07481654,0.60314260,-0.31585906,-0.07248005,0.60314260
nominal_04,nominal,2613,4.10000000,-0.30000000,-0.31791626,-0.05868301,0.61590769,-0.31706608,-0.06035121,0.61590769
nominal_04,nominal,2613,4.12000000,-0.30000000,-0.32244607,-0.05301564,0.66910746,-0.31803404,-0.04839823,0.66910746
nominal_04,nominal,2613,4.14000000,-0.30000000,-0.31742626,-0.04819524,0.55464884,-0.31875317,-0.03595628,0.55464884
nominal_04,nominal,2613,4.16000000,-0.30000000,-0.31632283,-0.02975199,0.44257079,-0.31926866,-0.02577447,0.44257079
nominal_04,nominal,2613,4.18000000,-0.30000000,-0.31551149,-0.02257068,0.39206013,-0.31962351,-0.01774243,0.39206013
nominal_04,nominal,2613,4.20000000,-0.30000000,-0.31623260,-0.00847278,0.33455069,-0.31983927,-0.01078825,0.33455069
nominal_04,nominal,2613,4.22000000,-0.30000000,-0.32298576,-0.00147121,0.42109979,-0.31993911,-0.00499192,0.42109979
nominal_04,nominal,2613,4.24000000,-0.30000000,-0.32555199,-0.00020488,0.46096019,-0.31989847,0.00203206,0.46096019
nominal_04,nominal,2613,4.26000000,-0.30000000,-0.32194564,0.00315782,0.37923236,-0.31970880,0.00948357,0.37923236
nominal_04,nominal,2613,4.28000000,-0.30000000,-0.32329443,0.02044650,0.31706722,-0.31940147,0.01536661,0.31706722
nominal_04,nominal,2613,4.30000000,-0.30000000,-0.31689846,0.03149274,0.14670867,-0.31900047,0.02004980,0.14670867
nominal_04,nominal,2613,4.32000000,-0.30000000,-0.31666419,0.02272542,0.18632829,-0.31856433,0.02180706,0.18632829
nominal_04,nominal,2613,4.34000000,-0.30000000,-0.31565688,0.03124428,0.12560238,-0.31808124,0.02415468,0.12560238
nominal_04,nominal,2613,4.36000000,-0.30000000,-0.31684422,0.01506661,0.22786289,-0.31757248,0.02543785,0.22786289
nominal_04,nominal,2613,4.38000000,-0.30000000,-0.31622626,0.02439959,0.17007483,-0.31700552,0.02834773,0.17007483
nominal_04,nominal,2613,4.40000000,-0.30000000,-0.31745080,0.02825098,0.17285948,-0.31640106,0.03022325,0.17285948
nominal_04,nominal,2613,4.42000000,-0.30000000,-0.31726474,0.03161403,0.15269511,-0.31575936,0.03208480,0.15269511
nominal_04,nominal,2613,4.44000000,-0.30000000,-0.31371606,0.03768985,0.05843987,-0.31508819,0.03355864,0.05843987
nominal_04,nominal,2613,4.46000000,-0.30000000,-0.31707015,0.02845615,0.16498198,-0.31441921,0.03344901,0.16498198
nominal_04,nominal,2613,4.48000000,-0.30000000,-0.31450547,0.03772670,0.07246485,-0.31371761,0.03507999,0.07246485
nominal_04,nominal,2613,4.50000000,-0.30000000,-0.31419000,0.04256879,0.04257603,-0.31301459,0.03515086,0.04257603
nominal_04,nominal,2613,4.52000000,-0.30000000,-0.31030040,0.03150595,0.02787749,-0.31231995,0.03473216,0.02787749
nominal_04,nominal,2613,4.54000000,-0.30000000,-0.31062016,0.03989809,-0.00832762,-0.31163821,0.03408706,-0.00832762
nominal_04,nominal,2613,4.56000000,-0.30000000,-0.31075346,0.03360148,0.02555493,-0.31098077,0.03287207,0.02555493
nominal_04,nominal,2613,4.58000000,-0.30000000,-0.30747290,0.02568548,0.00608484,-0.31033581,0.03224799,0.00608484
nominal_04,nominal,2613,4.60000000,-0.30000000,-0.30746161,0.03151904,-0.02328615,-0.30970928,0.03132622,-0.02328615
nominal_04,nominal,2613,4.62000000,-0.30000000,-0.30262504,0.03517566,-0.12862753,-0.30911019,0.02995474,-0.12862753
nominal_04,nominal,2613,4.64000000,-0.30000000,-0.31028414,0.02960283,0.03710043,-0.30857201,0.02690912,0.03710043
nominal_04,nominal,2613,4.66000000,-0.30000000,-0.30495889,0.01543908,0.01206456,-0.30803876,0.02666208,0.01206456
nominal_04,nominal,2613,4.68000000,-0.30000000,-0.31223380,0.02673739,0.08652150,-0.30751847,0.02601465,0.08652150
nominal_04,nominal,2613,4.70000000,-0.30000000,-0.30896531,0.02375360,0.04260764,-0.30698644,0.02660173,0.04260764
nominal_04,nominal,2613,4.72000000,-0.30000000,-0.30644251,0.02531524,-0.01061108,-0.30645735,0.02645422,-0.01061108
nominal_04,nominal,2613,4.74000000,-0.30000000,-0.30803529,0.02444843,0.02239306,-0.30594848,0.02544365,0.02239306
nominal_04,nominal,2613,4.76000000,-0.30000000,-0.30485463,0.03045174,-0.06487540,-0.30544842,0.02500321,-0.06487540
nominal_04,nominal,2613,4.78000000,-0.30000000,-0.30164282,0.01738565,-0.05735738,-0.30498534,0.02315382,-0.05735738
nominal_04,nominal,2613,4.80000000,-0.30000000,-0.30268779,0.02035210,-0.05338027,-0.30455563,0.02148556,-0.05338027
nominal_04,nominal,2613,4.82000000,-0.30000000,-0.30385189,0.02617266,-0.06152928,-0.30415693,0.01993496,-0.06152928
nominal_04,nominal,2613,4.84000000,-0.30000000,-0.30722914,0.01832529,0.03849807,-0.30379092,0.01830059,0.03849807
nominal_04,nominal,2613,4.86000000,-0.30000000,-0.30249869,0.02054453,-0.05774624,-0.30342394,0.01834889,-0.05774624
nominal_04,nominal,2613,4.88000000,-0.30000000,-0.30424452,-0.00328196,0.09281106,-0.30308741,0.01682642,0.09281106
nominal_04,nominal,2613,4.90000000,-0.30000000,-0.30366170,0.00779501,0.02693550,-0.30273127,0.01780695,0.02693550
nominal_04,nominal,2613,4.92000000,-0.30000000,-0.30130835,0.01287756,-0.04083757,-0.30237762,0.01768235,-0.04083757
nominal_04,nominal,2613,4.94000000,-0.30000000,-0.30618143,0.01107714,0.05587998,-0.30204849,0.01645667,0.05587998
nominal_04,nominal,2613,4.96000000,-0.30000000,-0.30007537,0.01157031,-0.05649497,-0.30171156,0.01684675,-0.05649497
nominal_04,nominal,2613,4.98000000,-0.30000000,-0.30272468,0.00962891,0.00089971,-0.30140371,0.01539224,0.00089971
nominal_04,nominal,2613,5.00000000,0.80000000,-0.30538654,0.02522598,12.00000000,-0.30110532,0.01491959,12.00000000
nominal_04,nominal,2613,5.02000000,0.80000000,-0.29764543,0.20197836,12.00000000,-0.29690323,0.21010437,12.00000000
nominal_04,nominal,2613,5.04000000,0.80000000,-0.29076284,0.38169889,12.00000000,-0.28892104,0.39910951,12.00000000
nominal_04,nominal,2613,5.06000000,0.80000000,-0.27887369,0.58284478,12.00000000,-0.27727843,0.58213066,12.00000000
nominal_04,nominal,2613,5.08000000,0.80000000,-0.26255713,0.76400809,12.00000000,-0.26209128,0.75935728,12.00000000
nominal_04,nominal,2613,5.10000000,0.80000000,-0.24153942,0.92605996,12.00000000,-0.24347183,0.93097283,12.00000000
nominal_04,nominal,2613,5.12000000,0.80000000,-0.21568797,1.09835724,12.00000000,-0.22152873,1.09715495,12.00000000
nominal_04,nominal,2613,5.14000000,0.80000000,-0.20122908,1.26270804,11.70858316,-0.19636721,1.25807567,11.70858316
nominal_04,nominal,2613,5.16000000,0.80000000,-0.17135715,1.40441708,10.46234326,-0.16818421,1.40915008,10.46234326
nominal_04,nominal,2613,5.18000000,0.80000000,-0.13376247,1.53401670,9.13764102,-0.13748178,1.53512177,9.13764102
nominal_04,nominal,2613,5.20000000,0.80000000,-0.09844647,1.62839441,8.03006444,-0.10477165,1.63550618,8.03006444
nominal_04,nominal,2613,5.22000000,0.80000000,-0.07503553,1.71003543,7.20046233,-0.07047858,1.71465360,7.20046233
nominal_04,nominal,2613,5.24000000,0.80000000,-0.03396863,1.78201447,6.10136304,-0.03492321,1.77776872,6.10136304
nominal_04,nominal,2613,5.26000000,0.80000000,-0.00187094,1.81668737,5.35024009,0.00149609,1.82096503,5.35024009
nominal_04,nominal,2613,5.28000000,0.80000000,0.03591470,1.85835610,4.46175481,0.03850703,1.85054684,4.46175481
nominal_04,nominal,2613,5.30000000,0.80000000,0.07240536,1.87033635,3.74502172,0.07580114,1.86470554,3.74502172
nominal_04,nominal,2613,5.32000000,0.80000000,0.11285295,1.87081408,3.01457649,0.11313574,1.86672981,3.01457649
nominal_04,nominal,2613,5.34000000,0.80000000,0.14976750,1.85331415,2.43761436,0.15027134,1.85678025,2.43761436
nominal_04,nominal,2613,5.36000000,0.80000000,0.19142388,1.83142273,1.79725646,0.18702611,1.83773847,1.79725646
nominal_04,nominal,2613,5.38000000,0.80000000,0.22424471,1.80400208,1.34358490,0.22320329,1.80885868,1.34358490
nominal_04,nominal,2613,5.40000000,0.80000000,0.26046413,1.75884036,0.91744376,0.25867321,1.77349623,0.91744376
nominal_04,nominal,2613,5.42000000,0.80000000,0.30119688,1.72791717,0.33887029,0.29331931,1.73230524,0.33887029
nominal_04,nominal,2613,5.44000000,0.80000000,0.32013889,1.69332008,0.17089955,0.32697901,1.68298487,0.17089955
nominal_04,nominal,2613,5.46000000,0.80000000,0.36143620,1.62927983,-0.25225080,0.35962876,1.63248729,-0.25225080
nominal_04,nominal,2613,5.48000000,0.80000000,0.38822665,1.56715704,-0.42386495,0.39116254,1.57668911,-0.42386495
nominal_04,nominal,2613,5.50000000,0.80000000,0.42360693,1.52699497,-0.85989960,0.42155973,1.51985940,-0.85989960
nominal_04,nominal,2613,5.52000000,0.80000000,0.44928674,1.45693736,-0.97184814,0.45071412,1.45771951,-0.97184814
nominal_04,nominal,2613,5.54000000,0.80000000,0.48207009,1.39789984,-1.26676077,0.47862855,1.39572170,-1.26676077
nominal_04,nominal,2613,5.56000000,0.80000000,0.50379258,1.33119892,-1.32426107,0.50524612,1.33087829,-1.32426107
nominal_04,nominal,2613,5.58000000,0.80000000,0.53390169,1.26070138,-1.51373738,0.53058912,1.26715032,-1.51373738
nominal_04,nominal,2613,5.60000000,0.80000000,0.55468341,1.19863534,-1.57747807,0.55463614,1.20235064,-1.57747807
nominal_04,nominal,2613,5.62000000,0.80000000,0.57683968,1.14259589,-1.69609367,0.57740740,1.13856327,-1.69609367
nominal_04,nominal,2613,5.64000000,0.80000000,0.60115930,1.06248260,-1.73328049,0.59890463,1.07486144,-1.73328049
nominal_04,nominal,2613,5.66000000,0.80000000,0.62004414,1.00246444,-1.77311664,0.61915603,1.01257012,-1.77311664
nominal_04,nominal,2613,5.68000000,0.80000000,0.63840301,0.94552310,-1.81886975,0.63818806,0.95160144,-1.81886975
nominal_04,nominal,2613,5.70000000,0.80000000,0.65782645,0.89561756,-1.91896394,0.65602440,0.89181707,-1.91896394
nominal_04,nominal,2613,5.72000000,0.80000000,0.67253643,0.82324355,-1.82187343,0.67267027,0.83229349,-1.82187343
nominal_04,nominal,2613,5.74000000,0.80000000,0.68639462,0.77669015,-1.83855388,0.68819502,0.77623749,-1.83855388
nominal_04,nominal,2613,5.76000000,0.80000000,0.70370396,0.73369320,-1.93513729,0.70262871,0.72168428,-1.93513729
nominal_04,nominal,2613,5.78000000,0.80000000,0.72072795,0.67205790,-1.93339264,0.71597438,0.66728348,-1.93339264
nominal_04,nominal,2613,5.80000000,0.80000000,0.72868563,0.61891507,-1.81091663,0.72826705,0.61463347,-1.81091663
nominal_04,nominal,2613,5.82000000,0.80000000,0.74446266,0.57093077,-1.85498171,0.73958000,0.56564734,-1.85498171
nominal_04,nominal,2613,5.84000000,0.80000000,0.75384925,0.52519095,-1.79524119,0.74992987,0.51749365,-1.79524119
nominal_04,nominal,2613,5.86000000,0.80000000,0.75818297,0.47658417,-1.63021427,0.75936664,0.47183859,-1.63021427
nominal_04,nominal,2613,5.88000000,0.80000000,0.76438032,0.43839061,-1.55079877,0.76797303,0.43031971,-1.55079877
nominal_04,nominal,2613,5.90000000,0.80000000,0.77972794,0.39548774,-1.61254168,0.77580124,0.39141019,-1.61254168
nominal_04,nominal,2613,5.92000000,0.80000000,0.78634782,0.34032616,-1.45589150,0.78285576,0.35272586,-1.45589150
nominal_04,nominal,2613,5.94000000,0.80000000,0.79071959,0.33150073,-1.49045624,0.78921216,0.31782043,-1.49045624
nominal_04,nominal,2613,5.96000000,0.80000000,0.79792765,0.28676758,-1.39653553,0.79488130,0.28345656,-1.39653553
nominal_04,nominal,2613,5.98000000,0.80000000,0.80376493,0.24983559,-1.31694673,0.79991554,0.25171202,-1.31694673
nominal_04,nominal,2613,6.00000000,0.80000000,0.80928514,0.22733783,-1.30382176,0.80436094,0.22227020,-1.30382176
nominal_04,nominal,2613,6.02000000,0.80000000,0.81672146,0.20007032,-1.30133784,0.80824043,0.19397452,-1.30133784
nominal_04,nominal,2613,6.04000000,0.80000000,0.81437336,0.16418897,-1.07966538,0.81157273,0.16661520,-1.07966538
nominal_04,nominal,2613,6.06000000,0.80000000,0.81158485,0.14094984,-0.91327656,0.81444746,0.14373640,-0.91327656
nominal_04,nominal,2613,6.08000000,0.80000000,0.81694792,0.12270464,-0.91858581,0.81693336,0.12429488,-0.91858581
nominal_04,nominal,2613,6.10000000,0.80000000,0.82251012,0.10265872,-0.91847568,0.81904101,0.10538233,-0.91847568
nominal_04,nominal,2613,6.12000000,0.80000000,0.82055713,0.09042547,-0.82215567,0.82078241,0.08707035,-0.82215567
nominal_04,nominal,2613,6.14000000,0.80000000,0.81720471,0.07859964,-0.70268302,0.82220059,0.07090861,-0.70268302
nominal_04,nominal,2613,6.16000000,0.80000000,0.81977899,0.05578383,-0.63494101,0.82334472,0.05720653,-0.63494101
nominal_04,nominal,2613,6.18000000,0.80000000,0.82455191,0.04987044,-0.69128664,0.82424557,0.04504279,-0.69128664
nominal_04,nominal,2613,6.20000000,0.80000000,0.82660531,0.03490606,-0.65342586,0.82489248,0.03234545,-0.65342586
nominal_04,nominal,2613,6.22000000,0.80000000,0.82089418,0.02350953,-0.49364295,0.82530583,0.02066742,-0.49364295
nominal_04,nominal,2613,6.24000000,0.80000000,0.82633837,0.01140752,-0.53112821,0.82554512,0.01196435,-0.53112821
nominal_04,nominal,2613,6.26000000,0.80000000,0.82498378,0.00442815,-0.47184879,0.82560363,0.00292564,-0.47184879
nominal_04,nominal,2613,6.28000000,0.80000000,0.82459107,0.00513506,-0.46831448,0.82550642,-0.00486037,-0.46831448
nominal_04,nominal,2613,6.30000000,0.80000000,0.82616436,-0.01342408,-0.40383805,0.82525958,-0.01234225,-0.40383805
nominal_04,nominal,2613,6.32000000,0.80000000,0.82299891,-0.01626668,-0.33264704,0.82488886,-0.01853597,-0.33264704
nominal_04,nominal,2613,6.34000000,0.80000000,0.82451749,-0.02015060,-0.34056186,0.82442140,-0.02337284,-0.34056186
nominal_04,nominal,2613,6.36000000,0.80000000,0.82554301,-0.02185550,-0.35049659,0.82385769,-0.02818563,-0.35049659
nominal_04,nominal,2613,6.38000000,0.80000000,0.82836085,-0.02461108,-0.38743995,0.82319753,-0.03300802,-0.38743995
nominal_04,nominal,2613,6.40000000,0.80000000,0.82450835,-0.03291660,-0.27656734,0.82243193,-0.03828009,-0.27656734
nominal_04,nominal,2613,6.42000000,0.80000000,0.82104591,-0.03608905,-0.19838123,0.82160038,-0.04157749,-0.19838123
nominal_04,nominal,2613,6.44000000,0.80000000,0.81833330,-0.04317325,-0.11413323,0.82073046,-0.04349569,-0.11413323
nominal_04,nominal,2613,6.46000000,0.80000000,0.82350274,-0.04449119,-0.20059341,0.81985087,-0.04397951,-0.20059341
nominal_04,nominal,2613,6.48000000,0.80000000,0.81615022,-0.03704354,-0.10548625,0.81893372,-0.04585772,-0.10548625
nominal_04,nominal,2613,6.50000000,0.80000000,0.82106768,-0.04381556,-0.16014050,0.81801120,-0.04612578,-0.16014050
nominal_04,nominal,2613,6.52000000,0.80000000,0.82112171,-0.06111022,-0.07463965,0.81706567,-0.04727647,-0.07463965
nominal_04,nominal,2613,6.54000000,0.80000000,0.81978483,-0.05232934,-0.09448027,0.81612574,-0.04699665,-0.09448027
nominal_04,nominal,2613,6.56000000,0.80000000,0.81450532,-0.05012075,-0.01049203,0.81518476,-0.04704920,-0.01049203
nominal_04,nominal,2613,6.58000000,0.80000000,0.81885132,-0.04838818,-0.09738286,0.81427014,-0.04573067,-0.09738286
nominal_04,nominal,2613,6.60000000,0.80000000,0.81195434,-0.05582668,0.06395524,0.81335273,-0.04587062,0.06395524
nominal_04,nominal,2613,6.62000000,0.80000000,0.81387427,-0.04433719,-0.02805097,0.81248522,-0.04337556,-0.02805097
nominal_04,nominal,2613,6.64000000,0.80000000,0.81251311,-0.04263476,-0.01206212,0.81163603,-0.04245963,-0.01206212
nominal_04,nominal,2613,6.66000000,0.80000000,0.80840006,-0.04954107,0.09650421,0.81080979,-0.04131201,0.09650421
nominal_04,nominal,2613,6.68000000,0.80000000,0.81327359,-0.04855345,0.00384271,0.81004117,-0.03843058,0.00384271
nominal_04,nominal,2613,6.70000000,0.80000000,0.80833466,-0.03177771,0.00886474,0.80929815,-0.03715119,0.00886474
nominal_04,nominal,2613,6.72000000,0.80000000,0.80791822,-0.04700640,0.09250406,0.80858154,-0.03583043,0.09250406
nominal_04,nominal,2613,6.74000000,0.80000000,0.80962792,-0.02325930,-0.05700610,0.80791779,-0.03318777,-0.05700610
nominal_04,nominal,2613,6.76000000,0.80000000,0.81044223,-0.02554913,-0.06021447,0.80725646,-0.03306650,-0.06021447
nominal_04,nominal,2613,6.78000000,0.80000000,0.80227356,-0.03407117,0.12943184,0.80659643,-0.03300138,0.12943184
nominal_04,nominal,2613,6.80000000,0.80000000,0.80465134,-0.02121651,0.02235852,0.80599950,-0.02984619,0.02235852
nominal_04,nominal,2613,6.82000000,0.80000000,0.80236375,-0.01910509,0.05297796,0.80542877,-0.02853669,0.05297796
nominal_04,nominal,2613,6.84000000,0.80000000,0.81144947,-0.03192045,-0.04648830,0.80489338,-0.02676942,-0.04648830
nominal_04,nominal,2613,6.86000000,0.80000000,0.80633171,-0.04025870,0.08732267,0.80435979,-0.02667986,0.08732267
nominal_04,nominal,2613,6.88000000,0.80000000,0.80392851,-0.02162576,0.03741554,0.80387156,-0.02441139,0.03741554
nominal_04,nominal,2613,6.90000000,0.80000000,0.80439690,-0.02722317,0.05697165,0.80341099,-0.02302847,0.05697165
nominal_04,nominal,2613,6.92000000,0.80000000,0.80060941,-0.01586000,0.06833065,0.80298358,-0.02137046,0.06833065
nominal_04,nominal,2613,6.94000000,0.80000000,0.79995183,-0.01642656,0.08299990,0.80259198,-0.01957975,0.08299990
nominal_04,nominal,2613,6.96000000,0.80000000,0.80233752,-0.02200442,0.06794674,0.80223985,-0.01760655,0.06794674
nominal_04,nominal,2613,6.98000000,0.80000000,0.80201461,-0.02039133,0.06569371,0.80192103,-0.01594127,0.06569371
nominal_04,nominal,2613,7.00000000,0.80000000,0.80428966,-0.01004606,-0.02698355,0.80163372,-0.01436544,-0.02698355
nominal_04,nominal,2613,7.02000000,0.80000000,0.79792820,-0.00323893,0.05348697,0.80134671,-0.01435058,0.05348697
nominal_04,nominal,2613,7.04000000,0.80000000,0.79826818,-0.00529935,0.05766952,0.80108622,-0.01302414,0.05766952
nominal_04,nominal,2613,7.06000000,0.80000000,0.80358478,-0.01463674,0.00865769,0.80085279,-0.01167151,0.00865769
nominal_04,nominal,2613,7.08000000,0.80000000,0.80545045,-0.00698502,-0.06318297,0.80062958,-0.01116082,-0.06318297
nominal_04,nominal,2613,7.10000000,0.80000000,0.79970556,-0.00148105,0.01270525,0.80039282,-0.01183765,0.01270525
nominal_04,nominal,2613,7.12000000,0.80000000,0.79654595,-0.01190903,0.12171802,0.80016771,-0.01125571,0.12171802
nominal_04,nominal,2613,7.14000000,0.80000000,0.80169286,-0.00990678,0.01906238,0.79998942,-0.00891476,0.01906238
nominal_04,nominal,2613,7.16000000,0.80000000,0.79796745,-0.00313733,0.05227263,0.79982298,-0.00832171,0.05227263
nominal_04,nominal,2613,7.18000000,0.80000000,0.79700534,-0.01932178,0.15051279,0.79967886,-0.00720595,0.15051279
nominal_04,nominal,2613,7.20000000,0.80000000,0.80227598,0.00553105,-0.06862283,0.79958839,-0.00452373,-0.06862283
nominal_04,nominal,2613,7.22000000,0.80000000,0.79669798,-0.00691979,0.09403535,0.79947840,-0.00549938,0.09403535
nominal_04,nominal,2613,7.24000000,0.80000000,0.79706213,0.00015850,0.05208919,0.79940256,-0.00379205,0.05208919
nominal_04,nominal,2613,7.26000000,0.80000000,0.80274972,-0.00033159,-0.04783708,0.79934611,-0.00282269,-0.04783708
nominal_04,nominal,2613,7.28000000,0.80000000,0.79417444,-0.00866211,0.14817055,0.79927584,-0.00351329,0.14817055
nominal_04,nominal,2613,7.30000000,0.80000000,0.79630243,-0.00841053,0.10860899,0.79925612,-0.00098617,0.10860899
nominal_04,nominal,2613,7.32000000,0.80000000,0.80334653,0.00292851,-0.07488012,0.79927243,0.00081589,-0.07488012
nominal_04,nominal,2613,7.34000000,0.80000000,0.79898074,-0.00356039,0.03614863,0.79926382,-0.00043084,0.03614863
nominal_04,nominal,2613,7.36000000,0.80000000,0.80053821,0.00204128,-0.01989421,0.79926726,0.00017219,-0.01989421
nominal_04,nominal,2613,7.38000000,0.80000000,0.79820645,-0.00123426,0.03845512,0.79926411,-0.00015763,0.03845512
nominal_04,nominal,2613,7.40000000,0.80000000,0.79573128,0.00636274,0.04502328,0.79927360,0.00047436,0.04502328
nominal_04,nominal,2613,7.42000000,0.80000000,0.79865493,-0.00362625,0.04234246,0.79929746,0.00119344,0.04234246
nominal_04,nominal,2613,7.44000000,0.80000000,0.79320200,0.00951980,0.07476497,0.79933439,0.00184604,0.07476497
nominal_04,nominal,2613,7.46000000,0.80000000,0.79833956,0.01179553,-0.02908982,0.79939452,0.00300662,-0.02908982
nominal_04,nominal,2613,7.48000000,0.80000000,0.79830865,0.00302886,0.01530005,0.79944326,0.00243712,0.01530005
nominal_04,nominal,2613,7.50000000,0.80000000,0.79718318,-0.00787187,0.09006207,0.79949545,0.00260943,0.09006207
nominal_04,nominal,2613,7.52000000,0.80000000,0.80385932,0.00287337,-0.08383455,0.79957535,0.00399525,-0.08383455
nominal_04,nominal,2613,7.54000000,0.80000000,0.80144528,0.01073481,-0.07968910,0.79962539,0.00250186,-0.07968910
nominal_04,nominal,2613,7.56000000,0.80000000,0.80490955,-0.00365900,-0.07007692,0.79964786,0.00112334,-0.07007692
nominal_04,nominal,2613,7.58000000,0.80000000,0.79659445,-0.00797966,0.10119818,0.79964676,-0.00005482,0.10119818
nominal_04,nominal,2613,7.60000000,0.80000000,0.79789194,-0.00039007,0.03989539,0.79967870,0.00159693,0.03989539
nominal_04,nominal,2613,7.62000000,0.80000000,0.80496462,0.00819998,-0.13036315,0.79972264,0.00219686,-0.13036315
nominal_04,nominal,2613,7.64000000,0.80000000,0.80299370,0.00058159,-0.05679452,0.79972267,0.00000176,-0.05679452
nominal_04,nominal,2613,7.66000000,0.80000000,0.79825132,-0.00774690,0.07021070,0.79970419,-0.00092431,0.07021070
nominal_04,nominal,2613,7.68000000,0.80000000,0.79848184,0.00327168,0.01096844,0.79970918,0.00024972,0.01096844
nominal_04,nominal,2613,7.70000000,0.80000000,0.80234228,-0.00899979,0.00283787,0.79971759,0.00042065,0.00283787
nominal_04,nominal,2613,7.72000000,0.80000000,0.80051131,-0.00602038,0.02089829,0.79972667,0.00045360,0.02089829
nominal_04,nominal,2613,7.74000000,0.80000000,0.79477561,-0.00191863,0.10363214,0.79974226,0.00077998,0.10363214
nominal_04,nominal,2613,7.76000000,0.80000000,0.80035491,-0.00020522,-0.00536220,0.79979116,0.00244499,-0.00536220
nominal_04,nominal,2613,7.78000000,0.80000000,0.80306092,-0.00616717,-0.02426080,0.79983677,0.00228015,-0.02426080
nominal_04,nominal,2613,7.80000000,0.80000000,0.80062717,0.01511768,-0.08687747,0.79987302,0.00181239,-0.08687747
nominal_04,nominal,2613,7.82000000,0.80000000,0.79630494,-0.00052816,0.06915187,0.79987979,0.00033849,0.06915187
nominal_04,nominal,2613,7.84000000,0.80000000,0.80177178,0.00219375,-0.04286080,0.79990889,0.00145528,-0.04286080
nominal_04,nominal,2613,7.86000000,0.80000000,0.80029253,-0.00309955,0.01023225,0.79992310,0.00071037,0.01023225
nominal_04,nominal,2613,7.88000000,0.80000000,0.79627909,-0.00402750,0.08711386,0.79994019,0.00085471,0.08711386
nominal_04,nominal,2613,7.90000000,0.80000000,0.80158606,-0.00209693,-0.01806449,0.79998515,0.00224802,-0.01806449
nominal_04,nominal,2613,7.92000000,0.80000000,0.79698953,-0.00195199,0.06394842,0.80002280,0.00188231,0.06394842
nominal_04,nominal,2613,7.94000000,0.80000000,0.80477614,0.00324333,-0.10218724,0.80008011,0.00286538,-0.10218724
nominal_04,nominal,2613,7.96000000,0.80000000,0.79268200,-0.01340031,0.19872561,0.80010228,0.00110852,0.19872561
nominal_04,nominal,2613,7.98000000,0.80000000,0.79784592,0.01278974,0.19872561,0.80018855,0.00431360,0.19872561
nominal_05,nominal,2614,0.00000000,0.00000000,-0.00262042,-0.00345196,0.06442730,0.00000000,0.00000000,0.06442730
nominal_05,nominal,2614,0.02000000,0.00000000,-0.00238431,0.00149709,0.03543205,0.00002102,0.00105086,0.03543205
nominal_05,nominal,2614,0.04000000,0.00000000,0.00205986,0.01611461,-0.11765058,0.00005290,0.00159399,-0.11765058
nominal_05,nominal,2614,0.06000000,0.00000000,0.00269672,-0.01020481,0.00248304,0.00004534,-0.00037777,0.00248304
nominal_05,nominal,2614,0.08000000,0.00000000,0.00277270,-0.00104668,-0.04467516,0.00003885,-0.00032476,-0.04467516
nominal_05,nominal,2614,0.10000000,0.00000000,-0.00233965,-0.00354102,0.05981871,0.00001799,-0.00104269,0.05981871
nominal_05,nominal,2614,0.12000000,0.00000000,-0.00477342,0.00746451,0.04859911,0.00001734,-0.00003247,0.04859911
nominal_05,nominal,2614,0.14000000,0.00000000,-0.00271740,-0.00123338,0.05508011,0.00003257,0.00076129,0.05508011
nominal_05,nominal,2614,0.16000000,0.00000000,0.00567057,-0.00092157,-0.09746249,0.00006526,0.00163448,-0.09746249
nominal_05,nominal,2614,0.18000000,0.00000000,0.00133742,0.00235999,-0.03587345,0.00006507,-0.00000933,-0.03587345
nominal_05,nominal,2614,0.20000000,0.00000000,0.00051082,0.01014100,-0.05989970,0.00005319,-0.00059414,-0.05989970
nominal_05,nominal,2614,0.22000000,0.00000000,-0.00301206,-0.00721788,0.09030657,0.00002216,-0.00155148,0.09030657
nominal_05,nominal,2614,0.24000000,0.00000000,0.00149818,0.01216242,-0.08777940,0.00002162,-0.00002714,-0.08777940
nominal_05,nominal,2614,0.26000000,0.00000000,0.00259244,-0.00068898,-0.04321909,-0.00000754,-0.00145799,-0.04321909
nominal_05,nominal,2614,0.28000000,0.00000000,-0.00214850,0.00147788,0.03128354,-0.00004984,-0.00211465,0.03128354
nominal_05,nominal,2614,0.30000000,0.00000000,-0.00084081,-0.00202037,0.02523635,-0.00008052,-0.00153437,0.02523635
nominal_05,nominal,2614,0.32000000,0.00000000,0.00290198,0.01015258,-0.10299852,-0.00010196,-0.00107194,-0.10299852
nominal_05,nominal,2614,0.34000000,0.00000000,0.00192587,0.00088068,-0.03906912,-0.00015629,-0.00271643,-0.03906912
nominal_05,nominal,2614,0.36000000,0.00000000,0.00100280,0.00768464,-0.05647363,-0.00022157,-0.00326374,-0.05647363
nominal_05,nominal,2614,0.38000000,0.00000000,0.00010658,-0.00956478,0.04590551,-0.00030310,-0.00407680,0.04590551
nominal_05,nominal,2614,0.40000000,0.00000000,0.00107769,-0.00737034,0.01745319,-0.00036696,-0.00319305,0.01745319
nominal_05,nominal,2614,0.42000000,0.00000000,-0.00337750,0.00516080,0.03499094,-0.00042302,-0.00280264,0.03499094
nominal_05,nominal,2614,0.44000000,0.00000000,-0.00069376,0.00232404,0.00086748,-0.00046580,-0.00213911,0.00086748
nominal_05,nominal,2614,0.46000000,0.00000000,-0.00071516,0.00399362,-0.00709520,-0.00050688,-0.00205413,-0.00709520
nominal_05,nominal,2614,0.48000000,0.00000000,-0.00278152,-0.00296971,0.06491600,-0.00054892,-0.00210184,0.06491600
nominal_05,nominal,2614,0.50000000,0.00000000,-0.00163050,-0.00270813,0.04288966,-0.00056839,-0.00097341,0.04288966
nominal_05,nominal,2614,0.52000000,0.00000000,0.00409953,0.00483665,-0.09797485,-0.00057322,-0.00024162,-0.09797485
nominal_05,nominal,2614,0.54000000,0.00000000,-0.00482776,0.00108571,0.08147120,-0.00060985,-0.00183166,0.08147120
nominal_05,nominal,2614,0.56000000,0.00000000,-0.00029031,-0.00172841,0.01386763,-0.00061869,-0.00044215,0.01386763
nominal_05,nominal,2614,0.58000000,0.00000000,-0.00119644,0.00880659,-0.02249703,-0.00062272,-0.00020132,-0.02249703
nominal_05,nominal,2614,0.60000000,0.00000000,-0.00701390,-0.00239845,0.13824253,-0.00063395,-0.00056160,0.13824253
nominal_05,nominal,2614,0.62000000,0.00000000,-0.00111404,-0.00642363,0.05217080,-0.00059972,0.00171184,0.05217080
nominal_05,nominal,2614,0.64000000,0.00000000,-0.00470101,0.00527987,0.05821882,-0.00054959,0.00250611,0.05821882
nominal_05,nominal,2614,0.66000000,0.00000000,-0.00038938,-0.00837595,0.04888860,-0.00048214,0.00337272,0.04888860
nominal_05,nominal,2614,0.68000000,0.00000000,-0.00111524,-0.00156424,0.02789552,-0.00040097,0.00405846,0.02789552
nominal_05,nominal,2614,0.70000000,0.00000000,-0.00505323,-0.00218332,0.10187479,-0.00031339,0.00437907,0.10187479
nominal_05,nominal,2614,0.72000000,0.00000000,-0.00007191,0.00647609,-0.03108617,-0.00019547,0.00589573,-0.03108617
nominal_05,nominal,2614,0.74000000,0.00000000,0.00535421,0.00304599,-0.11160564,-0.00009160,0.00519347,-0.11160564
nominal_05,nominal,2614,0.76000000,0.00000000,0.00149266,-0.00173405,-0.01819756,-0.00002758,0.00320112,-0.01819756
nominal_05,nominal,2614,0.78000000,0.00000000,-0.00411807,-0.00440693,0.09615990,0.00002838,0.00279831,0.09615990
nominal_05,nominal,2614,0.80000000,0.00000000,0.00522519,0.00430544,-0.11558068,0.00011387,0.00427409,-0.11558068
nominal_05,nominal,2614,0.82000000,0.00000000,-0.00220075,0.00979774,-0.00937518,0.00015881,0.00224736,-0.00937518
nominal_05,nominal,2614,0.84000000,0.00000000,-0.00299179,-0.00220796,0.06489198,0.00019921,0.00202002,0.06489198
nominal_05,nominal,2614,0.86000000,0.00000000,0.00552994,0.01224962,-0.16078702,0.00025945,0.00301158,-0.16078702
nominal_05,nominal,2614,0.88000000,0.00000000,0.00325156,0.00179682,-0.06751212,0.00026523,0.00028929,-0.06751212
nominal_05,nominal,2614,0.90000000,0.00000000,-0.00305103,-0.00056873,0.05776213,0.00024880,-0.00082147,0.05776213
nominal_05,nominal,2614,0.92000000,0.00000000,-0.00308815,-0.00674928,0.08933312,0.00025176,0.00014788,0.08933312
nominal_05,nominal,2614,0.94000000,0.00000000,-0.00187665,0.00529826,0.00728849,0.00028376,0.00160008,0.00728849
nominal_05,nominal,2614,0.96000000,0.00000000,-0.00126651,0.00292646,0.00816492,0.00031708,0.00166598,0.00816492
nominal_05,nominal,2614,0.98000000,0.00000000,0.00007149,-0.00737538,0.03559009,0.00035196,0.00174399,0.03559009
nominal_05,nominal,2614,1.00000000,0.50000000,0.00241202,0.00646040,8.92428163,0.00039730,0.00226675,8.92428163
nominal_05,nominal,2614,1.02000000,0.50000000,0.00432132,0.14748017,8.18481548,0.00335237,0.14775392,8.18481548
nominal_05,nominal,2614,1.04000000,0.50000000,0.01190955,0.27419947,7.41463073,0.00887962,0.27636238,7.41463073
nominal_05,nominal,2614,1.06000000,0.50000000,0.01428788,0.38733552,6.80614058,0.01664262,0.38814999,6.80614058
nominal_05,nominal,2614,1.08000000,0.50000000,0.02880183,0.48678520,6.04764098,0.02636884,0.48631110,6.04764098
nominal_05,nominal,2614,1.10000000,0.50000000,0.03908221,0.57247942,5.43412311,0.03774585,0.56885012,5.43412311
nominal_05,nominal,2614,1.12000000,0.50000000,0.04625276,0.63448799,4.99501029,0.05051883,0.63864911,4.99501029
nominal_05,nominal,2614,1.14000000,0.50000000,0.07268990,0.69210234,4.23107015,0.06449832,0.69897462,4.23107015
nominal_05,nominal,2614,1.16000000,0.50000000,0.07883506,0.74314232,3.86525731,0.07939516,0.74484212,3.86525731
nominal_05,nominal,2614,1.18000000,0.50000000,0.09686927,0.77736255,3.36954030,0.09505965,0.78322415,3.36954030
nominal_05,nominal,2614,1.20000000,0.50000000,0.11393428,0.81566086,2.87087868,0.11130464,0.81224972,2.87087868
nominal_05,nominal,2614,1.22000000,0.50000000,0.12779592,0.84489452,2.47520076,0.12794825,0.83218061,2.47520076
nominal_05,nominal,2614,1.24000000,0.50000000,0.14285238,0.84601329,2.19859065,0.14484821,0.84499772,2.19859065
nominal_05,nominal,2614,1.26000000,0.50000000,0.16617992,0.84711983,1.77316224,0.16190578,0.85287869,1.77316224
nominal_05,nominal,2614,1.28000000,0.50000000,0.17784818,0.84808592,1.55830322,0.17897697,0.85355962,1.55830322
nominal_05,nominal,2614,1.30000000,0.50000000,0.19437916,0.84273225,1.28751394,0.19599124,0.85071348,1.28751394
nominal_05,nominal,2614,1.32000000,0.50000000,0.21833326,0.85808421,0.77958036,0.21286214,0.84354479,0.77958036
nominal_05,nominal,2614,1.34000000,0.50000000,0.23250417,0.82730424,0.67840380,0.22942871,0.82832867,0.67840380
nominal_05,nominal,2614,1.36000000,0.50000000,0.24675649,0.81715882,0.47258904,0.24566803,0.81196612,0.47258904
nominal_05,nominal,2614,1.38000000,0.50000000,0.26280814,0.80366867,0.25111015,0.26152380,0.79278836,0.25111015
nominal_05,nominal,2614,1.40000000,0.50000000,0.27775297,0.76287469,0.18607313,0.27693646,0.77063312,0.18607313
nominal_05,nominal,2614,1.42000000,0.50000000,0.29603599,0.74800953,-0.06869557,0.29189948,0.74815069,-0.06869557
nominal_05,nominal,2614,1.44000000,0.50000000,0.30210987,0.71834007,-0.02967806,0.30634462,0.72225722,-0.02967806
nominal_05,nominal,2614,1.46000000,0.50000000,0.32209908,0.70326703,-0.31411856,0.32030177,0.69785755,-0.31411856
nominal_05,nominal,2614,1.48000000,0.50000000,0.34070830,0.66854418,-0.47547028,0.33369430,0.66962636,-0.47547028
nominal_05,nominal,2614,1.50000000,0.50000000,0.34459137,0.64060947,-0.40569195,0.34648826,0.63969819,-0.40569195
nominal_05,nominal,2614,1.52000000,0.50000000,0.36187667,0.61961592,-0.61185967,0.35872625,0.61189915,-0.61185967
nominal_05,nominal,2614,1.54000000,0.50000000,0.37161357,0.58434706,-0.61077960,0.37035940,0.58165784,-0.61077960
nominal_05,nominal,2614,1.56000000,0.50000000,0.38379154,0.55014755,-0.65898544,0.38140811,0.55243550,-0.65898544
nominal_05,nominal,2614,1.58000000,0.50000000,0.39576205,0.51928100,-0.72012186,0.39187600,0.52339451,-0.72012186
nominal_05,nominal,2614,1.60000000,0.50000000,0.39753950,0.49059760,-0.60869905,0.40176236,0.49431794,-0.60869905
nominal_05,nominal,2614,1.62000000,0.50000000,0.40738935,0.46521730,-0.65909481,0.41112279,0.46802157,-0.65909481
nominal_05,nominal,2614,1.64000000,0.50000000,0.42308406,0.43398785,-0.78545234,0.41995827,0.44177393,-0.78545234
nominal_05,nominal,2614,1.66000000,0.50000000,0.42951714,0.42040180,-0.83331751,0.42824496,0.41433442,-0.83331751
nominal_05,nominal,2614,1.68000000,0.50000000,0.43763545,0.37403792,-0.74762771,0.43598542,0.38702278,-0.74762771
nominal_05,nominal,2614,1.70000000,0.50000000,0.44742536,0.37164113,-0.91186222,0.44322568,0.36201315,-0.91186222
nominal_05,nominal,2614,1.72000000,0.50000000,0.44953312,0.33486515,-0.76592196,0.44992874,0.33515286,-0.76592196
nominal_05,nominal,2614,1.74000000,0.50000000,0.46166084,0.29592627,-0.78952641,0.45615998,0.31156237,-0.78952641
nominal_05,nominal,2614,1.76000000,0.50000000,0.46200563,0.28864813,-0.75934192,0.46192734,0.28836801,-0.75934192
nominal_05,nominal,2614,1.78000000,0.50000000,0.46766842,0.26211526,-0.72860794,0.46725602,0.26643401,-0.72860794
nominal_05,nominal,2614,1.80000000,0.50000000,0.47785435,0.24164021,-0.80957944,0.47217058,0.24572758,-0.80957944
nominal_05,nominal,2614,1.82000000,0.50000000,0.47531964,0.21872785,-0.64939279,0.47665830,0.22438608,-0.64939279
nominal_05,nominal,2614,1.84000000,0.50000000,0.48272354,0.21172909,-0.74766911,0.48078558,0.20636402,-0.74766911
nominal_05,nominal,2614,1.86000000,0.50000000,0.48527982,0.18244836,-0.64727851,0.48453229,0.18733575,-0.64727851
nominal_05,nominal,2614,1.88000000,0.50000000,0.48973024,0.16552115,-0.64275006,0.48794379,0.17057500,-0.64275006
nominal_05,nominal,2614,1.90000000,0.50000000,0.48998659,0.15817421,-0.61062962,0.49103265,0.15444310,-0.61062962
nominal_05,nominal,2614,1.92000000,0.50000000,0.48998176,0.14239543,-0.53164891,0.49382004,0.13936927,-0.53164891
nominal_05,nominal,2614,1.94000000,0.50000000,0.49406053,0.12243454,-0.50526229,0.49634170,0.12608281,-0.50526229
nominal_05,nominal,2614,1.96000000,0.50000000,0.49703231,0.12064244,-0.54979372,0.49861503,0.11366668,-0.54979372
nominal_05,nominal,2614,1.98000000,0.50000000,0.50235325,0.11203797,-0.60254833,0.50063374,0.10093534,-0.60254833
nominal_05,nominal,2614,2.00000000,0.50000000,0.50275550,0.07790506,-0.43912436,0.50238904,0.08776509,-0.43912436
nominal_05,nominal,2614,2.02000000,0.50000000,0.50141408,0.08115551,-0.43123098,0.50394297,0.07769651,-0.43123098
nominal_05,nominal,2614,2.04000000,0.50000000,0.50635811,0.07363650,-0.48262846,0.50530477,0.06809008,-0.48262846
nominal_05,nominal,2614,2.06000000,0.50000000,0.50785697,0.05742211,-0.42853601,0.50646404,0.05796340,-0.42853601
nominal_05,nominal,2614,2.08000000,0.50000000,0.50629726,0.04892446,-0.35797294,0.50744512,0.04905433,-0.35797294
nominal_05,nominal,2614,2.10000000,0.50000000,0.50609459,0.03598618,-0.28963343,0.50827695,0.04159120,-0.28963343
nominal_05,nominal,2614,2.12000000,0.50000000,0.51003825,0.03025666,-0.33197178,0.50898675,0.03548987,-0.33197178
nominal_05,nominal,2614,2.14000000,0.50000000,0.51467537,0.02950995,-0.41170642,0.50956475,0.02889999,-0.41170642
nominal_05,nominal,2614,2.16000000,0.50000000,0.51129653,0.01785711,-0.29262311,0.50998930,0.02122778,-0.29262311
nominal_05,nominal,2614,2.18000000,0.50000000,0.51282439,0.03197546,-0.39071636,0.51030434,0.01575196,-0.39071636
nominal_05,nominal,2614,2.20000000,0.50000000,0.51534197,0.00631769,-0.30774385,0.51048149,0.00885748,-0.30774385
nominal_05,nominal,2614,2.22000000,0.50000000,0.50783909,-0.00326528,-0.12477730,0.51055238,0.00354464,-0.12477730
nominal_05,nominal,2614,2.24000000,0.50000000,0.50832033,-0.00322803,-0.13362569,0.51058022,0.00139205,-0.13362569
nominal_05,nominal,2614,2.26000000,0.50000000,0.51105141,-0.00036861,-0.19708241,0.51056355,-0.00083359,-0.19708241
nominal_05,nominal,2614,2.28000000,0.50000000,0.50733421,-0.01459286,-0.05905138,0.51048314,-0.00402056,-0.05905138
nominal_05,nominal,2614,2.30000000,0.50000000,0.50949667,-0.00139451,-0.16396755,0.51038613,-0.00485061,-0.16396755
nominal_05,nominal,2614,2.32000000,0.50000000,0.51120118,-0.01787246,-0.11225898,0.51023884,-0.00736443,-0.11225898
nominal_05,nominal,2614,2.34000000,0.50000000,0.51258349,-0.00581923,-0.19740673,0.51005981,-0.00895162,-0.19740673
nominal_05,nominal,2614,2.36000000,0.50000000,0.50546446,-0.00834080,-0.05665635,0.50982231,-0.01187507,-0.05665635
nominal_05,nominal,2614,2.38000000,0.50000000,0.50519143,-0.01277400,-0.02957584,0.50957419,-0.01240597,-0.02957584
nominal_05,nominal,2614,2.40000000,0.50000000,0.51615425,-0.00573702,-0.26209145,0.50932464,-0.01247759,-0.26209145
nominal_05,nominal,2614,2.42000000,0.50000000,0.50585977,-0.01214440,-0.04475392,0.50899785,-0.01633935,-0.04475392
nominal_05,nominal,2614,2.44000000,0.50000000,0.50784339,-0.01946230,-0.04386957,0.50866728,-0.01652829,-0.04386957
nominal_05,nominal,2614,2.46000000,0.50000000,0.51062196,-0.01694884,-0.10645108,0.50833335,-0.01669654,-0.10645108
nominal_05,nominal,2614,2.48000000,0.50000000,0.50283345,-0.02298537,0.06392473,0.50797575,-0.01787999,0.06392473
nominal_05,nominal,2614,2.50000000,0.50000000,0.50515001,-0.02261239,0.02036178,0.50765085,-0.01624527,0.02036178
nominal_05,nominal,2614,2.52000000,0.50000000,0.51063049,-0.01526594,-0.11501907,0.50734334,-0.01537524,-0.11501907
nominal_05,nominal,2614,2.54000000,0.50000000,0.50678522,-0.01352450,-0.05451143,0.50700850,-0.01674218,-0.05451143
nominal_05,nominal,2614,2.56000000,0.50000000,0.51097126,-0.00823985,-0.15628346,0.50666696,-0.01707694,-0.15628346
nominal_05,nominal,2614,2.58000000,0.50000000,0.50572230,-0.01612123,-0.02239518,0.50628575,-0.01906059,-0.02239518
nominal_05,nominal,2614,2.60000000,0.50000000,0.50550521,-0.02489156,0.02536408,0.50590985,-0.01879473,0.02536408
nominal_05,nominal,2614,2.62000000,0.50000000,0.50755680,-0.00484461,-0.11179930,0.50555468,-0.01775869,-0.11179930
nominal_05,nominal,2614,2.64000000,0.50000000,0.50274161,-0.01633324,0.03231721,0.50517480,-0.01899419,0.03231721
nominal_05,nominal,2614,2.66000000,0.50000000,0.50619982,-0.01266729,-0.04826029,0.50481803,-0.01783813,-0.04826029
nominal_05,nominal,2614,2.68000000,0.50000000,0.50645501,-0.02631086,0.01536409,0.50445734,-0.01803463,0.01536409
nominal_05,nominal,2614,2.70000000,0.50000000,0.50441983,-0.00427659,-0.05817400,0.50411360,-0.01718687,-0.05817400
nominal_05,nominal,2614,2.72000000,0.50000000,0.50953393,-0.02338745,-0.05467347,0.50376227,-0.01756663,-0.05467347
nominal_05,nominal,2614,2.74000000,0.50000000,0.50229953,-0.01082127,0.01271478,0.50340474,-0.01787673,0.01271478
nominal_05,nominal,2614,2.76000000,0.50000000,0.50125287,-0.02098053,0.08235094,0.50306319,-0.01707740,0.08235094
nominal_05,nominal,2614,2.78000000,0.50000000,0.50502977,-0.02007763,0.00985226,0.50275981,-0.01516872,0.00985226
nominal_05,nominal,2614,2.80000000,0.50000000,0.49577354,-0.00283626,0.09025752,0.50246970,-0.01450575,0.09025752
nominal_05,nominal,2614,2.82000000,0.50000000,0.50614104,-0.01447681,-0.03815464,0.50221863,-0.01255326,-0.03815464
nominal_05,nominal,2614,2.84000000,0.50000000,0.50531293,-0.01658877,-0.01268895,0.50196343,-0.01275993,-0.01268895
nominal_05,nominal,2614,2.86000000,0.50000000,0.50481037,-0.01443988,-0.01438732,0.50171255,-0.01254438,-0.01438732
nominal_05,nominal,2614,2.88000000,0.50000000,0.50348836,-0.01106913,-0.00744479,0.50146527,-0.01236368,-0.00744479
nominal_05,nominal,2614,2.90000000,0.50000000,0.50068121,-0.01231006,0.04928849,0.50122376,-0.01207572,0.04928849
nominal_05,nominal,2614,2.92000000,0.50000000,0.50130757,-0.01636139,0.05827078,0.50100632,-0.01087193,0.05827078
nominal_05,nominal,2614,2.94000000,0.50000000,0.50866799,-0.01093364,-0.10135562,0.50081509,-0.00956149,-0.10135562
nominal_05,nominal,2614,2.96000000,0.50000000,0.50595380,-0.00574752,-0.07843076,0.50059713,-0.01089808,-0.07843076
nominal_05,nominal,2614,2.98000000,0.50000000,0.49893304,-0.01614048,0.09990763,0.50036080,-0.01181649,0.09990763
nominal_05,nominal,2614,3.00000000,-0.30000000,0.50064378,-0.00673865,-12.00000000,0.50016489,-0.00979564,-12.00000000
nominal_05,nominal,2614,3.02000000,-0.30000000,0.49648355,-0.19911526,-12.00000000,0.49606087,-0.20520096,-12.00000000
nominal_05,nominal,2614,3.04000000,-0.30000000,0.48887655,-0.39379362,-12.00000000,0.48817815,-0.39413596,-12.00000000
nominal_05,nominal,2614,3.06000000,-0.30000000,0.47597087,-0.58225440,-11.05620373,0.47664185,-0.57681488,-11.05620373
nominal_05,nominal,2614,3.08000000,-0.30000000,0.46147855,-0.74352713,-9.98897820,0.46188083,-0.73805081,-9.98897820
nominal_05,nominal,2614,3.10000000,-0.30000000,0.44127656,-0.87540339,-8.96596109,0.44435002,-0.87654054,-8.96596109
nominal_05,nominal,2614,3.12000000,-0.30000000,0.42195544,-1.00098450,-7.99027551,0.42447486,-0.99375832,-7.99027551
nominal_05,nominal,2614,3.14000000,-0.30000000,0.40108001,-1.09459440,-7.14646814,0.40265125,-1.09118054,-7.14646814
nominal_05,nominal,2614,3.16000000,-0.30000000,0.38375233,-1.17287367,-6.44317361,0.37921897,-1.17161370,-6.44317361
nominal_05,nominal,2614,3.18000000,-0.30000000,0.35378312,-1.23028850,-5.61665371,0.35446073,-1.23791223,-5.61665371
nominal_05,nominal,2614,3.20000000,-0.30000000,0.33252129,-1.28644957,-4.95313531,0.32869004,-1.28853426,-4.95313531
nominal_05,nominal,2614,3.22000000,-0.30000000,0.30121978,-1.32572129,-4.19334956,0.30215689,-1.32665756,-4.19334956
nominal_05,nominal,2614,3.24000000,-0.30000000,0.27439794,-1.34267855,-3.62577020,0.27513438,-1.35112579,-3.62577020
nominal_05,nominal,2614,3.26000000,-0.30000000,0.24887797,-1.36283398,-3.06563358,0.24782385,-1.36552614,-3.06563358
nominal_05,nominal,2614,3.28000000,-0.30000000,0.21884152,-1.37077283,-2.48528318,0.22041758,-1.37031339,-2.48528318
nominal_05,nominal,2614,3.30000000,-0.30000000,0.19287092,-1.36478622,-2.04774553,0.19310806,-1.36547614,-2.04774553
nominal_05,nominal,2614,3.32000000,-0.30000000,0.16921451,-1.35456586,-1.67303189,0.16603481,-1.35366246,-1.67303189
nominal_05,nominal,2614,3.34000000,-0.30000000,0.14486410,-1.34198369,-1.29763536,0.13931225,-1.33612809,-1.29763536
nominal_05,nominal,2614,3.36000000,-0.30000000,0.11269921,-1.31735235,-0.84182409,0.11305122,-1.31305129,-0.84182409
nominal_05,nominal,2614,3.38000000,-0.30000000,0.08920714,-1.28489940,-0.58123145,0.08738515,-1.28330398,-0.58123145
nominal_05,nominal,2614,3.40000000,-0.30000000,0.05921671,-1.24951417,-0.21832988,0.06237932,-1.25029119,-0.21832988
nominal_05,nominal,2614,3.42000000,-0.30000000,0.03494233,-1.20510049,-0.00345956,0.03813028,-1.21245231,-0.00345956
nominal_05,nominal,2614,3.44000000,-0.30000000,0.01813273,-1.17594368,0.15332923,0.01468304,-1.17236165,0.15332923
nominal_05,nominal,2614,3.46000000,-0.30000000,-0.00715610,-1.14255437,0.44158168,-0.00793778,-1.13104114,0.44158168
nominal_05,nominal,2614,3.48000000,-0.30000000,-0.02743682,-1.07784762,0.48310082,-0.02966552,-1.08638722,0.48310082
nominal_05,nominal,2614,3.50000000,-0.30000000,-0.04835595,-1.04121410,0.67647756,-0.05051622,-1.04253468,0.67647756
nominal_05,nominal,2614,3.52000000,-0.30000000,-0.06804932,-0.98703592,0.76006726,-0.07045582,-0.99698006,0.76006726
nominal_05,nominal,2614,3.54000000,-0.30000000,-0.08823639,-0.95033868,0.93994837,-0.08948723,-0.95157045,0.93994837
nominal_05,nominal,2614,3.56000000,-0.30000000,-0.10436677,-0.90317401,0.99447196,-0.10758184,-0.90473045,0.99447196
nominal_05,nominal,2614,3.58000000,-0.30000000,-0.12623281,-0.86498072,1.19709419,-0.12475288,-0.85855211,1.19709419
nominal_05,nominal,2614,3.60000000,-0.30000000,-0.13782655,-0.80446056,1.10318063,-0.14096484,-0.81059790,1.10318063
nominal_05,nominal,2614,3.62000000,-0.30000000,-0.15516067,-0.76640005,1.22489238,-0.15628011,-0.76576338,1.22489238
nominal_05,nominal,2614,3.64000000,-0.30000000,-0.16969591,-0.71976527,1.25335277,-0.17068867,-0.72042821,1.25335277
nominal_05,nominal,2614,3.66000000,-0.30000000,-0.18836560,-0.67293551,1.35525841,-0.18421127,-0.67612998,1.35525841
nominal_05,nominal,2614,3.68000000,-0.30000000,-0.20029183,-0.63046469,1.35757639,-0.19684400,-0.63163641,1.35757639
nominal_05,nominal,2614,3.70000000,-0.30000000,-0.20791861,-0.58931693,1.28911972,-0.20861556,-0.58857831,1.28911972
nominal_05,nominal,2614,3.72000000,-0.30000000,-0.21660411,-0.54907886,1.24426835,-0.21957681,-0.54806255,1.24426835
nominal_05,nominal,2614,3.74000000,-0.30000000,-0.22650435,-0.50480308,1.20109363,-0.22976921,-0.50961992,1.20109363
nominal_05,nominal,2614,3.76000000,-0.30000000,-0.24430110,-0.47905265,1.39268310,-0.23923230,-0.47315442,1.39268310
nominal_05,nominal,2614,3.78000000,-0.30000000,-0.24916377,-0.42763088,1.22310227,-0.24792773,-0.43477141,1.22310227
nominal_05,nominal,2614,3.80000000,-0.30000000,-0.25268958,-0.40480703,1.17244756,-0.25593624,-0.40042535,1.17244756
nominal_05,nominal,2614,3.82000000,-0.30000000,-0.26050955,-0.36350073,1.10667557,-0.26329709,-0.36804278,1.10667557
nominal_05,nominal,2614,3.84000000,-0.30000000,-0.27179658,-0.33169841,1.15083044,-0.27005320,-0.33780526,1.15083044
nominal_05,nominal,2614,3.86000000,-0.30000000,-0.27655058,-0.30716646,1.11374280,-0.27621017,-0.30784878,1.11374280
nominal_05,nominal,2614,3.88000000,-0.30000000,-0.28402551,-0.28235834,1.12425079,-0.28179996,-0.27948916,1.12425079
nominal_05,nominal,2614,3.90000000,-0.30000000,-0.28693232,-0.24505171,0.99004027,-0.28683790,-0.25189719,0.99004027
nominal_05,nominal,2614,3.92000000,-0.30000000,-0.29320945,-0.22421312,0.99883573,-0.29138606,-0.22740794,0.99883573
nominal_05,nominal,2614,3.94000000,-0.30000000,-0.29256636,-0.20874068,0.90989796,-0.29545778,-0.20358613,0.90989796
nominal_05,nominal,2614,3.96000000,-0.30000000,-0.29416996,-0.17725942,0.78135644,-0.29909786,-0.18200376,0.78135644
nominal_05,nominal,2614,3.98000000,-0.30000000,-0.30537818,-0.17386440,0.96612931,-0.30236251,-0.16323264,0.96612931
nominal_05,nominal,2614,4.00000000,-0.30000000,-0.30212613,-0.13997992,0.73816986,-0.30520390,-0.14206928,0.73816986
nominal_05,nominal,2614,4.02000000,-0.30000000,-0.30626808,-0.12100344,0.71784270,-0.30771039,-0.12532490,0.71784270
nominal_05,nominal,2614,4.04000000,-0.30000000,-0.31219098,-0.10929900,0.76593266,-0.30989972,-0.10946651,0.76593266
nominal_05,nominal,2614,4.06000000,-0.30000000,-0.31521893,-0.09042089,0.72604528,-0.31176670,-0.09334884,0.72604528
nominal_05,nominal,2614,4.08000000,-0.30000000,-0.30943516,-0.08154365,0.57755115,-0.31333501,-0.07841546,0.57755115
nominal_05,nominal,2614,4.10000000,-0.30000000,-0.31567863,-0.05618960,0.56316344,-0.31466298,-0.06639862,0.56316344
nominal_05,nominal,2614,4.12000000,-0.30000000,-0.31895661,-0.05126484,0.59754307,-0.31576327,-0.05501436,0.59754307
nominal_05,nominal,2614,4.14000000,-0.30000000,-0.31841734,-0.04486636,0.55584388,-0.31663220,-0.04344630,0.55584388
nominal_05,nominal,2614,4.16000000,-0.30000000,-0.31569059,-0.03804944,0.47267789,-0.31729102,-0.03294143,0.47267789
nominal_05,nominal,2614,4.18000000,-0.30000000,-0.31849561,-0.01936001,0.42972096,-0.31777384,-0.02414091,0.42972096
nominal_05,nominal,2614,4.20000000,-0.30000000,-0.31641455,-0.01304502,0.36068691,-0.31810049,-0.01633245,0.36068691
nominal_05,nominal,2614,4.22000000,-0.30000000,-0.32001554,-0.00067317,0.36364561,-0.31829866,-0.00990855,0.36364561
nominal_05,nominal,2614,4.24000000,-0.30000000,-0.31925109,0.00234282,0.33480552,-0.31837164,-0.00364910,0.33480552
nominal_05,nominal,2614,4.26000000,-0.30000000,-0.32020722,0.00729330,0.32726351,-0.31833299,0.00193267,0.32726351
nominal_05,nominal,2614,4.28000000,-0.30000000,-0.32064051,0.00085769,0.36724075,-0.31818886,0.00720661,0.36724075
nominal_05,nominal,2614,4.30000000,-0.30000000,-0.31773164,0.01412901,0.24852454,-0.31792970,0.01295798,0.24852454
nominal_05,nominal,2614,4.32000000,-0.30000000,-0.31516746,0.02063857,0.16982140,-0.31759805,0.01658254,0.16982140
nominal_05,nominal,2614,4.34000000,-0.30000000,-0.31892519,0.02083512,0.23647774,-0.31722198,0.01880338,0.23647774
nominal_05,nominal,2614,4.36000000,-0.30000000,-0.31904302,0.01581130,0.26371780,-0.31678122,0.02203790,0.26371780
nominal_05,nominal,2614,4.38000000,-0.30000000,-0.31422068,0.02320991,0.13992270,-0.31626903,0.02560962,0.13992270
nominal_05,nominal,2614,4.40000000,-0.30000000,-0.32046112,0.03264680,0.20506614,-0.31572815,0.02704388,0.20506614
nominal_05,nominal,2614,4.42000000,-0.30000000,-0.31905679,0.03534684,0.16628799,-0.31513829,0.02949319,0.16628799
nominal_05,nominal,2614,4.44000000,-0.30000000,-0.31509935,0.02009147,0.17133099,-0.31451371,0.03122890,0.17133099
nominal_05,nominal,2614,4.46000000,-0.30000000,-0.31347584,0.02576487,0.11374075,-0.31385392,0.03298938,0.11374075
nominal_05,nominal,2614,4.48000000,-0.30000000,-0.31525608,0.02559490,0.14663486,-0.31317888,0.03375223,0.14663486
nominal_05,nominal,2614,4.50000000,-0.30000000,-0.31231711,0.04191577,0.01212915,-0.31247835,0.03502635,0.01212915
nominal_05,nominal,2614,4.52000000,-0.30000000,-0.31512864,0.02809876,0.13182167,-0.31179706,0.03406438,0.13182167
nominal_05,nominal,2614,4.54000000,-0.30000000,-0.30759489,0.03982961,-0.06243997,-0.31109533,0.03508655,-0.06243997
nominal_05,nominal,2614,4.56000000,-0.30000000,-0.31030309,0.03011106,0.03490041,-0.31043721,0.03290631,0.03490041
nominal_05,nominal,2614,4.58000000,-0.30000000,-0.30722649,0.03139166,-0.02688148,-0.30978949,0.03238596,-0.02688148
nominal_05,nominal,2614,4.60000000,-0.30000000,-0.30832493,0.03260731,-0.01318786,-0.30917198,0.03087513,-0.01318786
nominal_05,nominal,2614,4.62000000,-0.30000000,-0.30909531,0.02188751,0.05427797,-0.30857923,0.02963767,0.05427797
nominal_05,nominal,2614,4.64000000,-0.30000000,-0.30673908,0.03413485,-0.04937076,-0.30798840,0.02954162,-0.04937076
nominal_05,nominal,2614,4.66000000,-0.30000000,-0.30506280,0.01996664,-0.00870279,-0.30743324,0.02775815,-0.00870279
nominal_05,nominal,2614,4.68000000,-0.30000000,-0.30695439,0.03014274,-0.02553471,-0.30689929,0.02669707,-0.02553471
nominal_05,nominal,2614,4.70000000,-0.30000000,-0.30912215,0.01559827,0.08620740,-0.30639136,0.02539657,0.08620740
nominal_05,nominal,2614,4.72000000,-0.30000000,-0.30496892,0.03553727,-0.08824580,-0.30587213,0.02596175,-0.08824580
nominal_05,nominal,2614,4.74000000,-0.30000000,-0.30793144,0.01566867,0.06442248,-0.30539887,0.02366273,0.06442248
nominal_05,nominal,2614,4.76000000,-0.30000000,-0.30105927,0.01306231,-0.04624464,-0.30492027,0.02392999,-0.04624464
nominal_05,nominal,2614,4.78000000,-0.30000000,-0.30512250,0.02157148,-0.01565241,-0.30447261,0.02238332,-0.01565241
nominal_05,nominal,2614,4.80000000,-0.30000000,-0.30663912,0.02607167,-0.01085416,-0.30404487,0.02138686,-0.01085416
nominal_05,nominal,2614,4.82000000,-0.30000000,-0.29876010,0.03375314,-0.19108382,-0.30363484,0.02050165,-0.19108382
nominal_05,nominal,2614,4.84000000,-0.30000000,-0.30600880,0.01107376,0.05278950,-0.30330072,0.01670606,0.05278950
nominal_05,nominal,2614,4.86000000,-0.30000000,-0.30383268,0.01228504,0.00756304,-0.30296044,0.01701393,0.00756304
nominal_05,nominal,2614,4.88000000,-0.30000000,-0.30319620,0.01242833,-0.00461009,-0.30262896,0.01657391,-0.00461009
nominal_05,nominal,2614,4.90000000,-0.30000000,-0.30013353,0.01683329,-0.08176295,-0.30230996,0.01594992,-0.08176295
nominal_05,nominal,2614,4.92000000,-0.30000000,-0.30140467,0.00580072,-0.00371954,-0.30202820,0.01408816,-0.00371954
nominal_05,nominal,2614,4.94000000,-0.30000000,-0.30507332,0.01832000,-0.00028031,-0.30175698,0.01356100,-0.00028031
nominal_05,nominal,2614,4.96000000,-0.30000000,-0.30232547,0.01475216,-0.03190235,-0.30149483,0.01310739,-0.03190235
nominal_05,nominal,2614,4.98000000,-0.30000000,-0.30068067,0.00571103,-0.01630317,-0.30125177,0.01215302,-0.01630317
nominal_05,nominal,2614,5.00000000,0.80000000,-0.30302077,0.00969263,12.00000000,-0.30102208,0.01148469,12.00000000
nominal_05,nominal,2614,5.02000000,0.80000000,-0.29692376,0.21111456,12.00000000,-0.29688539,0.20683408,12.00000000
nominal_05,nominal,2614,5.04000000,0.80000000,-0.29439986,0.40203297,12.00000000,-0.28897109,0.39571500,12.00000000
nominal_05,nominal,2614,5.06000000,0.80000000,-0.27345264,0.57476391,12.00000000,-0.27740426,0.57834164,12.00000000
nominal_05,nominal,2614,5.08000000,0.80000000,-0.26652884,0.75173523,12.00000000,-0.26230584,0.75492110,12.00000000
nominal_05,nominal,2614,5.10000000,0.80000000,-0.24651865,0.93128478,12.00000000,-0.24379277,0.92565360,12.00000000
nominal_05,nominal,2614,5.12000000,0.80000000,-0.21919095,1.08754872,12.00000000,-0.22197811,1.09073275,12.00000000
nominal_05,nominal,2614,5.14000000,0.80000000,-0.19236696,1.25206950,11.60225785,-0.19697120,1.25034576,11.60225785
nominal_05,nominal,2614,5.16000000,0.80000000,-0.16799921,1.38603444,10.49381360,-0.16900747,1.39818611,10.49381360
nominal_05,nominal,2614,5.18000000,0.80000000,-0.13972486,1.52740944,9.27800036,-0.13854644,1.52305152,9.27800036
nominal_05,nominal,2614,5.20000000,0.80000000,-0.11181608,1.62956558,8.26486149,-0.10606741,1.62395145,8.26486149
nominal_05,nominal,2614,5.22000000,0.80000000,-0.07227968,1.69947919,7.20363834,-0.07196771,1.70498523,7.20363834
nominal_05,nominal,2614,5.24000000,0.80000000,-0.03725586,1.76661099,6.23755051,-0.03664718,1.76602640,6.23755051
nominal_05,nominal,2614,5.26000000,0.80000000,-0.00134895,1.80887789,5.37989163,-0.00046141,1.80928869,5.37989163
nominal_05,nominal,2614,5.28000000,0.80000000,0.03420896,1.83061715,4.63115293,0.03628118,1.83712935,4.63115293
nominal_05,nominal,2614,5.30000000,0.80000000,0.06871767,1.85218163,3.90217386,0.07331789,1.85183561,3.90217386
nominal_05,nominal,2614,5.32000000,0.80000000,0.11484922,1.85699405,3.04774389,0.11040118,1.85416468,3.04774389
nominal_05,nominal,2614,5.34000000,0.80000000,0.14544318,1.83669450,2.59855035,0.14725079,1.84248019,2.59855035
nominal_05,nominal,2614,5.36000000,0.80000000,0.18307797,1.83276676,1.94076275,0.18372791,1.82385588,1.94076275
nominal_05,nominal,2614,5.38000000,0.80000000,0.21777812,1.79443060,1.50784089,0.21963029,1.79511923,1.50784089
nominal_05,nominal,2614,5.40000000,0.80000000,0.25232469,1.76598176,1.02824680,0.25483575,1.76027281,1.02824680
nominal_05,nominal,2614,5.42000000,0.80000000,0.29672482,1.72839492,0.41697864,0.28921090,1.71875766,0.41697864
nominal_05,nominal,2614,5.44000000,0.80000000,0.32901594,1.67273823,0.11402196,0.32258384,1.66864690,0.11402196
nominal_05,nominal,2614,5.46000000,0.80000000,0.35145288,1.61454500,0.00112321,0.35488892,1.61525396,0.00112321
nominal_05,nominal,2614,5.48000000,0.80000000,0.38444067,1.55732177,-0.30654084,0.38612467,1.56178751,-0.30654084
nominal_05,nominal,2614,5.50000000,0.80000000,0.42008589,1.49949662,-0.65902917,0.41622613,1.50507321,-0.65902917
nominal_05,nominal,2614,5.52000000,0.80000000,0.43846947,1.44793290,-0.73211486,0.44511588,1.44448748,-0.73211486
nominal_05,nominal,2614,5.54000000,0.80000000,0.47494354,1.37965498,-1.04725862,0.47281020,1.38471579,-1.04725862
nominal_05,nominal,2614,5.56000000,0.80000000,0.50053096,1.32230667,-1.22109068,0.49924586,1.32178304,-1.22109068
nominal_05,nominal,2614,5.58000000,0.80000000,0.52573082,1.26472068,-1.38675824,0.52440783,1.25809879,-1.38675824
nominal_05,nominal,2614,5.60000000,0.80000000,0.54671058,1.19898877,-1.43573431,0.54828426,1.19382110,-1.43573431
nominal_05,nominal,2614,5.62000000,0.80000000,0.57289495,1.13465875,-1.58540281,0.57090171,1.13087296,-1.58540281
nominal_05,nominal,2614,5.64000000,0.80000000,0.59754029,1.06589870,-1.68521872,0.59225307,1.06756796,-1.68521872
nominal_05,nominal,2614,5.66000000,0.80000000,0.61139809,1.00872130,-1.64877214,0.61234769,1.00473105,-1.64877214
nominal_05,nominal,2614,5.68000000,0.80000000,0.62813900,0.93495907,-1.58129740,0.63123908,0.94456930,-1.58129740
nominal_05,nominal,2614,5.70000000,0.80000000,0.65146219,0.88564266,-1.75453275,0.64898908,0.88750020,-1.75453275
nominal_05,nominal,2614,5.72000000,0.80000000,0.66488152,0.83828808,-1.75930778,0.66557899,0.82949519,-1.75930778
nominal_05,nominal,2614,5.74000000,0.80000000,0.68298197,0.77638593,-1.77560507,0.68104565,0.77333297,-1.77560507
nominal_05,nominal,2614,5.76000000,0.80000000,0.69591766,0.71883502,-1.72069290,0.69542094,0.71876458,-1.72069290
nominal_05,nominal,2614,5.78000000,0.80000000,0.70628170,0.66818977,-1.65401948,0.70875891,0.66689875,-1.65401948
nominal_05,nominal,2614,5.80000000,0.80000000,0.71823614,0.60828307,-1.56966590,0.72111567,0.61783781,-1.56966590
nominal_05,nominal,2614,5.82000000,0.80000000,0.73696768,0.56915980,-1.71121721,0.73255122,0.57177726,-1.71121721
nominal_05,nominal,2614,5.84000000,0.80000000,0.74689975,0.51849081,-1.63664949,0.74304988,0.52493307,-1.63664949
nominal_05,nominal,2614,5.86000000,0.80000000,0.75679085,0.48458817,-1.64517621,0.75266700,0.48085626,-1.64517621
nominal_05,nominal,2614,5.88000000,0.80000000,0.76050969,0.43456290,-1.46198893,0.76142900,0.43809985,-1.46198893
nominal_05,nominal,2614,5.90000000,0.80000000,0.77401553,0.39966017,-1.53058044,0.76942394,0.39974714,-1.53058044
nominal_05,nominal,2614,5.92000000,0.80000000,0.77818989,0.35384939,-1.37666501,0.77665485,0.36154559,-1.37666501
nominal_05,nominal,2614,5.94000000,0.80000000,0.78554612,0.33528779,-1.41626905,0.78319724,0.32711947,-1.41626905
nominal_05,nominal,2614,5.96000000,0.80000000,0.78757499,0.29637099,-1.25820478,0.78906099,0.29318730,-1.25820478
nominal_05,nominal,2614,5.98000000,0.80000000,0.79565843,0.26322737,-1.23798856,0.79432013,0.26295686,-1.23798856
nominal_05,nominal,2614,6.00000000,0.80000000,0.80158822,0.23326014,-1.19488859,0.79900127,0.23405717,-1.19488859
nominal_05,nominal,2614,6.02000000,0.80000000,0.81198777,0.21210382,-1.27629907,0.80313762,0.20681740,-1.27629907
nominal_05,nominal,2614,6.04000000,0.80000000,0.80528648,0.17001447,-0.94522902,0.80672065,0.17915173,-0.94522902
nominal_05,nominal,2614,6.06000000,0.80000000,0.80440247,0.16564158,-0.90745236,0.80987670,0.15780216,-0.90745236
nominal_05,nominal,2614,6.08000000,0.80000000,0.81017769,0.13627397,-0.86456820,0.81263221,0.13777569,-0.86456820
nominal_05,nominal,2614,6.10000000,0.80000000,0.81197414,0.10915767,-0.76132285,0.81501445,0.11911182,-0.76132285
nominal_05,nominal,2614,6.12000000,0.80000000,0.81911615,0.09460504,-0.81711585,0.81706945,0.10274996,-0.81711585
nominal_05,nominal,2614,6.14000000,0.80000000,0.81453997,0.08464159,-0.68492747,0.81878984,0.08601985,-0.68492747
nominal_05,nominal,2614,6.16000000,0.80000000,0.82144274,0.07577510,-0.76484483,0.82022984,0.07199982,-0.76484483
nominal_05,nominal,2614,6.18000000,0.80000000,0.82558419,0.05127458,-0.71688830,0.82137265,0.05714050,-0.71688830
nominal_05,nominal,2614,6.20000000,0.80000000,0.81817763,0.05807794,-0.61758708,0.82224376,0.04355542,-0.61758708
nominal_05,nominal,2614,6.22000000,0.80000000,0.82884064,0.02257655,-0.63201431,0.82288455,0.03203986,-0.63201431
nominal_05,nominal,2614,6.24000000,0.80000000,0.82210943,0.02657864,-0.53086300,0.82329796,0.02067029,-0.53086300
nominal_05,nominal,2614,6.26000000,0.80000000,0.82240735,-0.00156307,-0.39551701,0.82352450,0.01132704,-0.39551701
nominal_05,nominal,2614,6.28000000,0.80000000,0.82647885,0.00789664,-0.51610244,0.82361452,0.00450078,-0.51610244
nominal_05,nominal,2614,6.30000000,0.80000000,0.82455966,0.00120068,-0.44807731,0.82353319,-0.00406630,-0.44807731
nominal_05,nominal,2614,6.32000000,0.80000000,0.82590122,-0.00968401,-0.41780193,0.82330839,-0.01124016,-0.41780193
nominal_05,nominal,2614,6.34000000,0.80000000,0.82369834,-0.02054351,-0.32385261,0.82295473,-0.01768266,-0.32385261
nominal_05,nominal,2614,6.36000000,0.80000000,0.81949806,-0.01851819,-0.25837411,0.82250715,-0.02237944,-0.25837411
nominal_05,nominal,2614,6.38000000,0.80000000,0.81938940,-0.02784119,-0.20980321,0.82199009,-0.02585270,-0.20980321
nominal_05,nominal,2614,6.40000000,0.80000000,0.81838445,-0.02757091,-0.19306555,0.82142172,-0.02841871,-0.19306555
nominal_05,nominal,2614,6.42000000,0.80000000,0.82244508,-0.02988713,-0.25457575,0.82080918,-0.03062676,-0.25457575
nominal_05,nominal,2614,6.44000000,0.80000000,0.82533033,-0.02928616,-0.30951511,0.82013388,-0.03376497,-0.30951511
nominal_05,nominal,2614,6.46000000,0.80000000,0.81570739,-0.03335465,-0.11595968,0.81937997,-0.03769538,-0.11595968
nominal_05,nominal,2614,6.48000000,0.80000000,0.81993268,-0.03395569,-0.18900989,0.81861320,-0.03833859,-0.18900989
nominal_05,nominal,2614,6.50000000,0.80000000,0.81804892,-0.04448547,-0.10245320,0.81781016,-0.04015202,-0.10245320
nominal_05,nominal,2614,6.52000000,0.80000000,0.81891088,-0.04236280,-0.12858180,0.81700029,-0.04049359,-0.12858180
nominal_05,nominal,2614,6.54000000,0.80000000,0.81813897,-0.04374321,-0.10778538,0.81617529,-0.04125002,-0.10778538
nominal_05,nominal,2614,6.56000000,0.80000000,0.81549996,-0.05031517,-0.02742350,0.81534245,-0.04164221,-0.02742350
nominal_05,nominal,2614,6.58000000,0.80000000,0.82003750,-0.04334759,-0.14393712,0.81452823,-0.04071064,-0.14393712
nominal_05,nominal,2614,6.60000000,0.80000000,0.81495638,-0.03457606,-0.09633452,0.81369403,-0.04171035,-0.09633452
nominal_05,nominal,2614,6.62000000,0.80000000,0.81450984,-0.04043661,-0.05899411,0.81285602,-0.04190051,-0.05899411
nominal_05,nominal,2614,6.64000000,0.80000000,0.81452744,-0.02912847,-0.11585162,0.81202651,-0.04147533,-0.11585162
nominal_05,nominal,2614,6.66000000,0.80000000,0.81490501,-0.04425349,-0.04702282,0.81118668,-0.04199162,-0.04702282
nominal_05,nominal,2614,6.68000000,0.80000000,0.80923489,-0.04080217,0.03778289,0.81035931,-0.04136816,0.03778289
nominal_05,nominal,2614,6.70000000,0.80000000,0.81369640,-0.03016512,-0.09570966,0.80957167,-0.03938210,-0.09570966
nominal_05,nominal,2614,6.72000000,0.80000000,0.80446299,-0.04340418,0.13668706,0.80877889,-0.03963917,0.13668706
nominal_05,nominal,2614,6.74000000,0.80000000,0.80881300,-0.03344024,0.00856730,0.80805695,-0.03609715,0.00856730
nominal_05,nominal,2614,6.76000000,0.80000000,0.81196805,-0.03630762,-0.03388679,0.80736170,-0.03476215,-0.03388679
nominal_05,nominal,2614,6.78000000,0.80000000,0.80742542,-0.03298338,0.03125938,0.80667843,-0.03416382,0.03125938
nominal_05,nominal,2614,6.80000000,0.80000000,0.80117814,-0.02234361,0.09051149,0.80602797,-0.03252271,0.09051149
nominal_05,nominal,2614,6.82000000,0.80000000,0.80668572,-0.03353524,0.04733331,0.80542858,-0.02996949,0.04733331
nominal_05,nominal,2614,6.84000000,0.80000000,0.80103151,-0.02206669,0.09176621,0.80486448,-0.02820509,0.09176621
nominal_05,nominal,2614,6.86000000,0.80000000,0.80281386,-0.03441434,0.12142232,0.80434899,-0.02577437,0.12142232
nominal_05,nominal,2614,6.88000000,0.80000000,0.80143832,-0.01799500,0.06408532,0.80389018,-0.02294043,0.06408532
nominal_05,nominal,2614,6.90000000,0.80000000,0.80024237,-0.02323335,0.11180415,0.80346747,-0.02113553,0.11180415
nominal_05,nominal,2614,6.92000000,0.80000000,0.80342495,-0.02473437,0.06202282,0.80309523,-0.01861207,0.06202282
nominal_05,nominal,2614,6.94000000,0.80000000,0.79711469,-0.01438667,0.12386893,0.80275555,-0.01698414,0.12386893
nominal_05,nominal,2614,6.96000000,0.80000000,0.80706797,-0.00789721,-0.08773744,0.80246752,-0.01440136,-0.08773744
nominal_05,nominal,2614,6.98000000,0.80000000,0.80576149,-0.02805703,0.03657835,0.80216041,-0.01535556,0.03657835
nominal_05,nominal,2614,7.00000000,0.80000000,0.80306134,-0.01743136,0.03205263,0.80187540,-0.01425048,0.03205263
nominal_05,nominal,2614,7.02000000,0.80000000,0.79481706,-0.00857271,0.13615646,0.80161029,-0.01325581,0.13615646
nominal_05,nominal,2614,7.04000000,0.80000000,0.80264497,-0.01515976,0.02818930,0.80139836,-0.01059606,0.02818930
nominal_05,nominal,2614,7.06000000,0.80000000,0.80024020,-0.01779936,0.08467325,0.80120266,-0.00978541,0.08467325
nominal_05,nominal,2614,7.08000000,0.80000000,0.80457712,-0.01477807,-0.00849782,0.80104105,-0.00808030,-0.00849782
nominal_05,nominal,2614,7.10000000,0.80000000,0.80195577,-0.00358001,-0.01730381,0.80088202,-0.00795135,-0.01730381
nominal_05,nominal,2614,7.12000000,0.80000000,0.80120290,-0.00137878,-0.01475824,0.80072262,-0.00797030,-0.01475824
nominal_05,nominal,2614,7.14000000,0.80000000,0.79937058,-0.00747739,0.04871657,0.80056367,-0.00794711,0.04871657
nominal_05,nominal,2614,7.16000000,0.80000000,0.79435289,-0.00808946,0.14209538,0.80042589,-0.00688935,0.14209538
nominal_05,nominal,2614,7.18000000,0.80000000,0.80108254,-0.00114509,-0.01376017,0.80033902,-0.00434354,-0.01376017
nominal_05,nominal,2614,7.20000000,0.80000000,0.80085283,-0.00354551,0.00237656,0.80025053,-0.00442416,0.00237656
nominal_05,nominal,2614,7.22000000,0.80000000,0.79909734,-0.00492773,0.04088653,0.80016576,-0.00423890,0.04088653
nominal_05,nominal,2614,7.24000000,0.80000000,0.80264577,-0.00511860,-0.02203078,0.80009712,-0.00343165,-0.02203078
nominal_05,nominal,2614,7.26000000,0.80000000,0.79903379,-0.00267437,0.03076358,0.80002358,-0.00367736,0.03076358
nominal_05,nominal,2614,7.28000000,0.80000000,0.80415350,0.00250181,-0.08727212,0.79996250,-0.00305381,-0.08727212
nominal_05,nominal,2614,7.30000000,0.80000000,0.79960009,-0.00787145,0.04655572,0.79987498,-0.00437617,0.04655572
nominal_05,nominal,2614,7.32000000,0.80000000,0.80414406,-0.00337578,-0.05771419,0.79980554,-0.00347191,-0.05771419
nominal_05,nominal,2614,7.34000000,0.80000000,0.79901143,-0.00799393,0.05776393,0.79971957,-0.00429831,0.05776393
nominal_05,nominal,2614,7.36000000,0.80000000,0.79873939,0.00353752,0.00500332,0.79965530,-0.00321380,0.00500332
nominal_05,nominal,2614,7.38000000,0.80000000,0.80223329,-0.01459171,0.03275929,0.79959478,-0.00302578,0.03275929
nominal_05,nominal,2614,7.40000000,0.80000000,0.79925376,0.00055025,0.01068106,0.79954695,-0.00239126,0.01068106
nominal_05,nominal,2614,7.42000000,0.80000000,0.79884976,-0.00455126,0.04346059,0.79950420,-0.00213786,0.04346059
nominal_05,nominal,2614,7.44000000,0.80000000,0.79483490,-0.00369082,0.11142595,0.79947703,-0.00135820,0.11142595
nominal_05,nominal,2614,7.46000000,0.80000000,0.79850004,-0.00776922,0.06584539,0.79948712,0.00050422,0.06584539
nominal_05,nominal,2614,7.48000000,0.80000000,0.79964539,0.00444768,-0.01585538,0.79951835,0.00156152,-0.01585538
nominal_05,nominal,2614,7.50000000,0.80000000,0.80275619,0.00693143,-0.08426858,0.79954337,0.00125120,-0.08426858
nominal_05,nominal,2614,7.52000000,0.80000000,0.80464904,0.00449189,-0.10614224,0.79954008,-0.00016472,-0.10614224
nominal_05,nominal,2614,7.54000000,0.80000000,0.79588191,-0.00131392,0.08069524,0.79950227,-0.00189053,0.08069524
nominal_05,nominal,2614,7.56000000,0.80000000,0.80159663,-0.00297793,-0.01384962,0.79949203,-0.00051173,-0.01384962
nominal_05,nominal,2614,7.58000000,0.80000000,0.80022822,0.00795431,-0.04387952,0.79947762,-0.00072068,-0.04387952
nominal_05,nominal,2614,7.60000000,0.80000000,0.79714162,-0.00110258,0.05696377,0.79944937,-0.00141253,0.05696377
nominal_05,nominal,2614,7.62000000,0.80000000,0.80310412,0.00311215,-0.07143495,0.79944064,-0.00043663,-0.07143495
nominal_05,nominal,2614,7.64000000,0.80000000,0.79945071,-0.00419335,0.03085399,0.79940889,-0.00158733,0.03085399
nominal_05,nominal,2614,7.66000000,0.80000000,0.79444575,0.00566222,0.07166535,0.79938826,-0.00103152,0.07166535
nominal_05,nominal,2614,7.68000000,0.80000000,0.79960681,-0.00255285,0.01984170,0.79939169,0.00017156,0.01984170
nominal_05,nominal,2614,7.70000000,0.80000000,0.79695569,-0.00263777,0.06798641,0.79940148,0.00048951,0.06798641
nominal_05,nominal,2614,7.72000000,0.80000000,0.79942126,-0.00811096,0.05097208,0.79943312,0.00158221,0.05097208
nominal_05,nominal,2614,7.74000000,0.80000000,0.80182572,0.00151148,-0.04042030,0.79948035,0.00236122,-0.04042030
nominal_05,nominal,2614,7.76000000,0.80000000,0.80212685,-0.00062509,-0.03515790,0.79951282,0.00162375,-0.03515790
nominal_05,nominal,2614,7.78000000,0.80000000,0.79723448,-0.00020891,0.05082390,0.79953275,0.00099653,0.05082390
nominal_05,nominal,2614,7.80000000,0.80000000,0.80590971,-0.00022023,-0.10527371,0.79956860,0.00179251,-0.10527371
nominal_05,nominal,2614,7.82000000,0.80000000,0.80118972,0.00600928,-0.05146139,0.79956893,0.00001605,-0.05146139
nominal_05,nominal,2614,7.84000000,0.80000000,0.79522456,0.00870834,0.04241620,0.79955245,-0.00082385,0.04241620
nominal_05,nominal,2614,7.86000000,0.80000000,0.79953861,0.00525482,-0.01796912,0.79955035,-0.00010473,-0.01796912
nominal_05,nominal,2614,7.88000000,0.80000000,0.79398412,-0.00237760,0.12017386,0.79954247,-0.00039435,0.12017386
nominal_05,nominal,2614,7.90000000,0.80000000,0.79817189,-0.00041353,0.03497362,0.79957404,0.00157884,0.03497362
nominal_05,nominal,2614,7.92000000,0.80000000,0.79963266,0.00145688,-0.00067225,0.79961598,0.00209701,-0.00067225
nominal_05,nominal,2614,7.94000000,0.80000000,0.79729486,0.00499414,0.02372179,0.79965632,0.00201660,0.02372179
nominal_05,nominal,2614,7.96000000,0.80000000,0.79918657,-0.00241963,0.02673982,0.79970305,0.00233675,0.02673982
nominal_05,nominal,2614,7.98000000,0.80000000,0.80558317,-0.00288202,0.02673982,0.79975696,0.00269552,0.02673982
nominal_06,nominal,2615,0.00000000,0.00000000,0.00196148,-0.00131044,-0.02875438,0.00000000,0.00000000,-0.02875438
nominal_06,nominal,2615,0.02000000,0.00000000,-0.00195141,0.00290218,0.02061442,-0.00000951,-0.00047555,0.02061442
nominal_06,nominal,2615,0.04000000,0.00000000,0.00110489,-0.00111355,-0.01432019,-0.00001188,-0.00011855,-0.01432019
nominal_06,nominal,2615,0.06000000,0.00000000,-0.00300474,-0.00821708,0.09517081,-0.00001891,-0.00035137,0.09517081
nominal_06,nominal,2615,0.08000000,0.00000000,0.00943660,-0.00886828,-0.12551733,0.00000578,0.00123448,-0.12551733
nominal_06,nominal,2615,0.10000000,0.00000000,0.00161927,-0.01116470,0.02667669,-0.00001188,-0.00088311,0.02667669
nominal_06,nominal,2615,0.12000000,0.00000000,-0.00261535,0.00036079,0.04527227,-0.00002012,-0.00041207,0.04527227
nominal_06,nominal,2615,0.14000000,0.00000000,0.00295497,-0.00274669,-0.03945601,-0.00001311,0.00035060,-0.03945601
nominal_06,nominal,2615,0.16000000,0.00000000,-0.00112659,-0.00832500,0.06190352,-0.00001939,-0.00031380,0.06190352
nominal_06,nominal,2615,0.18000000,0.00000000,0.00084246,0.00677503,-0.04903936,-0.00000498,0.00072060,-0.04903936
nominal_06,nominal,2615,0.20000000,0.00000000,-0.00028145,0.00611916,-0.02552972,-0.00000727,-0.00011479,-0.02552972
nominal_06,nominal,2615,0.22000000,0.00000000,-0.00207460,-0.00570952,0.06589043,-0.00001793,-0.00053314,0.06589043
nominal_06,nominal,2615,0.24000000,0.00000000,0.00474945,0.00226933,-0.09683679,-0.00000644,0.00057461,-0.09683679
nominal_06,nominal,2615,0.26000000,0.00000000,-0.00015708,-0.00193069,0.01248090,-0.00002737,-0.00104634,0.01248090
nominal_06,nominal,2615,0.28000000,0.00000000,-0.00853377,0.00345258,0.13634495,-0.00004346,-0.00080456,0.13634495
nominal_06,nominal,2615,0.30000000,0.00000000,0.00264519,0.00992790,-0.09725291,-0.00001391,0.00147758,-0.09725291
nominal_06,nominal,2615,0.32000000,0.00000000,-0.00117505,-0.00680965,0.05519910,-0.00001752,-0.00018079,0.05519910
nominal_06,nominal,2615,0.34000000,0.00000000,-0.00149170,0.00672234,-0.00676106,-0.00000276,0.00073823,-0.00676106
nominal_06,nominal,2615,0.36000000,0.00000000,-0.00007970,-0.00716350,0.03725216,0.00000927,0.00060146,0.03725216
nominal_06,nominal,2615,0.38000000,0.00000000,-0.00031884,0.00459594,-0.01724061,0.00003321,0.00119722,-0.01724061
nominal_06,nominal,2615,0.40000000,0.00000000,-0.00243346,0.00867823,0.00041121,0.00005065,0.00087162,0.00041121
nominal_06,nominal,2615,0.42000000,0.00000000,0.00316467,0.00326919,-0.07330994,0.00006763,0.00084896,-0.07330994
nominal_06,nominal,2615,0.44000000,0.00000000,0.00244500,0.00213938,-0.05470694,0.00005978,-0.00039218,-0.05470694
nominal_06,nominal,2615,0.46000000,0.00000000,-0.00288212,0.01183009,-0.00727226,0.00003411,-0.00128369,-0.00727226
nominal_06,nominal,2615,0.48000000,0.00000000,-0.00482084,0.00324164,0.07056682,0.00000690,-0.00136057,0.07056682
nominal_06,nominal,2615,0.50000000,0.00000000,0.00447173,0.00266288,-0.09380553,0.00000395,-0.00014751,-0.09380553
nominal_06,nominal,2615,0.52000000,0.00000000,0.00199230,0.00064864,-0.03910458,-0.00002993,-0.00169392,-0.03910458
nominal_06,nominal,2615,0.54000000,0.00000000,-0.00277519,-0.00296860,0.06479648,-0.00007560,-0.00228339,0.06479648
nominal_06,nominal,2615,0.56000000,0.00000000,0.00404971,0.00103861,-0.07808775,-0.00009829,-0.00113457,-0.07808775
nominal_06,nominal,2615,0.58000000,0.00000000,0.00509584,-0.00370278,-0.07321130,-0.00014604,-0.00238767,-0.07321130
nominal_06,nominal,2615,0.60000000,0.00000000,-0.00134734,-0.00557954,0.05214985,-0.00021640,-0.00351776,0.05214985
nominal_06,nominal,2615,0.62000000,0.00000000,0.00418490,-0.00243117,-0.06317236,-0.00026713,-0.00253637,-0.06317236
nominal_06,nominal,2615,0.64000000,0.00000000,0.00018705,-0.01154916,0.05437890,-0.00033703,-0.00349541,0.05437890
nominal_06,nominal,2615,0.66000000,0.00000000,-0.00275732,0.00028300,0.04821675,-0.00038659,-0.00247790,0.04821675
nominal_06,nominal,2615,0.68000000,0.00000000,-0.00133435,0.00269129,0.01056181,-0.00041853,-0.00159671,0.01056181
nominal_06,nominal,2615,0.70000000,0.00000000,-0.00666428,-0.00794397,0.15967696,-0.00044589,-0.00136806,0.15967696
nominal_06,nominal,2615,0.72000000,0.00000000,-0.00001898,-0.00410045,0.02084384,-0.00041951,0.00131900,0.02084384
nominal_06,nominal,2615,0.74000000,0.00000000,-0.00253620,-0.00369763,0.06413967,-0.00038713,0.00161914,0.06413967
nominal_06,nominal,2615,0.76000000,0.00000000,0.00347964,-0.00992838,-0.01299166,-0.00033462,0.00262518,-0.01299166
nominal_06,nominal,2615,0.78000000,0.00000000,-0.00424210,0.00462445,0.05323556,-0.00028819,0.00232158,0.05323556
nominal_06,nominal,2615,0.80000000,0.00000000,0.00437903,0.00422156,-0.09993037,-0.00022572,0.00312353,-0.09993037
nominal_06,nominal,2615,0.82000000,0.00000000,0.00244326,-0.00161535,-0.03590186,-0.00019841,0.00136525,-0.03590186
nominal_06,nominal,2615,0.84000000,0.00000000,0.00210886,0.00706404,-0.07327969,-0.00018391,0.00072534,-0.07327969
nominal_06,nominal,2615,0.86000000,0.00000000,0.00557837,-0.00602179,-0.07030169,-0.00019413,-0.00051112,-0.07030169
nominal_06,nominal,2615,0.88000000,0.00000000,0.00333296,-0.00358266,-0.04208001,-0.00022726,-0.00165652,-0.04208001
nominal_06,nominal,2615,0.90000000,0.00000000,0.00093108,-0.00333963,-0.00006138,-0.00027319,-0.00229646,-0.00006138
nominal_06,nominal,2615,0.92000000,0.00000000,0.00124630,0.00152317,-0.03004928,-0.00031759,-0.00221985,-0.03004928
nominal_06,nominal,2615,0.94000000,0.00000000,0.00201675,-0.00414321,-0.01558549,-0.00037042,-0.00264178,-0.01558549
nominal_06,nominal,2615,0.96000000,0.00000000,-0.00010240,0.00615118,-0.02891274,-0.00042663,-0.00281024,-0.02891274
nominal_06,nominal,2615,0.98000000,0.00000000,0.00125650,-0.00998877,0.02732691,-0.00049050,-0.00319342,0.02732691
nominal_06,nominal,2615,1.00000000,0.50000000,0.00497347,-0.00744920,8.94772348,-0.00054317,-0.00263352,8.94772348
nominal_06,nominal,2615,1.02000000,0.50000000,0.00389535,0.13462267,8.25677031,0.00236558,0.14543722,8.25677031
nominal_06,nominal,2615,1.04000000,0.50000000,0.00683410,0.28913641,7.43130405,0.00790708,0.27707532,7.43130405
nominal_06,nominal,2615,1.06000000,0.50000000,0.01301975,0.39024715,6.81440875,0.01571932,0.39061162,6.81440875
nominal_06,nominal,2615,1.08000000,0.50000000,0.02292963,0.49555753,6.10947896,0.02552147,0.49010748,6.10947896
nominal_06,nominal,2615,1.10000000,0.50000000,0.03702506,0.56492725,5.50891264,0.03701310,0.57458156,5.50891264
nominal_06,nominal,2615,1.12000000,0.50000000,0.04964766,0.64739057,4.86938927,0.04993845,0.64626766,4.86938927
nominal_06,nominal,2615,1.14000000,0.50000000,0.06220899,0.71005111,4.32998258,0.06403753,0.70495376,4.32998258
nominal_06,nominal,2615,1.16000000,0.50000000,0.07772051,0.74161388,3.89296151,0.07909223,0.75273510,3.89296151
nominal_06,nominal,2615,1.18000000,0.50000000,0.09236681,0.78808179,3.39698846,0.09492570,0.79167360,3.39698846
nominal_06,nominal,2615,1.20000000,0.50000000,0.10700228,0.80857460,3.03108587,0.11134756,0.82109319,3.03108587
nominal_06,nominal,2615,1.22000000,0.50000000,0.12545428,0.84084776,2.53758411,0.12821690,0.84346683,2.53758411
nominal_06,nominal,2615,1.24000000,0.50000000,0.14273190,0.85630456,2.14930305,0.14535535,0.85692239,2.14930305
nominal_06,nominal,2615,1.26000000,0.50000000,0.16188148,0.86242020,1.77403240,0.16262538,0.86350152,1.77403240
nominal_06,nominal,2615,1.28000000,0.50000000,0.17661569,0.86250826,1.50837634,0.17989842,0.86365185,1.50837634
nominal_06,nominal,2615,1.30000000,0.50000000,0.20009155,0.87519336,1.02238521,0.19708649,0.85940355,1.02238521
nominal_06,nominal,2615,1.32000000,0.50000000,0.21515195,0.85065875,0.87397118,0.21403171,0.84726131,0.87397118
nominal_06,nominal,2615,1.34000000,0.50000000,0.23161942,0.83270384,0.66733119,0.23069321,0.83307498,0.66733119
nominal_06,nominal,2615,1.36000000,0.50000000,0.24501788,0.81150892,0.53213362,0.24701223,0.81595069,0.53213362
nominal_06,nominal,2615,1.38000000,0.50000000,0.26141798,0.79804666,0.30424308,0.26295561,0.79716929,0.30424308
nominal_06,nominal,2615,1.40000000,0.50000000,0.28300149,0.77456812,0.03313266,0.27846069,0.77525381,0.03313266
nominal_06,nominal,2615,1.42000000,0.50000000,0.29088871,0.74954765,0.01626496,0.29345260,0.74959541,0.01626496
nominal_06,nominal,2615,1.44000000,0.50000000,0.31153986,0.73501226,-0.28277873,0.30794310,0.72452538,-0.28277873
nominal_06,nominal,2615,1.46000000,0.50000000,0.32192301,0.70695972,-0.32941285,0.32185025,0.69535708,-0.32941285
nominal_06,nominal,2615,1.48000000,0.50000000,0.34084939,0.65520717,-0.41132486,0.33517832,0.66640352,-0.41132486
nominal_06,nominal,2615,1.50000000,0.50000000,0.34908340,0.63283688,-0.44768555,0.34791980,0.63707399,-0.44768555
nominal_06,nominal,2615,1.52000000,0.50000000,0.35757286,0.60375619,-0.45509235,0.36008249,0.60813456,-0.45509235
nominal_06,nominal,2615,1.54000000,0.50000000,0.37240702,0.58439339,-0.62529325,0.37168351,0.58005089,-0.62529325
nominal_06,nominal,2615,1.56000000,0.50000000,0.38298463,0.54401187,-0.61378265,0.38268554,0.55010168,-0.61378265
nominal_06,nominal,2615,1.58000000,0.50000000,0.39428280,0.52374812,-0.71583105,0.39311264,0.52135523,-0.71583105
nominal_06,nominal,2615,1.60000000,0.50000000,0.40624615,0.48783066,-0.75158392,0.40295050,0.49189279,-0.75158392
nominal_06,nominal,2615,1.62000000,0.50000000,0.41077763,0.46425190,-0.71525687,0.41220720,0.46283499,-0.71525687
nominal_06,nominal,2615,1.64000000,0.50000000,0.42475715,0.43238689,-0.80756312,0.42091440,0.43536024,-0.80756312
nominal_06,nominal,2615,1.66000000,0.50000000,0.42257783,0.41372087,-0.67500535,0.42906016,0.40728763,-0.67500535
nominal_06,nominal,2615,1.68000000,0.50000000,0.43768099,0.37703151,-0.76341540,0.43670728,0.38235628,-0.76341540
nominal_06,nominal,2615,1.70000000,0.50000000,0.44724227,0.35741197,-0.83742065,0.44384339,0.35680553,-0.83742065
nominal_06,nominal,2615,1.72000000,0.50000000,0.45008923,0.33006526,-0.75193247,0.45046128,0.33089456,-0.75193247
nominal_06,nominal,2615,1.74000000,0.50000000,0.45467276,0.29606109,-0.66441516,0.45660675,0.30727331,-0.66441516
nominal_06,nominal,2615,1.76000000,0.50000000,0.46316462,0.28613524,-0.76763929,0.46232471,0.28589795,-0.76763929
nominal_06,nominal,2615,1.78000000,0.50000000,0.46929341,0.26014611,-0.74801198,0.46759547,0.26353799,-0.74801198
nominal_06,nominal,2615,1.80000000,0.50000000,0.47766713,0.24876676,-0.84184218,0.47244064,0.24225848,-0.84184218
nominal_06,nominal,2615,1.82000000,0.50000000,0.47912237,0.22194634,-0.73393438,0.47684357,0.22014648,-0.73393438
nominal_06,nominal,2615,1.84000000,0.50000000,0.47974044,0.20023754,-0.63651555,0.48085490,0.20056658,-0.63651555
nominal_06,nominal,2615,1.86000000,0.50000000,0.48584766,0.19351615,-0.71283856,0.48452009,0.18325971,-0.71283856
nominal_06,nominal,2615,1.88000000,0.50000000,0.49442857,0.16815060,-0.74046724,0.48782561,0.16527561,-0.74046724
nominal_06,nominal,2615,1.90000000,0.50000000,0.49095918,0.15088745,-0.59170253,0.49077446,0.14744249,-0.59170253
nominal_06,nominal,2615,1.92000000,0.50000000,0.50007914,0.13356601,-0.66925466,0.49342791,0.13267255,-0.66925466
nominal_06,nominal,2615,1.94000000,0.50000000,0.49502713,0.10651140,-0.44304543,0.49577029,0.11711929,-0.44304543
nominal_06,nominal,2615,1.96000000,0.50000000,0.50065753,0.10589560,-0.54131354,0.49788695,0.10583294,-0.54131354
nominal_06,nominal,2615,1.98000000,0.50000000,0.50435995,0.09793710,-0.56816458,0.49975301,0.09330290,-0.56816458
nominal_06,nominal,2615,2.00000000,0.50000000,0.49755528,0.07834092,-0.34769954,0.50136806,0.08075235,-0.34769954
nominal_06,nominal,2615,2.02000000,0.50000000,0.50381748,0.08034432,-0.47043628,0.50281350,0.07227221,-0.47043628
nominal_06,nominal,2615,2.04000000,0.50000000,0.50430809,0.06398235,-0.39745734,0.50405448,0.06204885,-0.39745734
nominal_06,nominal,2615,2.06000000,0.50000000,0.50528805,0.05517103,-0.37104009,0.50512204,0.05337803,-0.37104009
nominal_06,nominal,2615,2.08000000,0.50000000,0.50523828,0.03782535,-0.28341588,0.50603078,0.04543723,-0.28341588
nominal_06,nominal,2615,2.10000000,0.50000000,0.51427759,0.03947330,-0.45436307,0.50681506,0.03921402,-0.45436307
nominal_06,nominal,2615,2.12000000,0.50000000,0.50709339,0.02831264,-0.26924418,0.50742254,0.03037397,-0.26924418
nominal_06,nominal,2615,2.14000000,0.50000000,0.50692947,0.01667261,-0.20809345,0.50792043,0.02489433,-0.20809345
nominal_06,nominal,2615,2.16000000,0.50000000,0.51384506,0.02194525,-0.35893740,0.50833265,0.02061126,-0.35893740
nominal_06,nominal,2615,2.18000000,0.50000000,0.50619534,0.00746817,-0.14885698,0.50861222,0.01397825,-0.14885698
nominal_06,nominal,2615,2.20000000,0.50000000,0.50606985,0.01789603,-0.19873749,0.50883310,0.01104387,-0.19873749
nominal_06,nominal,2615,2.22000000,0.50000000,0.50878536,0.00002360,-0.15825444,0.50898077,0.00738373,-0.15825444
nominal_06,nominal,2615,2.24000000,0.50000000,0.51060268,0.00959824,-0.23883936,0.50907111,0.00451685,-0.23883936
nominal_06,nominal,2615,2.26000000,0.50000000,0.50696261,-0.00966065,-0.07702381,0.50907939,0.00041412,-0.07702381
nominal_06,nominal,2615,2.28000000,0.50000000,0.51176296,0.00321998,-0.22783325,0.50906192,-0.00087373,-0.22783325
nominal_06,nominal,2615,2.30000000,0.50000000,0.51016770,0.00304928,-0.19826495,0.50896967,-0.00461221,-0.19826495
nominal_06,nominal,2615,2.32000000,0.50000000,0.50885371,-0.00502696,-0.13423197,0.50881497,-0.00773530,-0.13423197
nominal_06,nominal,2615,2.34000000,0.50000000,0.51434095,-0.00566273,-0.22982339,0.50862109,-0.00969382,-0.22982339
nominal_06,nominal,2615,2.36000000,0.50000000,0.51220931,-0.01334450,-0.15304498,0.50835775,-0.01316706,-0.15304498
nominal_06,nominal,2615,2.38000000,0.50000000,0.51256948,-0.02369044,-0.10779833,0.50805269,-0.01525310,-0.10779833
nominal_06,nominal,2615,2.40000000,0.50000000,0.50302617,-0.02959289,0.09349335,0.50772228,-0.01652031,0.09349335
nominal_06,nominal,2615,2.42000000,0.50000000,0.50673495,-0.01633379,-0.03956005,0.50743397,-0.01441562,-0.03956005
nominal_06,nominal,2615,2.44000000,0.50000000,0.50360008,-0.01600005,0.01519877,0.50714232,-0.01458259,0.01519877
nominal_06,nominal,2615,2.46000000,0.50000000,0.50269597,-0.00667625,-0.01514616,0.50686555,-0.01383828,-0.01514616
nominal_06,nominal,2615,2.48000000,0.50000000,0.50405820,-0.01154495,-0.01532289,0.50659313,-0.01362099,-0.01532289
nominal_06,nominal,2615,2.50000000,0.50000000,0.51087852,-0.02193079,-0.08615939,0.50632485,-0.01341397,-0.08615939
nominal_06,nominal,2615,2.52000000,0.50000000,0.50641955,-0.00646591,-0.08322235,0.50603714,-0.01438547,-0.08322235
nominal_06,nominal,2615,2.54000000,0.50000000,0.50559054,-0.01324905,-0.03438438,0.50573163,-0.01527556,-0.03438438
nominal_06,nominal,2615,2.56000000,0.50000000,0.50429686,-0.01391451,-0.00777090,0.50542507,-0.01532786,-0.00777090
nominal_06,nominal,2615,2.58000000,0.50000000,0.50537602,-0.01773296,-0.00810361,0.50512631,-0.01493824,-0.00810361
nominal_06,nominal,2615,2.60000000,0.50000000,0.50240778,-0.02269414,0.07013062,0.50483496,-0.01456729,0.07013062
nominal_06,nominal,2615,2.62000000,0.50000000,0.50430286,-0.00868642,-0.03401937,0.50457666,-0.01291501,-0.03401937
nominal_06,nominal,2615,2.64000000,0.50000000,0.50825867,-0.02068679,-0.04522203,0.50431584,-0.01304107,-0.04522203
nominal_06,nominal,2615,2.66000000,0.50000000,0.50241758,0.00145531,-0.05079304,0.50404888,-0.01334814,-0.05079304
nominal_06,nominal,2615,2.68000000,0.50000000,0.50308592,-0.01957114,0.04230916,0.50377414,-0.01373696,0.04230916
nominal_06,nominal,2615,2.70000000,0.50000000,0.50270587,-0.01569785,0.02978349,0.50352268,-0.01257287,0.02978349
nominal_06,nominal,2615,2.72000000,0.50000000,0.50248628,-0.01063693,0.00843153,0.50328958,-0.01165529,0.00843153
nominal_06,nominal,2615,2.74000000,0.50000000,0.49715116,-0.01621107,0.13233449,0.50306714,-0.01112186,0.13233449
nominal_06,nominal,2615,2.76000000,0.50000000,0.50147705,-0.00527736,-0.00020016,0.50289599,-0.00855729,-0.00020016
nominal_06,nominal,2615,2.78000000,0.50000000,0.50221968,-0.00367754,-0.02156651,0.50273057,-0.00827133,-0.02156651
nominal_06,nominal,2615,2.80000000,0.50000000,0.49959821,-0.01017652,0.05811481,0.50256360,-0.00834841,0.05811481
nominal_06,nominal,2615,2.82000000,0.50000000,0.50297173,-0.00276564,-0.03966296,0.50242150,-0.00710507,-0.03966296
nominal_06,nominal,2615,2.84000000,0.50000000,0.50434410,-0.01536872,-0.00135012,0.50227108,-0.00752086,-0.00135012
nominal_06,nominal,2615,2.86000000,0.50000000,0.49590842,-0.00340935,0.09069530,0.50212530,-0.00728895,0.09069530
nominal_06,nominal,2615,2.88000000,0.50000000,0.50668400,-0.00676356,-0.08649411,0.50201445,-0.00554260,-0.08649411
nominal_06,nominal,2615,2.90000000,0.50000000,0.50230450,-0.01401804,0.02860912,0.50187873,-0.00678572,0.02860912
nominal_06,nominal,2615,2.92000000,0.50000000,0.50148915,-0.00917774,0.01908392,0.50175707,-0.00608319,0.01908392
nominal_06,nominal,2615,2.94000000,0.50000000,0.50313087,-0.01430137,0.01515114,0.50164583,-0.00556193,0.01515114
nominal_06,nominal,2615,2.96000000,0.50000000,0.49776910,-0.00380035,0.05915800,0.50154336,-0.00512334,0.05915800
nominal_06,nominal,2615,2.98000000,0.50000000,0.49559551,0.00148086,0.07187647,0.50146393,-0.00397177,0.07187647
nominal_06,nominal,2615,3.00000000,-0.30000000,0.49977887,-0.00426472,-12.00000000,0.50141095,-0.00264879,-12.00000000
nominal_06,nominal,2615,3.02000000,-0.30000000,0.49930345,-0.20942689,-12.00000000,0.49739053,-0.20102097,-12.00000000
nominal_06,nominal,2615,3.04000000,-0.30000000,0.49380384,-0.39671323,-12.00000000,0.48953679,-0.39268746,-12.00000000
nominal_06,nominal,2615,3.06000000,-0.30000000,0.47145331,-0.58134457,-10.97943671,0.47797929,-0.57787493,-10.97943671
nominal_06,nominal,2615,3.08000000,-0.30000000,0.46487557,-0.74064121,-10.06455421,0.46318081,-0.73992383,-10.06455421
nominal_06,nominal,2615,3.10000000,-0.30000000,0.44403102,-0.88245191,-8.98029878,0.44555353,-0.88136413,-8.98029878
nominal_06,nominal,2615,3.12000000,-0.30000000,0.42267900,-0.99232027,-8.04662062,0.42555170,-1.00009131,-8.04662062
nominal_06,nominal,2615,3.14000000,-0.30000000,0.40510559,-1.09574376,-7.21318176,0.40356443,-1.09936347,-7.21318176
nominal_06,nominal,2615,3.16000000,-0.30000000,0.37708450,-1.17934623,-6.29078983,0.37993451,-1.18149606,-6.29078983
nominal_06,nominal,2615,3.18000000,-0.30000000,0.35778414,-1.25315361,-5.57434642,0.35502256,-1.24559732,-5.57434642
nominal_06,nominal,2615,3.20000000,-0.30000000,0.32583211,-1.30477619,-4.74109697,0.32910891,-1.29568284,-4.74109697
nominal_06,nominal,2615,3.22000000,-0.30000000,0.30002409,-1.32793085,-4.16077942,0.30250301,-1.33029462,-4.16077942
nominal_06,nominal,2615,3.24000000,-0.30000000,0.28232313,-1.35748588,-3.69438694,0.27542024,-1.35413882,-3.69438694
nominal_06,nominal,2615,3.26000000,-0.30000000,0.24860133,-1.37015970,-3.02402544,0.24803097,-1.36946358,-3.02402544
nominal_06,nominal,2615,3.28000000,-0.30000000,0.22162011,-1.36669700,-2.55567701,0.22056730,-1.37318355,-2.55567701
nominal_06,nominal,2615,3.30000000,-0.30000000,0.19141300,-1.36067009,-2.04208354,0.19318666,-1.36903201,-2.04208354
nominal_06,nominal,2615,3.32000000,-0.30000000,0.16833397,-1.36151885,-1.62241715,0.16605612,-1.35652674,-1.62241715
nominal_06,nominal,2615,3.34000000,-0.30000000,0.14374728,-1.34032559,-1.28582314,0.13930605,-1.33750356,-1.28582314
nominal_06,nominal,2615,3.36000000,-0.30000000,0.10878491,-1.32242341,-0.74601132,0.11303492,-1.31355668,-0.74601132
nominal_06,nominal,2615,3.38000000,-0.30000000,0.08374143,-1.28538372,-0.48042704,0.08740508,-1.28149162,-0.48042704
nominal_06,nominal,2615,3.40000000,-0.30000000,0.05973827,-1.24900547,-0.23026149,0.06248272,-1.24611812,-0.23026149
nominal_06,nominal,2615,3.42000000,-0.30000000,0.04509779,-1.19758167,-0.22385180,0.03832666,-1.20780301,-0.22385180
nominal_06,nominal,2615,3.44000000,-0.30000000,0.02053366,-1.17043604,0.08257431,0.01491312,-1.17067709,0.08257431
nominal_06,nominal,2615,3.46000000,-0.30000000,-0.00650126,-1.11908148,0.31243011,-0.00768165,-1.12973833,0.31243011
nominal_06,nominal,2615,3.48000000,-0.30000000,-0.02726124,-1.08607098,0.52105723,-0.02940929,-1.08638198,0.52105723
nominal_06,nominal,2615,3.50000000,-0.30000000,-0.04588463,-1.02963991,0.57412280,-0.05023010,-1.04104087,0.57412280
nominal_06,nominal,2615,3.52000000,-0.30000000,-0.07238426,-1.00552113,0.93052231,-0.07015720,-0.99635482,0.93052231
nominal_06,nominal,2615,3.54000000,-0.30000000,-0.08663194,-0.94222470,0.87049851,-0.08910290,-0.94728501,0.87049851
nominal_06,nominal,2615,3.56000000,-0.30000000,-0.11011277,-0.90008841,1.08247196,-0.10712023,-0.90086665,1.08247196
nominal_06,nominal,2615,3.58000000,-0.30000000,-0.12641484,-0.86169660,1.18395017,-0.12417047,-0.85251167,1.18395017
nominal_06,nominal,2615,3.60000000,-0.30000000,-0.13442234,-0.80115219,1.02536308,-0.14025273,-0.80411297,1.02536308
nominal_06,nominal,2615,3.62000000,-0.30000000,-0.15740747,-0.75892825,1.22797581,-0.15545219,-0.75997312,1.22797581
nominal_06,nominal,2615,3.64000000,-0.30000000,-0.17220320,-0.71178602,1.25858770,-0.16973168,-0.71397444,1.25858770
nominal_06,nominal,2615,3.66000000,-0.30000000,-0.18682998,-0.67438189,1.33484902,-0.18311217,-0.66902440,1.33484902
nominal_06,nominal,2615,3.68000000,-0.30000000,-0.19484082,-0.62122437,1.21325669,-0.19559882,-0.62433260,1.21325669
nominal_06,nominal,2615,3.70000000,-0.30000000,-0.21199572,-0.59000784,1.36596213,-0.20726207,-0.58316249,1.36596213
nominal_06,nominal,2615,3.72000000,-0.30000000,-0.21988216,-0.54363473,1.27605261,-0.21807924,-0.54085857,1.27605261
nominal_06,nominal,2615,3.74000000,-0.30000000,-0.23008174,-0.50229648,1.25295379,-0.22810867,-0.50147163,1.25295379
nominal_06,nominal,2615,3.76000000,-0.30000000,-0.23762219,-0.45703001,1.16234950,-0.23738463,-0.46379814,1.16234950
nominal_06,nominal,2615,3.78000000,-0.30000000,-0.24502866,-0.43116367,1.16633419,-0.24596257,-0.42889660,1.16633419
nominal_06,nominal,2615,3.80000000,-0.30000000,-0.25742742,-0.39466051,1.20699603,-0.25386475,-0.39510896,1.20699603
nominal_06,nominal,2615,3.82000000,-0.30000000,-0.25949391,-0.35953009,1.06854087,-0.26110057,-0.36179097,1.06854087
nominal_06,nominal,2615,3.84000000,-0.30000000,-0.26848844,-0.32866059,1.07609494,-0.26773835,-0.33188910,1.07609494
nominal_06,nominal,2615,3.86000000,-0.30000000,-0.27602671,-0.30248083,1.08088496,-0.27379581,-0.30287308,1.08088496
nominal_06,nominal,2615,3.88000000,-0.30000000,-0.27272932,-0.27559584,0.88710701,-0.27929098,-0.27475869,0.88710701
nominal_06,nominal,2615,3.90000000,-0.30000000,-0.27957739,-0.24193649,0.84207543,-0.28430697,-0.25079946,0.84207543
nominal_06,nominal,2615,3.92000000,-0.30000000,-0.28980536,-0.23320748,0.98253386,-0.28887487,-0.22839489,0.98253386
nominal_06,nominal,2615,3.94000000,-0.30000000,-0.29403805,-0.21371326,0.96125114,-0.29296336,-0.20442470,0.96125114
nominal_06,nominal,2615,3.96000000,-0.30000000,-0.29912939,-0.18135596,0.89110884,-0.29659570,-0.18161678,0.89110884
nominal_06,nominal,2615,3.98000000,-0.30000000,-0.30461779,-0.15281936,0.84721700,-0.29981050,-0.16073990,0.84721700
nominal_06,nominal,2615,4.00000000,-0.30000000,-0.30186488,-0.14089614,0.73804848,-0.30263639,-0.14129463,0.73804848
nominal_06,nominal,2615,4.02000000,-0.30000000,-0.30119016,-0.12024402,0.62264306,-0.30512263,-0.12431217,0.62264306
nominal_06,nominal,2615,4.04000000,-0.30000000,-0.30906878,-0.10860616,0.70626886,-0.30731888,-0.10981240,0.70626886
nominal_06,nominal,2615,4.06000000,-0.30000000,-0.30433212,-0.08221593,0.48905780,-0.30920728,-0.09441973,0.48905780
nominal_06,nominal,2615,4.08000000,-0.30000000,-0.31356974,-0.08333035,0.66090704,-0.31087007,-0.08313973,0.66090704
nominal_06,nominal,2615,4.10000000,-0.30000000,-0.31038207,-0.05934857,0.48362005,-0.31225805,-0.06939892,0.48362005
nominal_06,nominal,2615,4.12000000,-0.30000000,-0.31136940,-0.06044469,0.50687261,-0.31343914,-0.05905464,0.50687261
nominal_06,nominal,2615,4.14000000,-0.30000000,-0.31631325,-0.05370535,0.56216530,-0.31441265,-0.04867548,0.56216530
nominal_06,nominal,2615,4.16000000,-0.30000000,-0.31269385,-0.04224124,0.43969545,-0.31516731,-0.03773272,0.43969545
nominal_06,nominal,2615,4.18000000,-0.30000000,-0.31263730,-0.02865772,0.37076000,-0.31575101,-0.02918532,0.37076000
nominal_06,nominal,2615,4.20000000,-0.30000000,-0.31538504,-0.02969992,0.42543038,-0.31619235,-0.02206695,0.42543038
nominal_06,nominal,2615,4.22000000,-0.30000000,-0.31494897,-0.01300808,0.33412190,-0.31647805,-0.01428504,0.33412190
nominal_06,nominal,2615,4.24000000,-0.30000000,-0.32002509,-0.01393031,0.43010317,-0.31664358,-0.00827628,0.43010317
nominal_06,nominal,2615,4.26000000,-0.30000000,-0.31809842,0.01204378,0.26555269,-0.31666124,-0.00088326,0.26555269
nominal_06,nominal,2615,4.28000000,-0.30000000,-0.31397313,0.00394546,0.23178907,-0.31659047,0.00353843,0.23178907
nominal_06,nominal,2615,4.30000000,-0.30000000,-0.31797753,0.01533921,0.24689950,-0.31644543,0.00725226,0.24689950
nominal_06,nominal,2615,4.32000000,-0.30000000,-0.31291899,0.02089255,0.12807909,-0.31622362,0.01109045,0.12807909
nominal_06,nominal,2615,4.34000000,-0.30000000,-0.31782170,0.00279705,0.30680526,-0.31596694,0.01283378,0.30680526
nominal_06,nominal,2615,4.36000000,-0.30000000,-0.31584469,0.01438108,0.21329899,-0.31561746,0.01747405,0.21329899
nominal_06,nominal,2615,4.38000000,-0.30000000,-0.31836986,0.01307120,0.26530151,-0.31520924,0.02041100,0.26530151
nominal_06,nominal,2615,4.40000000,-0.30000000,-0.31872384,0.02208042,0.22662705,-0.31472707,0.02410872,0.22662705
nominal_06,nominal,2615,4.42000000,-0.30000000,-0.31863597,0.02599320,0.20548140,-0.31418623,0.02704182,0.20548140
nominal_06,nominal,2615,4.44000000,-0.30000000,-0.31535168,0.03687201,0.09197022,-0.31359571,0.02952606,0.09197022
nominal_06,nominal,2615,4.46000000,-0.30000000,-0.31280372,0.01834972,0.13871842,-0.31299473,0.03004902,0.13871842
nominal_06,nominal,2615,4.48000000,-0.30000000,-0.31352513,0.03257512,0.08057669,-0.31236818,0.03132745,0.08057669
nominal_06,nominal,2615,4.50000000,-0.30000000,-0.31196631,0.01210548,0.15486611,-0.31173616,0.03160108,0.15486611
nominal_06,nominal,2615,4.52000000,-0.30000000,-0.30453574,0.02894464,-0.06307987,-0.31107428,0.03309410,-0.06307987
nominal_06,nominal,2615,4.54000000,-0.30000000,-0.31118934,0.02411311,0.08084263,-0.31045563,0.03093216,0.08084263
nominal_06,nominal,2615,4.56000000,-0.30000000,-0.30985420,0.02402268,0.05726224,-0.30983116,0.03122355,0.05726224
nominal_06,nominal,2615,4.58000000,-0.30000000,-0.31137795,0.03882478,0.01067921,-0.30920886,0.03111511,0.01067921
nominal_06,nominal,2615,4.60000000,-0.30000000,-0.31157250,0.03813752,0.01761734,-0.30860406,0.03023993,0.01761734
nominal_06,nominal,2615,4.62000000,-0.30000000,-0.30613268,0.03685707,-0.07389713,-0.30801388,0.02950907,-0.07389713
nominal_06,nominal,2615,4.64000000,-0.30000000,-0.30463048,0.02583169,-0.04580982,-0.30746809,0.02728942,-0.04580982
nominal_06,nominal,2615,4.66000000,-0.30000000,-0.31273151,0.03167600,0.07078721,-0.30695591,0.02560931,0.07078721
nominal_06,nominal,2615,4.68000000,-0.30000000,-0.30272621,0.02483711,-0.07511372,-0.30643762,0.02591434,-0.07511372
nominal_06,nominal,2615,4.70000000,-0.30000000,-0.30785845,0.01849508,0.04897660,-0.30596170,0.02379607,0.04897660
nominal_06,nominal,2615,4.72000000,-0.30000000,-0.30598532,0.03123611,-0.04844479,-0.30548567,0.02380168,-0.04844479
nominal_06,nominal,2615,4.74000000,-0.30000000,-0.30606215,0.02544009,-0.01808165,-0.30504175,0.02219589,-0.01808165
nominal_06,nominal,2615,4.76000000,-0.30000000,-0.30287775,0.02076678,-0.05203433,-0.30461882,0.02114655,-0.05203433
nominal_06,nominal,2615,4.78000000,-0.30000000,-0.30899683,0.01144400,0.10472294,-0.30422739,0.01957115,0.10472294
nominal_06,nominal,2615,4.80000000,-0.30000000,-0.30186265,0.03059631,-0.11945383,-0.30381456,0.02064153,-0.11945383
nominal_06,nominal,2615,4.82000000,-0.30000000,-0.30030199,0.02265999,-0.10786423,-0.30345520,0.01796819,-0.10786423
nominal_06,nominal,2615,4.84000000,-0.30000000,-0.30628147,0.02378828,-0.00587492,-0.30314366,0.01557689,-0.00587492
nominal_06,nominal,2615,4.86000000,-0.30000000,-0.30693088,0.01324249,0.05854339,-0.30284460,0.01495317,0.05854339
nominal_06,nominal,2615,4.88000000,-0.30000000,-0.30530995,0.01901470,0.00050556,-0.30253628,0.01541592,0.00050556
nominal_06,nominal,2615,4.90000000,-0.30000000,-0.30611180,0.01698488,0.02508807,-0.30223822,0.01490317,0.02508807
nominal_06,nominal,2615,4.92000000,-0.30000000,-0.30407455,0.00862842,0.03019978,-0.30194193,0.01481431,0.03019978
nominal_06,nominal,2615,4.94000000,-0.30000000,-0.29979830,0.02267393,-0.11700022,-0.30164567,0.01481299,-0.11700022
nominal_06,nominal,2615,4.96000000,-0.30000000,-0.30261401,0.00780211,0.00804171,-0.30139813,0.01237725,0.00804171
nominal_06,nominal,2615,4.98000000,-0.30000000,-0.29834431,0.01180500,-0.08882740,-0.30115629,0.01209185,-0.08882740
nominal_06,nominal,2615,5.00000000,0.80000000,-0.30475792,0.01681618,12.00000000,-0.30095201,0.01021403,12.00000000
nominal_06,nominal,2615,5.02000000,0.80000000,-0.29670821,0.21006965,12.00000000,-0.29678540,0.20833048,12.00000000
nominal_06,nominal,2615,5.04000000,0.80000000,-0.28627001,0.39623632,12.00000000,-0.28879040,0.39974988,12.00000000
nominal_06,nominal,2615,5.06000000,0.80000000,-0.27825546,0.58174919,12.00000000,-0.27709643,0.58469862,12.00000000
nominal_06,nominal,2615,5.08000000,0.80000000,-0.25573767,0.76303379,12.00000000,-0.26182852,0.76339542,12.00000000
nominal_06,nominal,2615,5.10000000,0.80000000,-0.24282157,0.93110255,12.00000000,-0.24310749,0.93605162,12.00000000
nominal_06,nominal,2615,5.12000000,0.80000000,-0.21836293,1.10664919,12.00000000,-0.22105006,1.10287143,12.00000000
nominal_06,nominal,2615,5.14000000,0.80000000,-0.19730885,1.26436470,11.62973588,-0.19576902,1.26405212,11.62973588
nominal_06,nominal,2615,5.16000000,0.80000000,-0.16486661,1.41436820,10.29575787,-0.16749580,1.41366072,10.29575787
nominal_06,nominal,2615,5.18000000,0.80000000,-0.13695659,1.53674947,9.18147121,-0.13677280,1.53615005,9.18147121
nominal_06,nominal,2615,5.20000000,0.80000000,-0.10431422,1.63182752,8.11851835,-0.10405140,1.63607019,8.11851835
nominal_06,nominal,2615,5.22000000,0.80000000,-0.07462301,1.71674481,7.15949018,-0.06975074,1.71503305,7.15949018
nominal_06,nominal,2615,5.24000000,0.80000000,-0.03462058,1.77438923,6.15122423,-0.03424142,1.77546581,6.15122423
nominal_06,nominal,2615,5.26000000,0.80000000,0.00404219,1.81394350,5.25752302,0.00210219,1.81718055,5.25752302
nominal_06,nominal,2615,5.28000000,0.80000000,0.03604834,1.84684533,4.51690315,0.03895629,1.84270472,4.51690315
nominal_06,nominal,2615,5.30000000,0.80000000,0.07959522,1.86160702,3.65925088,0.07605863,1.85511736,3.65925088
nominal_06,nominal,2615,5.32000000,0.80000000,0.11268889,1.85402894,3.10145536,0.11311716,1.85292615,3.10145536
nominal_06,nominal,2615,5.34000000,0.80000000,0.14691880,1.83548598,2.57803174,0.14994883,1.84158392,2.57803174
nominal_06,nominal,2615,5.36000000,0.80000000,0.18720533,1.82307011,1.91495353,0.18638820,1.82196846,1.91495353
nominal_06,nominal,2615,5.38000000,0.80000000,0.21613521,1.79416181,1.53875715,0.22222920,1.79204978,1.53875715
nominal_06,nominal,2615,5.40000000,0.80000000,0.25619049,1.75046178,1.03626236,0.25736761,1.75692074,1.03626236
nominal_06,nominal,2615,5.42000000,0.80000000,0.29453759,1.71341313,0.53125770,0.29166099,1.71466869,0.53125770
nominal_06,nominal,2615,5.44000000,0.80000000,0.32278597,1.66642934,0.25770588,0.32497085,1.66549290,0.25770588
nominal_06,nominal,2615,5.46000000,0.80000000,0.35449400,1.60601933,-0.01098871,0.35723995,1.61345531,-0.01098871
nominal_06,nominal,2615,5.48000000,0.80000000,0.39239380,1.56232723,-0.47472462,0.38841461,1.55873297,-0.47472462
nominal_06,nominal,2615,5.50000000,0.80000000,0.41681464,1.49763798,-0.59085335,0.41837843,1.49819095,-0.59085335
nominal_06,nominal,2615,5.52000000,0.80000000,0.44416525,1.43459121,-0.76793053,0.44713393,1.43777489,-0.76793053
nominal_06,nominal,2615,5.54000000,0.80000000,0.47347579,1.37783686,-1.01174860,0.47466338,1.37647252,-1.01174860
nominal_06,nominal,2615,5.56000000,0.80000000,0.49836946,1.30171859,-1.07924327,0.50092758,1.31321001,-1.07924327
nominal_06,nominal,2615,5.58000000,0.80000000,0.53223459,1.25657145,-1.46307982,0.52594697,1.25096974,-1.46307982
nominal_06,nominal,2615,5.60000000,0.80000000,0.55125834,1.18565543,-1.45092729,0.54963668,1.18448534,-1.45092729
nominal_06,nominal,2615,5.62000000,0.80000000,0.57729865,1.12040192,-1.59338536,0.57204567,1.12044934,-1.59338536
nominal_06,nominal,2615,5.64000000,0.80000000,0.59725670,1.04927705,-1.59700587,0.59317011,1.05622195,-1.59700587
nominal_06,nominal,2615,5.66000000,0.80000000,0.61274824,0.98695701,-1.56425343,0.61305222,0.99410580,-1.56425343
nominal_06,nominal,2615,5.68000000,0.80000000,0.62907386,0.92754800,-1.56106943,0.63174484,0.93463107,-1.56106943
nominal_06,nominal,2615,5.70000000,0.80000000,0.64741854,0.88407756,-1.67392153,0.64928923,0.87721946,-1.67392153
nominal_06,nominal,2615,5.72000000,0.80000000,0.65514828,0.80975023,-1.44142016,0.66568688,0.81988217,-1.44142016
nominal_06,nominal,2615,5.74000000,0.80000000,0.67940864,0.77436137,-1.70116242,0.68105344,0.76832831,-1.70116242
nominal_06,nominal,2615,5.76000000,0.80000000,0.69391105,0.71693403,-1.67506896,0.69533787,0.71422141,-1.67506896
nominal_06,nominal,2615,5.78000000,0.80000000,0.71099120,0.67064323,-1.75105778,0.70858537,0.66237506,-1.75105778
nominal_06,nominal,2615,5.80000000,0.80000000,0.72390802,0.60944815,-1.67758508,0.72080586,0.61102457,-1.67758508
nominal_06,nominal,2615,5.82000000,0.80000000,0.73298111,0.56131394,-1.60022976,0.73205836,0.56262504,-1.60022976
nominal_06,nominal,2615,5.84000000,0.80000000,0.73989969,0.50661565,-1.45127275,0.74240118,0.51714092,-1.45127275
nominal_06,nominal,2615,5.86000000,0.80000000,0.74484522,0.47922200,-1.40332401,0.75191434,0.47565785,-1.40332401
nominal_06,nominal,2615,5.88000000,0.80000000,0.76321648,0.43248549,-1.50032403,0.76064174,0.43637006,-1.50032403
nominal_06,nominal,2615,5.90000000,0.80000000,0.76669575,0.40325653,-1.41680621,0.76857786,0.39680611,-1.41680621
nominal_06,nominal,2615,5.92000000,0.80000000,0.77082871,0.36200479,-1.28494069,0.77577708,0.35996082,-1.28494069
nominal_06,nominal,2615,5.94000000,0.80000000,0.77852622,0.31621338,-1.19453894,0.78230792,0.32654188,-1.19453894
nominal_06,nominal,2615,5.96000000,0.80000000,0.79029896,0.30568802,-1.35382140,0.78822287,0.29574774,-1.35382140
nominal_06,nominal,2615,5.98000000,0.80000000,0.79669069,0.26685325,-1.27469858,0.79349008,0.26336025,-1.27469858
nominal_06,nominal,2615,6.00000000,0.80000000,0.79718757,0.21834912,-1.04112184,0.79815760,0.23337615,-1.04112184
nominal_06,nominal,2615,6.02000000,0.80000000,0.80239219,0.20947347,-1.09042676,0.80232297,0.20826863,-1.09042676
nominal_06,nominal,2615,6.04000000,0.80000000,0.80253508,0.18055746,-0.94841868,0.80598686,0.18319440,-0.94841868
nominal_06,nominal,2615,6.06000000,0.80000000,0.80831348,0.16525433,-0.97591432,0.80921319,0.16131637,-0.97591432
nominal_06,nominal,2615,6.08000000,0.80000000,0.81250011,0.13014698,-0.87573695,0.81200765,0.13972316,-0.87573695
nominal_06,nominal,2615,6.10000000,0.80000000,0.81528094,0.12201433,-0.88512868,0.81441798,0.12051666,-0.88512868
nominal_06,nominal,2615,6.12000000,0.80000000,0.82016398,0.10678494,-0.89687634,0.81645407,0.10180408,-0.89687634
nominal_06,nominal,2615,6.14000000,0.80000000,0.81608702,0.09560093,-0.76757107,0.81812466,0.08352977,-0.76757107
nominal_06,nominal,2615,6.16000000,0.80000000,0.81874912,0.06645408,-0.66975459,0.81948490,0.06801171,-0.66975459
nominal_06,nominal,2615,6.18000000,0.80000000,0.82182243,0.05298234,-0.65771547,0.82057761,0.05463594,-0.65771547
nominal_06,nominal,2615,6.20000000,0.80000000,0.82298148,0.04210331,-0.62418325,0.82141584,0.04191144,-0.62418325
nominal_06,nominal,2615,6.22000000,0.80000000,0.81888856,0.04241188,-0.55205352,0.82201928,0.03017164,-0.55205352
nominal_06,nominal,2615,6.24000000,0.80000000,0.82488308,0.02374391,-0.56661491,0.82241971,0.02002161,-0.56661491
nominal_06,nominal,2615,6.26000000,0.80000000,0.82523786,0.01204080,-0.51448555,0.82261919,0.00997386,-0.51448555
nominal_06,nominal,2615,6.28000000,0.80000000,0.82015697,-0.00041141,-0.36076843,0.82264174,0.00112790,-0.36076843
nominal_06,nominal,2615,6.30000000,0.80000000,0.82690667,-0.00265549,-0.47104255,0.82254421,-0.00487679,-0.47104255
nominal_06,nominal,2615,6.32000000,0.80000000,0.82542360,-0.01307940,-0.39222776,0.82229416,-0.01250226,-0.39222776
nominal_06,nominal,2615,6.34000000,0.80000000,0.81855166,-0.02426728,-0.21259352,0.82192283,-0.01856649,-0.21259352
nominal_06,nominal,2615,6.36000000,0.80000000,0.82126326,-0.01208051,-0.32233617,0.82149374,-0.02145485,-0.32233617
nominal_06,nominal,2615,6.38000000,0.80000000,0.81835769,-0.02754540,-0.19271132,0.82097252,-0.02606055,-0.19271132
nominal_06,nominal,2615,6.40000000,0.80000000,0.82219439,-0.03633988,-0.21779966,0.82040519,-0.02836676,-0.21779966
nominal_06,nominal,2615,6.42000000,0.80000000,0.82222976,-0.03211496,-0.23956080,0.81978499,-0.03100993,-0.23956080
nominal_06,nominal,2615,6.44000000,0.80000000,0.81473752,-0.03886759,-0.07093734,0.81910652,-0.03392366,-0.07093734
nominal_06,nominal,2615,6.46000000,0.80000000,0.82025239,-0.03335360,-0.19777497,0.81842752,-0.03395011,-0.19777497
nominal_06,nominal,2615,6.48000000,0.80000000,0.81784775,-0.03768963,-0.13281131,0.81770605,-0.03607337,-0.13281131
nominal_06,nominal,2615,6.50000000,0.80000000,0.81842088,-0.03066043,-0.17827369,0.81696504,-0.03705046,-0.17827369
nominal_06,nominal,2615,6.52000000,0.80000000,0.81271828,-0.04805299,0.01133590,0.81619011,-0.03874639,0.01133590
nominal_06,nominal,2615,6.54000000,0.80000000,0.81887356,-0.03308588,-0.17429466,0.81544513,-0.03724915,-0.17429466
nominal_06,nominal,2615,6.56000000,0.80000000,0.81630986,-0.03614769,-0.11283903,0.81466768,-0.03887256,-0.11283903
nominal_06,nominal,2615,6.58000000,0.80000000,0.81503001,-0.03606280,-0.09022623,0.81387918,-0.03942471,-0.09022623
nominal_06,nominal,2615,6.60000000,0.80000000,0.81515063,-0.04004436,-0.07248947,0.81308750,-0.03958422,-0.07248947
nominal_06,nominal,2615,6.62000000,0.80000000,0.81365261,-0.05853060,0.04690607,0.81229860,-0.03944500,0.04690607
nominal_06,nominal,2615,6.64000000,0.80000000,0.80894317,-0.03747392,0.02639258,0.81155188,-0.03733586,0.02639258
nominal_06,nominal,2615,6.66000000,0.80000000,0.81358851,-0.02632929,-0.11294679,0.81083913,-0.03563728,-0.11294679
nominal_06,nominal,2615,6.68000000,0.80000000,0.80780133,-0.03143337,0.01674290,0.81011312,-0.03630058,0.01674290
nominal_06,nominal,2615,6.70000000,0.80000000,0.80901515,-0.03464624,0.01095846,0.80941719,-0.03479659,0.01095846
nominal_06,nominal,2615,6.72000000,0.80000000,0.80879326,-0.03766497,0.03004620,0.80874841,-0.03343910,0.03004620
nominal_06,nominal,2615,6.74000000,0.80000000,0.80279455,-0.02793422,0.08936915,0.80811217,-0.03181182,0.08936915
nominal_06,nominal,2615,6.76000000,0.80000000,0.80759203,-0.02998997,0.01329335,0.80752700,-0.02925844,0.01329335
nominal_06,nominal,2615,6.78000000,0.80000000,0.80438407,-0.01749263,0.00854994,0.80696601,-0.02804954,0.00854994
nominal_06,nominal,2615,6.80000000,0.80000000,0.80547093,-0.02964332,0.04973980,0.80642681,-0.02695997,0.04973980
nominal_06,nominal,2615,6.82000000,0.80000000,0.80527557,-0.02624359,0.03625766,0.80592229,-0.02522600,0.03625766
nominal_06,nominal,2615,6.84000000,0.80000000,0.80438336,-0.03424857,0.09234243,0.80544682,-0.02377362,0.09234243
nominal_06,nominal,2615,6.86000000,0.80000000,0.80188142,-0.01419949,0.03713187,0.80501797,-0.02144279,0.03713187
nominal_06,nominal,2615,6.88000000,0.80000000,0.79922079,-0.00222399,0.02514581,0.80461589,-0.02010384,0.02514581
nominal_06,nominal,2615,6.90000000,0.80000000,0.80146990,-0.02042006,0.07564205,0.80423572,-0.01900838,0.07564205
nominal_06,nominal,2615,6.92000000,0.80000000,0.80338062,-0.01574995,0.01789851,0.80389342,-0.01711483,0.01789851
nominal_06,nominal,2615,6.94000000,0.80000000,0.80188506,-0.01687907,0.05046420,0.80356862,-0.01624027,0.05046420
nominal_06,nominal,2615,6.96000000,0.80000000,0.80394377,-0.01553006,0.00666245,0.80327149,-0.01485669,0.00666245
nominal_06,nominal,2615,6.98000000,0.80000000,0.80011542,-0.01495906,0.07271770,0.80298660,-0.01424429,0.07271770
nominal_06,nominal,2615,7.00000000,0.80000000,0.80549130,-0.02037700,0.00304155,0.80273540,-0.01256015,0.00304155
nominal_06,nominal,2615,7.02000000,0.80000000,0.81055981,-0.01663824,-0.10688535,0.80249369,-0.01208526,-0.10688535
nominal_06,nominal,2615,7.04000000,0.80000000,0.79970317,-0.01908148,0.10075024,0.80222480,-0.01344446,0.10075024
nominal_06,nominal,2615,7.06000000,0.80000000,0.79881500,-0.01077659,0.07521302,0.80199833,-0.01132373,0.07521302
nominal_06,nominal,2615,7.08000000,0.80000000,0.80464434,-0.01015885,-0.03280381,0.80180439,-0.00969704,-0.03280381
nominal_06,nominal,2615,7.10000000,0.80000000,0.79787286,-0.00084667,0.04252182,0.80160615,-0.00991177,0.04252182
nominal_06,nominal,2615,7.12000000,0.80000000,0.80641642,-0.01222563,-0.05436748,0.80142868,-0.00887347,-0.05436748
nominal_06,nominal,2615,7.14000000,0.80000000,0.80891205,-0.00212039,-0.14981490,0.80123923,-0.00947267,-0.14981490
nominal_06,nominal,2615,7.16000000,0.80000000,0.80171698,-0.00673873,0.00278802,0.80100663,-0.01163017,0.00278802
nominal_06,nominal,2615,7.18000000,0.80000000,0.79784744,-0.01431021,0.11029705,0.80078281,-0.01119092,0.11029705
nominal_06,nominal,2615,7.20000000,0.80000000,0.80562048,-0.02276090,0.01263584,0.80060304,-0.00898848,0.01263584
nominal_06,nominal,2615,7.22000000,0.80000000,0.80164968,-0.00589819,-0.00020330,0.80043352,-0.00847566,-0.00020330
nominal_06,nominal,2615,7.24000000,0.80000000,0.79970253,-0.00278919,0.01930045,0.80026967,-0.00819252,0.01930045
nominal_06,nominal,2615,7.26000000,0.80000000,0.79893602,-0.01998617,0.11908254,0.80011775,-0.00759638,0.11908254
nominal_06,nominal,2615,7.28000000,0.80000000,0.80136620,-0.00787106,0.01476375,0.80001034,-0.00537015,0.01476375
nominal_06,nominal,2615,7.30000000,0.80000000,0.79551319,-0.02034632,0.18249417,0.79991145,-0.00494445,0.18249417
nominal_06,nominal,2615,7.32000000,0.80000000,0.80541139,-0.00351362,-0.07983693,0.79987627,-0.00175913,-0.07983693
nominal_06,nominal,2615,7.34000000,0.80000000,0.80127062,-0.01451358,0.04969673,0.79981587,-0.00302005,0.04969673
nominal_06,nominal,2615,7.36000000,0.80000000,0.80541729,-0.01751445,-0.00993897,0.79977395,-0.00209605,-0.00993897
nominal_06,nominal,2615,7.38000000,0.80000000,0.80035039,0.00550750,-0.03384455,0.79973016,-0.00218957,-0.03384455
nominal_06,nominal,2615,7.40000000,0.80000000,0.80313802,-0.00699320,-0.02151827,0.79967665,-0.00267530,-0.02151827
nominal_06,nominal,2615,7.42000000,0.80000000,0.80176806,-0.00395739,-0.01203817,0.79961784,-0.00294074,-0.01203817
nominal_06,nominal,2615,7.44000000,0.80000000,0.80036424,0.00165443,-0.01482837,0.79955703,-0.00304043,-0.01482837
nominal_06,nominal,2615,7.46000000,0.80000000,0.79339095,-0.01055434,0.17173458,0.79949337,-0.00318289,0.17173458
nominal_06,nominal,2615,7.48000000,0.80000000,0.80231085,-0.00191771,-0.03200675,0.79948867,-0.00023507,-0.03200675
nominal_06,nominal,2615,7.50000000,0.80000000,0.80224724,-0.00345712,-0.02316470,0.79947354,-0.00075646,-0.02316470
nominal_06,nominal,2615,7.52000000,0.80000000,0.80116193,-0.00335866,-0.00412147,0.79945126,-0.00111400,-0.00412147
nominal_06,nominal,2615,7.54000000,0.80000000,0.80249619,0.00460753,-0.06796902,0.79942837,-0.00114451,-0.06796902
nominal_06,nominal,2615,7.56000000,0.80000000,0.79833214,0.00098774,0.02508277,0.79938377,-0.00222992,0.02508277
nominal_06,nominal,2615,7.58000000,0.80000000,0.79825275,-0.00661610,0.06453101,0.79934898,-0.00173971,0.06453101
nominal_06,nominal,2615,7.60000000,0.80000000,0.80102479,-0.00031083,-0.01689211,0.79933670,-0.00061366,-0.01689211
nominal_06,nominal,2615,7.62000000,0.80000000,0.79783649,-0.00639221,0.07090420,0.79931926,-0.00087228,0.07090420
nominal_06,nominal,2615,7.64000000,0.80000000,0.79409003,-0.00411891,0.12697410,0.79932586,0.00032985,0.12697410
nominal_06,nominal,2615,7.66000000,0.80000000,0.80176038,0.01073224,-0.08534806,0.79937423,0.00241866,-0.08534806
nominal_06,nominal,2615,7.68000000,0.80000000,0.79814854,-0.00344605,0.05055659,0.79939274,0.00092537,0.05055659
nominal_06,nominal,2615,7.70000000,0.80000000,0.79898291,-0.00500122,0.04331375,0.79942734,0.00173022,0.04331375
nominal_06,nominal,2615,7.72000000,0.80000000,0.79457804,0.00209999,0.08709527,0.79947510,0.00238808,0.08709527
nominal_06,nominal,2615,7.74000000,0.80000000,0.80258890,0.01174638,-0.10533206,0.79955006,0.00374777,-0.10533206
nominal_06,nominal,2615,7.76000000,0.80000000,0.79638753,0.00455438,0.04225257,0.79958764,0.00187905,0.04225257
nominal_06,nominal,2615,7.78000000,0.80000000,0.79566037,0.01163342,0.01994631,0.79963792,0.00251433,0.01994631
nominal_06,nominal,2615,7.80000000,0.80000000,0.80458796,-0.00115080,-0.07682927,0.79969311,0.00275922,-0.07682927
nominal_06,nominal,2615,7.82000000,0.80000000,0.80101279,-0.00068895,-0.01478543,0.79972102,0.00139530,-0.01478543
nominal_06,nominal,2615,7.84000000,0.80000000,0.79735779,-0.00353335,0.06522649,0.79974309,0.00110361,0.06522649
nominal_06,nominal,2615,7.86000000,0.80000000,0.79492099,0.01057411,0.03855154,0.79978599,0.00214505,0.03855154
nominal_06,nominal,2615,7.88000000,0.80000000,0.80200925,0.00060127,-0.03917279,0.79984019,0.00271012,-0.03917279
nominal_06,nominal,2615,7.90000000,0.80000000,0.79329218,0.01502956,0.04559292,0.79987960,0.00197065,0.04559292
nominal_06,nominal,2615,7.92000000,0.80000000,0.79810568,-0.00409211,0.05455825,0.79993277,0.00265808,0.05455825
nominal_06,nominal,2615,7.94000000,0.80000000,0.80167174,0.00440080,-0.05209540,0.80000218,0.00347053,-0.05209540
nominal_06,nominal,2615,7.96000000,0.80000000,0.80734781,0.00148719,-0.13969658,0.80005201,0.00249164,-0.13969658
nominal_06,nominal,2615,7.98000000,0.80000000,0.80351441,0.00664886,-0.13969658,0.80005395,0.00009704,-0.13969658
nominal_07,nominal,2616,0.00000000,0.00000000,0.00158397,-0.00337437,-0.01163969,0.00000000,0.00000000,-0.01163969
nominal_07,nominal,2616,0.02000000,0.00000000,-0.00149370,-0.00029394,0.02835635,-0.00000400,-0.00019980,0.02835635
nominal_07,nominal,2616,0.04000000,0.00000000,0.00218705,-0.00028019,-0.03796593,0.00000188,0.00029382,-0.03796593
nominal_07,nominal,2616,0.06000000,0.00000000,-0.00053590,-0.00879637,0.05362798,-0.00000548,-0.00036799,0.05362798
nominal_07,nominal,2616,0.08000000,0.00000000,0.00617654,-0.00697320,-0.07631172,0.00000583,0.00056522,-0.07631172
nominal_07,nominal,2616,0.10000000,0.00000000,0.00422176,-0.00936802,-0.02915151,-0.00000946,-0.00076415,-0.02915151
nominal_07,nominal,2616,0.12000000,0.00000000,-0.00311139,-0.00203669,0.06618844,-0.00003422,-0.00123825,0.06618844
nominal_07,nominal,2616,0.14000000,0.00000000,0.00259675,-0.00613263,-0.01607838,-0.00003541,-0.00005949,-0.01607838
nominal_07,nominal,2616,0.16000000,0.00000000,0.00416838,0.00616614,-0.10586154,-0.00004208,-0.00033343,-0.10586154
nominal_07,nominal,2616,0.18000000,0.00000000,-0.00293313,-0.00948125,0.10020252,-0.00008486,-0.00213911,0.10020252
nominal_07,nominal,2616,0.20000000,0.00000000,-0.00324549,-0.00680612,0.09244942,-0.00009177,-0.00034548,0.09244942
nominal_07,nominal,2616,0.22000000,0.00000000,0.00160187,-0.00420743,-0.00779645,-0.00006671,0.00125333,-0.00779645
nominal_07,nominal,2616,0.24000000,0.00000000,-0.00220778,-0.00302052,0.05484261,-0.00004518,0.00107637,0.05484261
nominal_07,nominal,2616,0.26000000,0.00000000,-0.00244755,-0.00433727,0.06574219,-0.00000556,0.00198073,0.06574219
nominal_07,nominal,2616,0.28000000,0.00000000,-0.00071152,0.00025078,0.01155340,0.00005526,0.00304106,0.01155340
nominal_07,nominal,2616,0.30000000,0.00000000,-0.00356747,0.00626719,0.03287861,0.00011795,0.00313472,0.03287861
nominal_07,nominal,2616,0.32000000,0.00000000,0.00376897,0.00928287,-0.11425572,0.00018978,0.00359122,-0.11425572
nominal_07,nominal,2616,0.34000000,0.00000000,0.00398399,0.00053974,-0.07441050,0.00021990,0.00150639,-0.07441050
nominal_07,nominal,2616,0.36000000,0.00000000,-0.00214412,0.00036497,0.03676938,0.00022345,0.00017727,0.03676938
nominal_07,nominal,2616,0.38000000,0.00000000,0.00282772,-0.00138686,-0.04396465,0.00023950,0.00080233,-0.04396465
nominal_07,nominal,2616,0.40000000,0.00000000,0.00023007,-0.00366653,0.01419136,0.00023990,0.00002005,0.01419136
nominal_07,nominal,2616,0.42000000,0.00000000,0.00202720,-0.00968998,0.01196040,0.00024516,0.00026296,0.01196040
nominal_07,nominal,2616,0.44000000,0.00000000,0.00083141,0.00297401,-0.02983540,0.00025434,0.00045921,-0.02983540
nominal_07,nominal,2616,0.46000000,0.00000000,0.00123373,0.00293910,-0.03690264,0.00025297,-0.00006872,-0.03690264
nominal_07,nominal,2616,0.48000000,0.00000000,0.00029996,-0.01893500,0.08927562,0.00023897,-0.00069981,0.08927562
nominal_07,nominal,2616,0.50000000,0.00000000,0.00102463,-0.00489083,0.00601080,0.00025610,0.00085673,0.00601080
nominal_07,nominal,2616,0.52000000,0.00000000,-0.00041560,-0.00536380,0.03429973,0.00027471,0.00093042,0.03429973
nominal_07,nominal,2616,0.54000000,0.00000000,-0.00468426,0.00774771,0.04557814,0.00030446,0.00148717,0.04557814
nominal_07,nominal,2616,0.56000000,0.00000000,-0.00488496,0.01671120,0.00437333,0.00034882,0.00221836,0.00437333
nominal_07,nominal,2616,0.58000000,0.00000000,0.00200040,-0.00220111,-0.02500175,0.00039316,0.00221709,-0.02500175
nominal_07,nominal,2616,0.60000000,0.00000000,0.00099898,0.00641348,-0.05004903,0.00042740,0.00171163,-0.05004903
nominal_07,nominal,2616,0.62000000,0.00000000,-0.00002814,0.00112577,-0.00512235,0.00044327,0.00079361,-0.00512235
nominal_07,nominal,2616,0.64000000,0.00000000,-0.00190381,0.00611531,0.00369212,0.00045684,0.00067838,0.00369212
nominal_07,nominal,2616,0.66000000,0.00000000,0.00145963,-0.00276205,-0.01246313,0.00047120,0.00071841,-0.01246313
nominal_07,nominal,2616,0.68000000,0.00000000,-0.00169287,0.00020366,0.02945341,0.00048080,0.00047975,0.02945341
nominal_07,nominal,2616,0.70000000,0.00000000,-0.00037173,0.00761388,-0.03137833,0.00050018,0.00096882,-0.03137833
nominal_07,nominal,2616,0.72000000,0.00000000,-0.00141488,-0.00491528,0.05004427,0.00050811,0.00039686,0.05004427
nominal_07,nominal,2616,0.74000000,0.00000000,-0.00109414,-0.00034123,0.02140075,0.00053296,0.00124223,0.02140075
nominal_07,nominal,2616,0.76000000,0.00000000,0.00117540,-0.00546743,0.00617994,0.00056429,0.00156684,0.00617994
nominal_07,nominal,2616,0.78000000,0.00000000,0.00323104,0.01277900,-0.12205368,0.00059667,0.00161900,-0.12205368
nominal_07,nominal,2616,0.80000000,0.00000000,-0.00086672,0.01077459,-0.03827200,0.00058604,-0.00053182,-0.03827200
nominal_07,nominal,2616,0.82000000,0.00000000,0.00620768,0.00817752,-0.15262590,0.00056263,-0.00117047,-0.15262590
nominal_07,nominal,2616,0.84000000,0.00000000,0.00316173,0.00131670,-0.06349458,0.00048763,-0.00375007,-0.06349458
nominal_07,nominal,2616,0.86000000,0.00000000,0.00052361,-0.01018054,0.04147773,0.00039341,-0.00471093,0.04147773
nominal_07,nominal,2616,0.88000000,0.00000000,-0.00171986,-0.00419747,0.05194475,0.00031667,-0.00383683,0.05194475
nominal_07,nominal,2616,0.90000000,0.00000000,0.00164853,0.00674380,-0.06339249,0.00026041,-0.00281314,-0.06339249
nominal_07,nominal,2616,0.92000000,0.00000000,0.00136885,-0.01041275,0.02742440,0.00018432,-0.00380449,0.02742440
nominal_07,nominal,2616,0.94000000,0.00000000,0.00715145,-0.00631738,-0.09713917,0.00012026,-0.00320282,-0.09713917
nominal_07,nominal,2616,0.96000000,0.00000000,-0.00710492,-0.00906030,0.17319004,0.00002506,-0.00476003,0.17319004
nominal_07,nominal,2616,0.98000000,0.00000000,0.00069792,-0.00276134,0.00124403,-0.00000740,-0.00162335,0.00124403
nominal_07,nominal,2616,1.00000000,0.50000000,0.00234340,-0.00205936,8.96811558,-0.00003833,-0.00154613,8.96811558
nominal_07,nominal,2616,1.02000000,0.50000000,0.00400613,0.15727088,8.14153531,0.00301064,0.15244829,8.14153531
nominal_07,nominal,2616,1.04000000,0.50000000,0.01373515,0.28617891,7.32187269,0.00874973,0.28695474,7.32187269
nominal_07,nominal,2616,1.06000000,0.50000000,0.01433760,0.39415330,6.77115671,0.01680499,0.40276259,6.77115671
nominal_07,nominal,2616,1.08000000,0.50000000,0.02600876,0.51906871,5.93649869,0.02690762,0.50513190,5.93649869
nominal_07,nominal,2616,1.10000000,0.50000000,0.03910909,0.59729898,5.30954147,0.03870065,0.58965115,5.30954147
nominal_07,nominal,2616,1.12000000,0.50000000,0.04986606,0.66233739,4.79072396,0.05191064,0.66049987,4.79072396
nominal_07,nominal,2616,1.14000000,0.50000000,0.06333319,0.72239971,4.24800404,0.06631074,0.72000478,4.24800404
nominal_07,nominal,2616,1.16000000,0.50000000,0.07994264,0.76563241,3.73287050,0.08167366,0.76814594,3.73287050
nominal_07,nominal,2616,1.18000000,0.50000000,0.09837088,0.81672976,3.14567530,0.09778942,0.80578796,3.14567530
nominal_07,nominal,2616,1.20000000,0.50000000,0.11685614,0.83058240,2.74367745,0.11443052,0.83205517,2.74367745
nominal_07,nominal,2616,1.22000000,0.50000000,0.13080158,0.85431316,2.37400566,0.13144088,0.85051800,2.37400566
nominal_07,nominal,2616,1.24000000,0.50000000,0.15144960,0.85910784,1.97836805,0.14868088,0.86199990,1.97836805
nominal_07,nominal,2616,1.26000000,0.50000000,0.16510325,0.86714850,1.69239903,0.16600679,0.86629541,1.69239903
nominal_07,nominal,2616,1.28000000,0.50000000,0.18788512,0.85772306,1.32945249,0.18331747,0.86553432,1.32945249
nominal_07,nominal,2616,1.30000000,0.50000000,0.20242607,0.85463871,1.08313729,0.20048886,0.85856931,1.08313729
nominal_07,nominal,2616,1.32000000,0.50000000,0.21474206,0.85418008,0.86374252,0.21744118,0.84761589,0.86374252
nominal_07,nominal,2616,1.34000000,0.50000000,0.23457274,0.82802444,0.63756841,0.23410665,0.83327341,0.63756841
nominal_07,nominal,2616,1.36000000,0.50000000,0.24805847,0.81398550,0.46501996,0.25041749,0.81554212,0.46501996
nominal_07,nominal,2616,1.38000000,0.50000000,0.26481548,0.80010481,0.23279737,0.26632667,0.79545917,0.23279737
nominal_07,nominal,2616,1.40000000,0.50000000,0.28170291,0.77497838,0.05445572,0.28176829,0.77208113,0.05445572
nominal_07,nominal,2616,1.42000000,0.50000000,0.30325051,0.74855007,-0.20125950,0.29669722,0.74644630,-0.20125950
nominal_07,nominal,2616,1.44000000,0.50000000,0.31138922,0.71416166,-0.17581431,0.31104330,0.71730418,-0.17581431
nominal_07,nominal,2616,1.46000000,0.50000000,0.32637218,0.69235898,-0.33649412,0.32483534,0.68960171,-0.33649412
nominal_07,nominal,2616,1.48000000,0.50000000,0.34035803,0.65800411,-0.41646503,0.33803723,0.66009443,-0.41646503
nominal_07,nominal,2616,1.50000000,0.50000000,0.34885552,0.63107051,-0.43475187,0.35064182,0.63022985,-0.43475187
nominal_07,nominal,2616,1.52000000,0.50000000,0.36003542,0.59402035,-0.45073928,0.36266341,0.60107910,-0.45073928
nominal_07,nominal,2616,1.54000000,0.50000000,0.37364466,0.57445344,-0.59787117,0.37411655,0.57265708,-0.59787117
nominal_07,nominal,2616,1.56000000,0.50000000,0.38447702,0.54025393,-0.62185591,0.38497030,0.54268757,-0.62185591
nominal_07,nominal,2616,1.58000000,0.50000000,0.39296778,0.50843210,-0.61558059,0.39523705,0.51333769,-0.61558059
nominal_07,nominal,2616,1.60000000,0.50000000,0.40288784,0.49624188,-0.73319051,0.40493916,0.48510555,-0.73319051
nominal_07,nominal,2616,1.62000000,0.50000000,0.41037220,0.45900962,-0.68174770,0.41405569,0.45582613,-0.68174770
nominal_07,nominal,2616,1.64000000,0.50000000,0.42355932,0.43130817,-0.78060865,0.42262443,0.42843735,-0.78060865
nominal_07,nominal,2616,1.66000000,0.50000000,0.42817198,0.39970436,-0.70561737,0.43063031,0.40029410,-0.70561737
nominal_07,nominal,2616,1.68000000,0.50000000,0.43887828,0.37021143,-0.75086622,0.43811845,0.37440661,-0.75086622
nominal_07,nominal,2616,1.70000000,0.50000000,0.44565477,0.34681932,-0.75588254,0.44509111,0.34863326,-0.75588254
nominal_07,nominal,2616,1.72000000,0.50000000,0.44962706,0.31947956,-0.69068486,0.45156433,0.32366074,-0.69068486
nominal_07,nominal,2616,1.74000000,0.50000000,0.45966509,0.30982083,-0.82307583,0.45757766,0.30066675,-0.82307583
nominal_07,nominal,2616,1.76000000,0.50000000,0.46789841,0.27916226,-0.81798267,0.46310149,0.27619150,-0.81798267
nominal_07,nominal,2616,1.78000000,0.50000000,0.46977905,0.23723197,-0.64218282,0.46815441,0.25264594,-0.64218282
nominal_07,nominal,2616,1.80000000,0.50000000,0.47525017,0.22422242,-0.67561515,0.47281298,0.23292833,-0.67561515
nominal_07,nominal,2616,1.82000000,0.50000000,0.47329135,0.21866476,-0.61256814,0.47707928,0.21331538,-0.61256814
nominal_07,nominal,2616,1.84000000,0.50000000,0.48723841,0.18424625,-0.69152272,0.48098848,0.19545960,-0.69152272
nominal_07,nominal,2616,1.86000000,0.50000000,0.48726974,0.17689286,-0.65531963,0.48452574,0.17686300,-0.65531963
nominal_07,nominal,2616,1.88000000,0.50000000,0.48808540,0.15922808,-0.58167768,0.48771629,0.15952781,-0.58167768
nominal_07,nominal,2616,1.90000000,0.50000000,0.49295982,0.13891549,-0.56785420,0.49059736,0.14405326,-0.56785420
nominal_07,nominal,2616,1.92000000,0.50000000,0.49202728,0.12132881,-0.46313511,0.49318433,0.12934852,-0.46313511
nominal_07,nominal,2616,1.94000000,0.50000000,0.49516827,0.11032163,-0.46463710,0.49552328,0.11694736,-0.46463710
nominal_07,nominal,2616,1.96000000,0.50000000,0.49465810,0.10550784,-0.43138496,0.49762222,0.10494718,-0.43138496
nominal_07,nominal,2616,1.98000000,0.50000000,0.49972489,0.09396363,-0.46486612,0.49950083,0.09393075,-0.46486612
nominal_07,nominal,2616,2.00000000,0.50000000,0.50453252,0.08428696,-0.50302005,0.50115521,0.08271871,-0.50302005
nominal_07,nominal,2616,2.02000000,0.50000000,0.50205703,0.06165474,-0.34530021,0.50257996,0.07123758,-0.34530021
nominal_07,nominal,2616,2.04000000,0.50000000,0.50071489,0.07096013,-0.36766874,0.50383714,0.06285887,-0.36766874
nominal_07,nominal,2616,2.06000000,0.50000000,0.50506067,0.05967932,-0.38948860,0.50492483,0.05438453,-0.38948860
nominal_07,nominal,2616,2.08000000,0.50000000,0.50769665,0.04809675,-0.37902346,0.50584137,0.04582727,-0.37902346
nominal_07,nominal,2616,2.10000000,0.50000000,0.51239265,0.05366746,-0.49140508,0.50659626,0.03774414,-0.49140508
nominal_07,nominal,2616,2.12000000,0.50000000,0.50555580,0.02823688,-0.24118887,0.50715646,0.02801009,-0.24118887
nominal_07,nominal,2616,2.14000000,0.50000000,0.50121443,0.02035556,-0.12363756,0.50761458,0.02290608,-0.12363756
nominal_07,nominal,2616,2.16000000,0.50000000,0.51076798,0.02491892,-0.31841820,0.50801449,0.01999553,-0.31841820
nominal_07,nominal,2616,2.18000000,0.50000000,0.50989612,0.01091143,-0.23268728,0.50829132,0.01384165,-0.23268728
nominal_07,nominal,2616,2.20000000,0.50000000,0.50723412,0.02336252,-0.24702669,0.50847875,0.00937115,-0.24702669
nominal_07,nominal,2616,2.22000000,0.50000000,0.50895252,-0.00393778,-0.14145652,0.50857491,0.00480835,-0.14145652
nominal_07,nominal,2616,2.24000000,0.50000000,0.51402099,0.00823555,-0.29355553,0.50861921,0.00221472,-0.29355553
nominal_07,nominal,2616,2.26000000,0.50000000,0.51060384,-0.00706696,-0.15553432,0.50856120,-0.00290049,-0.15553432
nominal_07,nominal,2616,2.28000000,0.50000000,0.50718827,0.00216041,-0.14019095,0.50845179,-0.00547048,-0.14019095
nominal_07,nominal,2616,2.30000000,0.50000000,0.50676474,-0.01063703,-0.06858018,0.50829801,-0.00768866,-0.06858018
nominal_07,nominal,2616,2.32000000,0.50000000,0.50516393,-0.00572107,-0.06434543,0.50812599,-0.00860127,-0.06434543
nominal_07,nominal,2616,2.34000000,0.50000000,0.51030619,-0.00319347,-0.16954416,0.50793779,-0.00940979,-0.16954416
nominal_07,nominal,2616,2.36000000,0.50000000,0.50985917,-0.01407622,-0.10708402,0.50769787,-0.01199627,-0.10708402
nominal_07,nominal,2616,2.38000000,0.50000000,0.50769892,-0.01579086,-0.05962619,0.50742944,-0.01342158,-0.05962619
nominal_07,nominal,2616,2.40000000,0.50000000,0.50737850,-0.02019604,-0.03183284,0.50714977,-0.01398321,-0.03183284
nominal_07,nominal,2616,2.42000000,0.50000000,0.50977134,-0.01943809,-0.07869369,0.50686880,-0.01404843,-0.07869369
nominal_07,nominal,2616,2.44000000,0.50000000,0.50455191,-0.01827190,0.00942508,0.50657049,-0.01491579,0.00942508
nominal_07,nominal,2616,2.46000000,0.50000000,0.50801363,-0.01121119,-0.08818931,0.50628567,-0.01424071,-0.08818931
nominal_07,nominal,2616,2.48000000,0.50000000,0.50609343,-0.00715771,-0.07389318,0.50598038,-0.01526445,-0.07389318
nominal_07,nominal,2616,2.50000000,0.50000000,0.50407879,-0.02815545,0.06735906,0.50566023,-0.01600756,0.06735906
nominal_07,nominal,2616,2.52000000,0.50000000,0.50131732,-0.00174706,-0.01497643,0.50537422,-0.01430045,-0.01497643
nominal_07,nominal,2616,2.54000000,0.50000000,0.50846778,-0.01957497,-0.05454520,0.50509292,-0.01406540,-0.05454520
nominal_07,nominal,2616,2.56000000,0.50000000,0.51105595,-0.01930946,-0.10245982,0.50480256,-0.01451766,-0.10245982
nominal_07,nominal,2616,2.58000000,0.50000000,0.50847624,-0.02419413,-0.03160165,0.50448703,-0.01577683,-0.03160165
nominal_07,nominal,2616,2.60000000,0.50000000,0.50146451,-0.02054175,0.07634758,0.50417150,-0.01577635,0.07634758
nominal_07,nominal,2616,2.62000000,0.50000000,0.50454390,-0.01823135,0.00936657,0.50389304,-0.01392291,0.00936657
nominal_07,nominal,2616,2.64000000,0.50000000,0.49971381,-0.02011711,0.10573708,0.50362738,-0.01328300,0.10573708
nominal_07,nominal,2616,2.66000000,0.50000000,0.50402050,-0.01310910,-0.00682347,0.50340716,-0.01101087,-0.00682347
nominal_07,nominal,2616,2.68000000,0.50000000,0.50367026,0.00187904,-0.07545996,0.50319218,-0.01074908,-0.07545996
nominal_07,nominal,2616,2.70000000,0.50000000,0.50290800,-0.00783652,-0.01316134,0.50295869,-0.01167448,-0.01316134
nominal_07,nominal,2616,2.72000000,0.50000000,0.50157837,-0.01130365,0.02810762,0.50272872,-0.01149864,0.02810762
nominal_07,nominal,2616,2.74000000,0.50000000,0.50070998,-0.01224708,0.04845573,0.50251631,-0.01062046,0.04845573
nominal_07,nominal,2616,2.76000000,0.50000000,0.50472249,-0.01413764,-0.01431660,0.50232785,-0.00942322,-0.01431660
nominal_07,nominal,2616,2.78000000,0.50000000,0.49804185,-0.01004245,0.08545892,0.50214095,-0.00934469,0.08545892
nominal_07,nominal,2616,2.80000000,0.50000000,0.49776174,-0.01714910,0.12603413,0.50198983,-0.00755617,0.12603413
nominal_07,nominal,2616,2.82000000,0.50000000,0.50463633,-0.00296277,-0.06864011,0.50188717,-0.00513272,-0.06864011
nominal_07,nominal,2616,2.84000000,0.50000000,0.50255265,-0.00632514,-0.01432204,0.50176449,-0.00613432,-0.01432204
nominal_07,nominal,2616,2.86000000,0.50000000,0.50312556,-0.00710435,-0.02073829,0.50164111,-0.00616906,-0.02073829
nominal_07,nominal,2616,2.88000000,0.50000000,0.51110237,-0.01561416,-0.12177190,0.50151485,-0.00631275,-0.12177190
nominal_07,nominal,2616,2.90000000,0.50000000,0.49822934,-0.01494227,0.10658326,0.50135114,-0.00818577,0.10658326
nominal_07,nominal,2616,2.92000000,0.50000000,0.50298899,-0.00041995,-0.05170209,0.50122965,-0.00607453,-0.05170209
nominal_07,nominal,2616,2.94000000,0.50000000,0.50007241,-0.01336313,0.06551230,0.50109459,-0.00675298,0.06551230
nominal_07,nominal,2616,2.96000000,0.50000000,0.50373489,0.00015798,-0.06801790,0.50098667,-0.00539604,-0.06801790
nominal_07,nominal,2616,2.98000000,0.50000000,0.49955033,0.00322845,-0.00804822,0.50085911,-0.00637790,-0.00804822
nominal_07,nominal,2616,3.00000000,-0.30000000,0.50214219,-0.00673868,-12.00000000,0.50073318,-0.00629657,-12.00000000
nominal_07,nominal,2616,3.02000000,-0.30000000,0.49729050,-0.21689060,-12.00000000,0.49649188,-0.21206459,-12.00000000
nominal_07,nominal,2616,3.04000000,-0.30000000,0.48904923,-0.41383367,-12.00000000,0.48827685,-0.41075152,-12.00000000
nominal_07,nominal,2616,3.06000000,-0.30000000,0.47190420,-0.59705974,-10.90897684,0.47622483,-0.60260104,-10.90897684
nominal_07,nominal,2616,3.08000000,-0.30000000,0.46048298,-0.76680430,-9.85467205,0.46084242,-0.76912063,-9.85467205
nominal_07,nominal,2616,3.10000000,-0.30000000,0.44191228,-0.91251656,-8.79183824,0.44260618,-0.91181222,-8.79183824
nominal_07,nominal,2616,3.12000000,-0.30000000,0.42400525,-1.01923492,-7.93591988,0.42197919,-1.03134942,-7.93591988
nominal_07,nominal,2616,3.14000000,-0.30000000,0.39728706,-1.14125648,-6.84488461,0.39933757,-1.13208082,-6.84488461
nominal_07,nominal,2616,3.16000000,-0.30000000,0.37253300,-1.21280476,-6.04157028,0.37512522,-1.21061771,-6.04157028
nominal_07,nominal,2616,3.18000000,-0.30000000,0.34817926,-1.27458508,-5.29430123,0.34967196,-1.27266271,-5.29430123
nominal_07,nominal,2616,3.20000000,-0.30000000,0.32377761,-1.32989811,-4.57850645,0.32327706,-1.31974539,-4.57850645
nominal_07,nominal,2616,3.22000000,-0.30000000,0.29954108,-1.35090332,-4.03722284,0.29621864,-1.35292091,-4.03722284
nominal_07,nominal,2616,3.24000000,-0.30000000,0.26999493,-1.36772183,-3.42129965,0.26870537,-1.37566343,-3.42129965
nominal_07,nominal,2616,3.26000000,-0.30000000,0.24168170,-1.38453713,-2.82758494,0.24096435,-1.38705075,-2.82758494
nominal_07,nominal,2616,3.28000000,-0.30000000,0.21290320,-1.38607966,-2.30185932,0.21320726,-1.38785485,-2.30185932
nominal_07,nominal,2616,3.30000000,-0.30000000,0.18618495,-1.37020425,-1.90030791,0.18561512,-1.37960699,-1.90030791
nominal_07,nominal,2616,3.32000000,-0.30000000,0.15375117,-1.37421968,-1.29642257,0.15832011,-1.36475018,-1.29642257
nominal_07,nominal,2616,3.34000000,-0.30000000,0.13119321,-1.34250694,-1.04894317,0.13151934,-1.34003870,-1.04894317
nominal_07,nominal,2616,3.36000000,-0.30000000,0.11074049,-1.31818014,-0.80242811,0.10528075,-1.31192954,-0.80242811
nominal_07,nominal,2616,3.38000000,-0.30000000,0.08098297,-1.27444891,-0.48544890,0.07966963,-1.28055617,-0.48544890
nominal_07,nominal,2616,3.40000000,-0.30000000,0.05200274,-1.23275639,-0.17226731,0.05477320,-1.24482138,-0.17226731
nominal_07,nominal,2616,3.42000000,-0.30000000,0.02998150,-1.20878572,0.10426152,0.03067439,-1.20494045,0.10426152
nominal_07,nominal,2616,3.44000000,-0.30000000,0.00916895,-1.15938746,0.23189622,0.00744068,-1.16168521,0.23189622
nominal_07,nominal,2616,3.46000000,-0.30000000,-0.01178103,-1.11164040,0.37026056,-0.01491387,-1.11772761,0.37026056
nominal_07,nominal,2616,3.48000000,-0.30000000,-0.03196857,-1.07161457,0.53350714,-0.03637202,-1.07290764,0.53350714
nominal_07,nominal,2616,3.50000000,-0.30000000,-0.05878528,-1.02911404,0.80370521,-0.05690858,-1.02682787,0.80370521
nominal_07,nominal,2616,3.52000000,-0.30000000,-0.07768628,-0.98141668,0.90543641,-0.07646249,-0.97769578,0.90543641
nominal_07,nominal,2616,3.54000000,-0.30000000,-0.09658339,-0.92032954,0.94014864,-0.09503266,-0.92850822,0.94014864
nominal_07,nominal,2616,3.56000000,-0.30000000,-0.11297647,-0.87237563,0.99545466,-0.11264101,-0.88041749,0.99545466
nominal_07,nominal,2616,3.58000000,-0.30000000,-0.12279925,-0.82935581,0.95716549,-0.12930166,-0.83303237,0.95716549
nominal_07,nominal,2616,3.60000000,-0.30000000,-0.14541090,-0.79512009,1.19299672,-0.14506036,-0.78793515,1.19299672
nominal_07,nominal,2616,3.62000000,-0.30000000,-0.16040182,-0.73772682,1.17586689,-0.15986719,-0.74034172,1.17586689
nominal_07,nominal,2616,3.64000000,-0.30000000,-0.17121403,-0.68838164,1.12376075,-0.17376080,-0.69468017,1.12376075
nominal_07,nominal,2616,3.66000000,-0.30000000,-0.18661974,-0.65583818,1.23834624,-0.18679048,-0.65148438,1.23834624
nominal_07,nominal,2616,3.68000000,-0.30000000,-0.20321470,-0.59425713,1.22915028,-0.19894665,-0.60780819,1.22915028
nominal_07,nominal,2616,3.70000000,-0.30000000,-0.20885309,-0.56430696,1.18089043,-0.21026250,-0.56579287,1.18089043
nominal_07,nominal,2616,3.72000000,-0.30000000,-0.22226270,-0.52635201,1.23248863,-0.22078354,-0.52605182,1.23248863
nominal_07,nominal,2616,3.74000000,-0.30000000,-0.23188652,-0.48156394,1.18177709,-0.23051939,-0.48679268,1.18177709
nominal_07,nominal,2616,3.76000000,-0.30000000,-0.23964825,-0.45232801,1.17530847,-0.23951450,-0.44975504,1.17530847
nominal_07,nominal,2616,3.78000000,-0.30000000,-0.24718654,-0.41812842,1.13999990,-0.24779656,-0.41410302,1.13999990
nominal_07,nominal,2616,3.80000000,-0.30000000,-0.25612174,-0.38372644,1.12882354,-0.25540224,-0.38028397,1.12882354
nominal_07,nominal,2616,3.82000000,-0.30000000,-0.26024778,-0.34501759,1.00954793,-0.26235865,-0.34782058,1.00954793
nominal_07,nominal,2616,3.84000000,-0.30000000,-0.26291376,-0.31597379,0.91231669,-0.26872908,-0.31852176,0.91231669
nominal_07,nominal,2616,3.86000000,-0.30000000,-0.26935144,-0.29000522,0.89835202,-0.27456709,-0.29190022,0.89835202
nominal_07,nominal,2616,3.88000000,-0.30000000,-0.28361683,-0.26742634,1.04223461,-0.27989578,-0.26643451,1.04223461
nominal_07,nominal,2616,3.90000000,-0.30000000,-0.28491587,-0.24693655,0.96316838,-0.28468328,-0.23937534,0.96316838
nominal_07,nominal,2616,3.92000000,-0.30000000,-0.29094035,-0.21474040,0.91062839,-0.28897537,-0.21460457,0.91062839
nominal_07,nominal,2616,3.94000000,-0.30000000,-0.28952206,-0.19104363,0.76661525,-0.29280714,-0.19158810,0.76661525
nominal_07,nominal,2616,3.96000000,-0.30000000,-0.29714131,-0.15769515,0.73701930,-0.29624385,-0.17183574,0.73701930
nominal_07,nominal,2616,3.98000000,-0.30000000,-0.29717344,-0.14866008,0.69242224,-0.29930927,-0.15327114,0.69242224
nominal_07,nominal,2616,4.00000000,-0.30000000,-0.30279148,-0.12982841,0.69938862,-0.30203149,-0.13611093,0.69938862
nominal_07,nominal,2616,4.02000000,-0.30000000,-0.30831553,-0.11583523,0.72885567,-0.30441993,-0.11942167,0.72885567
nominal_07,nominal,2616,4.04000000,-0.30000000,-0.31423449,-0.10645325,0.78848711,-0.30647594,-0.10280093,0.78848711
nominal_07,nominal,2616,4.06000000,-0.30000000,-0.30830176,-0.08881044,0.59348382,-0.30819052,-0.08572856,0.59348382
nominal_07,nominal,2616,4.08000000,-0.30000000,-0.31057988,-0.06405611,0.51071834,-0.30964234,-0.07259100,0.51071834
nominal_07,nominal,2616,4.10000000,-0.30000000,-0.31308547,-0.06329467,0.55201177,-0.31086886,-0.06132625,0.55201177
nominal_07,nominal,2616,4.12000000,-0.30000000,-0.30990543,-0.05226468,0.43962111,-0.31186367,-0.04974034,0.43962111
nominal_07,nominal,2616,4.14000000,-0.30000000,-0.31872232,-0.04435383,0.55877087,-0.31267331,-0.04048236,0.55877087
nominal_07,nominal,2616,4.16000000,-0.30000000,-0.31292228,-0.02817960,0.37349908,-0.31326327,-0.02949772,0.37349908
nominal_07,nominal,2616,4.18000000,-0.30000000,-0.31933218,-0.01613602,0.42865937,-0.31370470,-0.02207136,0.42865937
nominal_07,nominal,2616,4.20000000,-0.30000000,-0.30812763,-0.01190304,0.20581264,-0.31398377,-0.01395371,0.20581264
nominal_07,nominal,2616,4.22000000,-0.30000000,-0.31173708,-0.01374440,0.27998933,-0.31418258,-0.00994067,0.27998933
nominal_07,nominal,2616,4.24000000,-0.30000000,-0.31320182,0.00646940,0.20528576,-0.31427843,-0.00479245,0.20528576
nominal_07,nominal,2616,4.26000000,-0.30000000,-0.31459681,0.00507126,0.23738625,-0.31430051,-0.00110372,0.23738625
nominal_07,nominal,2616,4.28000000,-0.30000000,-0.30960878,0.00139577,0.16597911,-0.31424033,0.00300909,0.16597911
nominal_07,nominal,2616,4.30000000,-0.30000000,-0.30972141,0.00592962,0.14533726,-0.31412523,0.00575463,0.14533726
nominal_07,nominal,2616,4.32000000,-0.30000000,-0.31507826,0.01898766,0.17647032,-0.31396421,0.00805137,0.17647032
nominal_07,nominal,2616,4.34000000,-0.30000000,-0.31445126,0.00774098,0.22141775,-0.31374814,0.01080348,0.22141775
nominal_07,nominal,2616,4.36000000,-0.30000000,-0.31312781,0.00213013,0.22564994,-0.31346349,0.01423243,0.22564994
nominal_07,nominal,2616,4.38000000,-0.30000000,-0.30886269,0.02341032,0.04247686,-0.31311117,0.01761601,0.04247686
nominal_07,nominal,2616,4.40000000,-0.30000000,-0.30773212,0.01825509,0.04790275,-0.31275639,0.01773893,0.04790275
nominal_07,nominal,2616,4.42000000,-0.30000000,-0.31500830,0.01447028,0.19779790,-0.31239737,0.01795075,0.19779790
nominal_07,nominal,2616,4.44000000,-0.30000000,-0.31347636,0.01749321,0.15510838,-0.31198281,0.02072829,0.15510838
nominal_07,nominal,2616,4.46000000,-0.30000000,-0.31305110,0.02927575,0.08854098,-0.31152926,0.02267746,0.08854098
nominal_07,nominal,2616,4.48000000,-0.30000000,-0.31054381,0.02236097,0.07798377,-0.31106092,0.02341691,0.07798377
nominal_07,nominal,2616,4.50000000,-0.30000000,-0.31017595,0.02848628,0.04073574,-0.31058193,0.02394968,0.04073574
nominal_07,nominal,2616,4.52000000,-0.30000000,-0.31053412,0.02651197,0.05705439,-0.31010543,0.02382475,0.05705439
nominal_07,nominal,2616,4.54000000,-0.30000000,-0.30651579,0.02419489,-0.00369030,-0.30962575,0.02398423,-0.00369030
nominal_07,nominal,2616,4.56000000,-0.30000000,-0.31164397,0.01756539,0.12176448,-0.30916384,0.02309552,0.12176448
nominal_07,nominal,2616,4.58000000,-0.30000000,-0.30651933,0.01512921,0.04170191,-0.30867602,0.02439087,0.04170191
nominal_07,nominal,2616,4.60000000,-0.30000000,-0.31287150,0.02319413,0.11571626,-0.30819067,0.02426733,0.11571626
nominal_07,nominal,2616,4.62000000,-0.30000000,-0.30592523,0.02912842,-0.03898803,-0.30768230,0.02541854,-0.03898803
nominal_07,nominal,2616,4.64000000,-0.30000000,-0.30455723,0.01891025,-0.01252104,-0.30720481,0.02387457,-0.01252104
nominal_07,nominal,2616,4.66000000,-0.30000000,-0.30433040,0.02812060,-0.06265582,-0.30674805,0.02283804,-0.06265582
nominal_07,nominal,2616,4.68000000,-0.30000000,-0.30421543,0.01870417,-0.01764311,-0.30632852,0.02097661,-0.01764311
nominal_07,nominal,2616,4.70000000,-0.30000000,-0.30732392,0.02402763,0.01169234,-0.30592948,0.01995189,0.01169234
nominal_07,nominal,2616,4.72000000,-0.30000000,-0.30690963,0.00365517,0.10609741,-0.30554016,0.01946599,0.10609741
nominal_07,nominal,2616,4.74000000,-0.30000000,-0.30108253,0.02247541,-0.09289155,-0.30512781,0.02061731,-0.09289155
nominal_07,nominal,2616,4.76000000,-0.30000000,-0.30557683,0.01810843,0.00984071,-0.30476155,0.01831329,0.00984071
nominal_07,nominal,2616,4.78000000,-0.30000000,-0.30661817,0.01431318,0.04756120,-0.30440451,0.01785200,0.04756120
nominal_07,nominal,2616,4.80000000,-0.30000000,-0.30981350,0.02851081,0.03408886,-0.30404343,0.01805406,0.03408886
nominal_07,nominal,2616,4.82000000,-0.30000000,-0.30379302,0.01743255,-0.01888835,-0.30368307,0.01801792,-0.01888835
nominal_07,nominal,2616,4.84000000,-0.30000000,-0.30551263,0.01384940,0.02998042,-0.30334160,0.01707364,0.02998042
nominal_07,nominal,2616,4.86000000,-0.30000000,-0.30328992,0.02182647,-0.04991371,-0.30300158,0.01700071,-0.04991371
nominal_07,nominal,2616,4.88000000,-0.30000000,-0.30017507,0.01279488,-0.06082312,-0.30269040,0.01555888,-0.06082312
nominal_07,nominal,2616,4.90000000,-0.30000000,-0.29475873,0.02362548,-0.21247029,-0.30241082,0.01397940,-0.21247029
nominal_07,nominal,2616,4.92000000,-0.30000000,-0.30382519,0.01982236,-0.03025843,-0.30221379,0.00985119,-0.03025843
nominal_07,nominal,2616,4.94000000,-0.30000000,-0.29917331,0.01589579,-0.09435931,-0.30203394,0.00899279,-0.09435931
nominal_07,nominal,2616,4.96000000,-0.30000000,-0.30575662,0.01255693,0.04083444,-0.30189266,0.00706360,0.04083444
nominal_07,nominal,2616,4.98000000,-0.30000000,-0.29938732,-0.00256176,0.00178056,-0.30174223,0.00752146,0.00178056
nominal_07,nominal,2616,5.00000000,0.80000000,-0.29954490,0.00258144,12.00000000,-0.30159637,0.00729319,12.00000000
nominal_07,nominal,2616,5.02000000,0.80000000,-0.29780345,0.22228931,12.00000000,-0.29733583,0.21302691,12.00000000
nominal_07,nominal,2616,5.04000000,0.80000000,-0.28674877,0.41041539,12.00000000,-0.28910222,0.41168072,12.00000000
nominal_07,nominal,2616,5.06000000,0.80000000,-0.27588570,0.60091714,12.00000000,-0.27703225,0.60349828,12.00000000
nominal_07,nominal,2616,5.08000000,0.80000000,-0.26551258,0.79162935,12.00000000,-0.26125796,0.78871482,12.00000000
nominal_07,nominal,2616,5.10000000,0.80000000,-0.23770344,0.96851625,12.00000000,-0.24190681,0.96755752,12.00000000
nominal_07,nominal,2616,5.12000000,0.80000000,-0.21935360,1.14081814,12.00000000,-0.21910189,1.14024571,12.00000000
nominal_07,nominal,2616,5.14000000,0.80000000,-0.19212242,1.30000206,11.35819318,-0.19296207,1.30699119,11.35819318
nominal_07,nominal,2616,5.16000000,0.80000000,-0.16339576,1.44937325,10.09425746,-0.16382244,1.45698161,10.09425746
nominal_07,nominal,2616,5.18000000,0.80000000,-0.13447507,1.58404274,8.90033754,-0.13222015,1.58011446,8.90033754
nominal_07,nominal,2616,5.20000000,0.80000000,-0.10034230,1.68056295,7.80334660,-0.09864983,1.67851584,7.80334660
nominal_07,nominal,2616,5.22000000,0.80000000,-0.06591660,1.74575335,6.85773199,-0.06355582,1.75470067,6.85773199
nominal_07,nominal,2616,5.24000000,0.80000000,-0.03358872,1.79981391,6.00552746,-0.02731518,1.81203190,6.00552746
nominal_07,nominal,2616,5.26000000,0.80000000,0.01126856,1.86016680,4.89633196,0.00974006,1.85276177,4.89633196
nominal_07,nominal,2616,5.28000000,0.80000000,0.05192355,1.86425158,4.14411823,0.04720106,1.87305024,4.14411823
nominal_07,nominal,2616,5.30000000,0.80000000,0.08851546,1.88151485,3.39914743,0.08479563,1.87972847,3.39914743
nominal_07,nominal,2616,5.32000000,0.80000000,0.11797280,1.87857765,2.88360132,0.12226341,1.87338917,2.88360132
nominal_07,nominal,2616,5.34000000,0.80000000,0.16030367,1.85985001,2.21528381,0.15943178,1.85841848,2.21528381
nominal_07,nominal,2616,5.36000000,0.80000000,0.20080548,1.83048869,1.63305795,0.19608161,1.83249104,1.63305795
nominal_07,nominal,2616,5.38000000,0.80000000,0.22726788,1.79101712,1.35409261,0.23203084,1.79746170,1.35409261
nominal_07,nominal,2616,5.40000000,0.80000000,0.26565371,1.75347976,0.85083438,0.26720782,1.75884928,0.85083438
nominal_07,nominal,2616,5.42000000,0.80000000,0.30373719,1.70887565,0.38835231,0.30146636,1.71292700,0.38835231
nominal_07,nominal,2616,5.44000000,0.80000000,0.34065580,1.65738862,-0.01874749,0.33467929,1.66064635,-0.01874749
nominal_07,nominal,2616,5.46000000,0.80000000,0.36618257,1.60968807,-0.23972654,0.36674283,1.60317681,-0.23972654
nominal_07,nominal,2616,5.48000000,0.80000000,0.39980298,1.53795314,-0.48621933,0.39762066,1.54389177,-0.48621933
nominal_07,nominal,2616,5.50000000,0.80000000,0.42720718,1.48219365,-0.70069743,0.42726898,1.48241576,-0.70069743
nominal_07,nominal,2616,5.52000000,0.80000000,0.45430034,1.40897863,-0.82229934,0.45565645,1.41937372,-0.82229934
nominal_07,nominal,2616,5.54000000,0.80000000,0.48542122,1.36094472,-1.14230556,0.48278473,1.35641380,-1.14230556
nominal_07,nominal,2616,5.56000000,0.80000000,0.51226622,1.29870253,-1.31430462,0.50858728,1.29012748,-1.31430462
nominal_07,nominal,2616,5.58000000,0.80000000,0.53124045,1.22635536,-1.29410485,0.53305068,1.22316984,-1.29410485
nominal_07,nominal,2616,5.60000000,0.80000000,0.55601444,1.16118269,-1.41417331,0.55622794,1.15886315,-1.41417331
nominal_07,nominal,2616,5.62000000,0.80000000,0.58062116,1.08461776,-1.47426961,0.57812211,1.09470841,-1.47426961
nominal_07,nominal,2616,5.64000000,0.80000000,0.60282344,1.03146097,-1.60812681,0.59875670,1.03172986,-1.60812681
nominal_07,nominal,2616,5.66000000,0.80000000,0.62038189,0.96396426,-1.58669537,0.61812912,0.96862086,-1.58669537
nominal_07,nominal,2616,5.68000000,0.80000000,0.63995451,0.90407319,-1.63954711,0.63629015,0.90805152,-1.63954711
nominal_07,nominal,2616,5.70000000,0.80000000,0.65193835,0.84947337,-1.58225706,0.65326334,0.84865932,-1.58225706
nominal_07,nominal,2616,5.72000000,0.80000000,0.66886264,0.80171895,-1.64812232,0.66910923,0.79229439,-1.64812232
nominal_07,nominal,2616,5.74000000,0.80000000,0.68672435,0.72280175,-1.57504711,0.68384400,0.73673854,-1.57504711
nominal_07,nominal,2616,5.76000000,0.80000000,0.69914169,0.68771674,-1.62313416,0.69753097,0.68434890,-1.62313416
nominal_07,nominal,2616,5.78000000,0.80000000,0.71082965,0.63306286,-1.56024801,0.71018971,0.63293670,-1.56024801
nominal_07,nominal,2616,5.80000000,0.80000000,0.72550254,0.58470863,-1.58258891,0.72187717,0.58437322,-1.58258891
nominal_07,nominal,2616,5.82000000,0.80000000,0.73060287,0.53817315,-1.44171734,0.73261912,0.53709746,-1.44171734
nominal_07,nominal,2616,5.84000000,0.80000000,0.74065545,0.50059764,-1.43478632,0.74249646,0.49386671,-1.43478632
nominal_07,nominal,2616,5.86000000,0.80000000,0.75085710,0.44157893,-1.32332240,0.75154131,0.45224263,-1.32332240
nominal_07,nominal,2616,5.88000000,0.80000000,0.76248720,0.40713310,-1.36043500,0.75982059,0.41396428,-1.36043500
nominal_07,nominal,2616,5.90000000,0.80000000,0.76457400,0.38182256,-1.27144476,0.76734792,0.37636615,-1.27144476
nominal_07,nominal,2616,5.92000000,0.80000000,0.77760325,0.33374513,-1.26558410,0.77417971,0.34158944,-1.26558410
nominal_07,nominal,2616,5.94000000,0.80000000,0.77892942,0.31072294,-1.17434436,0.78034191,0.30811009,-1.17434436
nominal_07,nominal,2616,5.96000000,0.80000000,0.78427405,0.27667853,-1.10032565,0.78588889,0.27734904,-1.10032565
nominal_07,nominal,2616,5.98000000,0.80000000,0.79207006,0.26040216,-1.15927191,0.79086723,0.24891712,-1.15927191
nominal_07,nominal,2616,6.00000000,0.80000000,0.79379026,0.23199419,-1.04819563,0.79527627,0.22045179,-1.04819563
nominal_07,nominal,2616,6.02000000,0.80000000,0.79788194,0.18957871,-0.90976848,0.79917372,0.19487271,-0.90976848
nominal_07,nominal,2616,6.04000000,0.80000000,0.80184084,0.17228013,-0.89453575,0.80262472,0.17255003,-0.89453575
nominal_07,nominal,2616,6.06000000,0.80000000,0.80223926,0.14715080,-0.77606070,0.80564986,0.15125702,-0.77606070
nominal_07,nominal,2616,6.08000000,0.80000000,0.80741803,0.14419195,-0.85448423,0.80830447,0.13273043,-0.85448423
nominal_07,nominal,2616,6.10000000,0.80000000,0.80254653,0.11700998,-0.63088738,0.81057438,0.11349523,-0.63088738
nominal_07,nominal,2616,6.12000000,0.80000000,0.81351354,0.09983888,-0.74243807,0.81254958,0.09876010,-0.74243807
nominal_07,nominal,2616,6.14000000,0.80000000,0.81239335,0.08571402,-0.65165033,0.81420192,0.08261723,-0.65165033
nominal_07,nominal,2616,6.16000000,0.80000000,0.82180248,0.06312395,-0.70806449,0.81557369,0.06858830,-0.70806449
nominal_07,nominal,2616,6.18000000,0.80000000,0.81657452,0.05405441,-0.56861348,0.81665516,0.05407377,-0.56861348
nominal_07,nominal,2616,6.20000000,0.80000000,0.81590199,0.04031397,-0.48780573,0.81750421,0.04245246,-0.48780573
nominal_07,nominal,2616,6.22000000,0.80000000,0.82059184,0.03193676,-0.53033702,0.81815658,0.03261817,-0.53033702
nominal_07,nominal,2616,6.24000000,0.80000000,0.81837829,0.02343722,-0.44799531,0.81860442,0.02239224,-0.44799531
nominal_07,nominal,2616,6.26000000,0.80000000,0.81936043,0.01855085,-0.44124204,0.81888305,0.01393164,-0.44124204
nominal_07,nominal,2616,6.28000000,0.80000000,0.82140369,0.00889056,-0.42971915,0.81900062,0.00587812,-0.42971915
nominal_07,nominal,2616,6.30000000,0.80000000,0.81813343,-0.00165279,-0.31813787,0.81896661,-0.00170046,-0.31813787
nominal_07,nominal,2616,6.32000000,0.80000000,0.81808326,-0.00776366,-0.28668029,0.81882455,-0.00710291,-0.28668029
nominal_07,nominal,2616,6.34000000,0.80000000,0.81836572,-0.01397679,-0.26069901,0.81858896,-0.01177945,-0.26069901
nominal_07,nominal,2616,6.36000000,0.80000000,0.81676123,-0.02653345,-0.16903483,0.81827198,-0.01584909,-0.16903483
nominal_07,nominal,2616,6.38000000,0.80000000,0.81598167,-0.02300036,-0.17266829,0.81790787,-0.01820522,-0.17266829
nominal_07,nominal,2616,6.40000000,0.80000000,0.81947006,-0.01618326,-0.26954481,0.81749702,-0.02054265,-0.26954481
nominal_07,nominal,2616,6.42000000,0.80000000,0.81516735,-0.03187202,-0.11365216,0.81700777,-0.02446256,-0.11365216
nominal_07,nominal,2616,6.44000000,0.80000000,0.81942978,-0.01147737,-0.29234926,0.81649634,-0.02557161,-0.29234926
nominal_07,nominal,2616,6.46000000,0.80000000,0.81200334,-0.04130363,-0.00954196,0.81590214,-0.02970991,-0.00954196
nominal_07,nominal,2616,6.48000000,0.80000000,0.81966725,-0.03220856,-0.19296777,0.81532511,-0.02885129,-0.19296777
nominal_07,nominal,2616,6.50000000,0.80000000,0.81575668,-0.02720225,-0.14760909,0.81470170,-0.03117080,-0.14760909
nominal_07,nominal,2616,6.52000000,0.80000000,0.81148590,-0.04202536,0.00338054,0.81404906,-0.03263189,0.00338054
nominal_07,nominal,2616,6.54000000,0.80000000,0.81563960,-0.03237240,-0.11965076,0.81342004,-0.03145090,-0.11965076
nominal_07,nominal,2616,6.56000000,0.80000000,0.81350888,-0.02951555,-0.09558206,0.81277159,-0.03242244,-0.09558206
nominal_07,nominal,2616,6.58000000,0.80000000,0.81053032,-0.03461365,-0.01647752,0.81211264,-0.03294739,-0.01647752
nominal_07,nominal,2616,6.60000000,0.80000000,0.81167562,-0.03357192,-0.04230163,0.81147072,-0.03209642,-0.04230163
nominal_07,nominal,2616,6.62000000,0.80000000,0.80388145,-0.03195404,0.08990414,0.81083636,-0.03171801,0.08990414
nominal_07,nominal,2616,6.64000000,0.80000000,0.81459290,-0.03713131,-0.07701564,0.81025469,-0.02908326,-0.07701564
nominal_07,nominal,2616,6.66000000,0.80000000,0.81634673,-0.02371286,-0.17567681,0.80966660,-0.02940442,-0.17567681
nominal_07,nominal,2616,6.68000000,0.80000000,0.80799230,-0.04090220,0.06064950,0.80903844,-0.03140809,0.06064950
nominal_07,nominal,2616,6.70000000,0.80000000,0.81149743,-0.03030546,-0.05542643,0.80845272,-0.02928617,-0.05542643
nominal_07,nominal,2616,6.72000000,0.80000000,0.80903058,-0.03421477,0.00852346,0.80786812,-0.02922976,0.00852346
nominal_07,nominal,2616,6.74000000,0.80000000,0.80755116,-0.03120024,0.02008025,0.80730657,-0.02807757,0.02008025
nominal_07,nominal,2616,6.76000000,0.80000000,0.80372463,-0.03035201,0.08471676,0.80677124,-0.02676666,0.08471676
nominal_07,nominal,2616,6.78000000,0.80000000,0.80606200,-0.02428455,0.01230679,0.80628341,-0.02439134,0.01230679
nominal_07,nominal,2616,6.80000000,0.80000000,0.80506823,-0.02092758,0.01340969,0.80581660,-0.02334071,0.01340969
nominal_07,nominal,2616,6.82000000,0.80000000,0.80691657,-0.02391042,-0.00494618,0.80537045,-0.02230731,-0.00494618
nominal_07,nominal,2616,6.84000000,0.80000000,0.80834235,-0.02023486,-0.04898803,0.80493796,-0.02162455,-0.04898803
nominal_07,nominal,2616,6.86000000,0.80000000,0.80481356,-0.02313750,0.02904350,0.80450353,-0.02172128,0.02904350
nominal_07,nominal,2616,6.88000000,0.80000000,0.80446205,-0.02459965,0.04268143,0.80409403,-0.02047525,0.04268143
nominal_07,nominal,2616,6.90000000,0.80000000,0.80343363,-0.02139060,0.04514765,0.80371327,-0.01903799,0.04514765
nominal_07,nominal,2616,6.92000000,0.80000000,0.80606004,-0.01639805,-0.02709045,0.80336111,-0.01760786,-0.02709045
nominal_07,nominal,2616,6.94000000,0.80000000,0.80541560,-0.02357235,0.02038088,0.80301177,-0.01746694,0.02038088
nominal_07,nominal,2616,6.96000000,0.80000000,0.79948008,-0.01854480,0.10208250,0.80268145,-0.01651600,0.10208250
nominal_07,nominal,2616,6.98000000,0.80000000,0.79857516,-0.00521670,0.05173067,0.80239754,-0.01419535,0.05173067
nominal_07,nominal,2616,7.00000000,0.80000000,0.80345951,-0.00255126,-0.04951489,0.80214117,-0.01281887,-0.04951489
nominal_07,nominal,2616,7.02000000,0.80000000,0.80417461,-0.01975475,0.02363085,0.80187661,-0.01322768,0.02363085
nominal_07,nominal,2616,7.04000000,0.80000000,0.80521710,-0.02101072,0.01114576,0.80162928,-0.01236684,0.01114576
nominal_07,nominal,2616,7.06000000,0.80000000,0.80248260,-0.01318889,0.02125759,0.80139428,-0.01174994,0.02125759
nominal_07,nominal,2616,7.08000000,0.80000000,0.79975961,-0.01380375,0.07334587,0.80117466,-0.01098070,0.07334587
nominal_07,nominal,2616,7.10000000,0.80000000,0.80958209,-0.00164512,-0.16425211,0.80098779,-0.00934381,-0.16425211
nominal_07,nominal,2616,7.12000000,0.80000000,0.80179308,-0.00638914,-0.00032968,0.80075095,-0.01184171,-0.00032968
nominal_07,nominal,2616,7.14000000,0.80000000,0.80272732,-0.01310695,0.01644289,0.80052216,-0.01143986,0.01644289
nominal_07,nominal,2616,7.16000000,0.80000000,0.80169377,-0.01697944,0.05440939,0.80030688,-0.01076394,0.05440939
nominal_07,nominal,2616,7.18000000,0.80000000,0.79619886,-0.00524107,0.09462597,0.80011769,-0.00945956,0.09462597
nominal_07,nominal,2616,7.20000000,0.80000000,0.80104675,-0.00865334,0.02442519,0.79996749,-0.00750974,0.02442519
nominal_07,nominal,2616,7.22000000,0.80000000,0.80086372,-0.00716845,0.02029528,0.79983085,-0.00683204,0.02029528
nominal_07,nominal,2616,7.24000000,0.80000000,0.80377533,-0.00749678,-0.03047194,0.79970588,-0.00624855,-0.03047194
nominal_07,nominal,2616,7.26000000,0.80000000,0.80170398,-0.00432351,-0.00905413,0.79957475,-0.00655658,-0.00905413
nominal_07,nominal,2616,7.28000000,0.80000000,0.80235956,-0.00661631,-0.00939057,0.79944502,-0.00648637,-0.00939057
nominal_07,nominal,2616,7.30000000,0.80000000,0.80214143,-0.01264489,0.02467877,0.79931653,-0.00642434,0.02467877
nominal_07,nominal,2616,7.32000000,0.80000000,0.79632594,-0.01118316,0.12204884,0.79920094,-0.00577964,0.12204884
nominal_07,nominal,2616,7.34000000,0.80000000,0.80303452,0.00295038,-0.06937322,0.79913123,-0.00348573,-0.06937322
nominal_07,nominal,2616,7.36000000,0.80000000,0.79807518,-0.00465242,0.05790881,0.79904009,-0.00455660,0.05790881
nominal_07,nominal,2616,7.38000000,0.80000000,0.80054989,-0.00598517,0.02002787,0.79897198,-0.00340576,0.02002787
nominal_07,nominal,2616,7.40000000,0.80000000,0.79820476,-0.00987248,0.08167676,0.79891308,-0.00294478,0.08167676
nominal_07,nominal,2616,7.42000000,0.80000000,0.79756048,0.00029991,0.04241183,0.79888426,-0.00144142,0.04241183
nominal_07,nominal,2616,7.44000000,0.80000000,0.79801740,-0.00415513,0.05646242,0.79887098,-0.00066380,0.05646242
nominal_07,nominal,2616,7.46000000,0.80000000,0.79746123,0.00103672,0.04051424,0.79887754,0.00032824,0.04051424
nominal_07,nominal,2616,7.48000000,0.80000000,0.79640771,0.00968227,0.01624992,0.79889779,0.00101239,0.01624992
nominal_07,nominal,2616,7.50000000,0.80000000,0.79892335,-0.00668763,0.05281778,0.79892292,0.00125648,0.05281778
nominal_07,nominal,2616,7.52000000,0.80000000,0.79961460,0.00069881,0.00344314,0.79896532,0.00211988,0.00344314
nominal_07,nominal,2616,7.54000000,0.80000000,0.79943874,-0.00006093,0.01040736,0.79900744,0.00210603,0.01040736
nominal_07,nominal,2616,7.56000000,0.80000000,0.79748738,0.00348340,0.02781023,0.79905168,0.00221221,0.02781023
nominal_07,nominal,2616,7.58000000,0.80000000,0.79857511,0.00185718,0.01636219,0.79910395,0.00261345,0.01636219
nominal_07,nominal,2616,7.60000000,0.80000000,0.80079672,0.00341358,-0.03140891,0.79916004,0.00280438,-0.03140891
nominal_07,nominal,2616,7.62000000,0.80000000,0.79404891,0.00074411,0.10339900,0.79920341,0.00216872,0.10339900
nominal_07,nominal,2616,7.64000000,0.80000000,0.79914111,-0.00001327,0.01552630,0.79928079,0.00386898,0.01552630
nominal_07,nominal,2616,7.66000000,0.80000000,0.80405761,-0.00300983,-0.05798787,0.79936084,0.00400235,-0.05798787
nominal_07,nominal,2616,7.68000000,0.80000000,0.79675817,-0.00524057,0.08455583,0.79941823,0.00286923,0.08455583
nominal_07,nominal,2616,7.70000000,0.80000000,0.79864741,-0.00318696,0.04028143,0.79950266,0.00422193,0.04028143
nominal_07,nominal,2616,7.72000000,0.80000000,0.79738541,0.01316111,-0.01874298,0.79959803,0.00476808,-0.01874298
nominal_07,nominal,2616,7.74000000,0.80000000,0.79416683,-0.00423160,0.12615508,0.79968367,0.00428227,0.12615508
nominal_07,nominal,2616,7.76000000,0.80000000,0.79882412,0.00002868,0.02102244,0.79980968,0.00630041,0.02102244
nominal_07,nominal,2616,7.78000000,0.80000000,0.79546550,-0.00167509,0.08999647,0.79993857,0.00644445,0.08999647
nominal_07,nominal,2616,7.80000000,0.80000000,0.80286574,0.00392555,-0.07121110,0.80009392,0.00776750,-0.07121110
nominal_07,nominal,2616,7.82000000,0.80000000,0.80072451,0.02089548,-0.11751853,0.80021948,0.00627783,-0.11751853
nominal_07,nominal,2616,7.84000000,0.80000000,0.80005135,-0.00231639,0.01065765,0.80030037,0.00404454,0.01065765
nominal_07,nominal,2616,7.86000000,0.80000000,0.80261687,0.00874804,-0.09084386,0.80038213,0.00408830,-0.09084386
nominal_07,nominal,2616,7.88000000,0.80000000,0.80115745,0.00101417,-0.02590490,0.80042990,0.00238824,-0.02590490
nominal_07,nominal,2616,7.90000000,0.80000000,0.80058035,0.00389191,-0.02990588,0.80046712,0.00186138,-0.02990588
nominal_07,nominal,2616,7.92000000,0.80000000,0.80139380,-0.00295619,-0.01030739,0.80049280,0.00128398,-0.01030739
nominal_07,nominal,2616,7.94000000,0.80000000,0.80416968,0.00081241,-0.07911637,0.80051406,0.00106287,-0.07911637
nominal_07,nominal,2616,7.96000000,0.80000000,0.79590266,-0.00907466,0.11912534,0.80050743,-0.00033177,0.11912534
nominal_07,nominal,2616,7.98000000,0.80000000,0.79924228,-0.00315238,0.11912534,0.80054192,0.00172448,0.11912534
