run_id,scenario,seed,time_s,reference_m,position_measured_m,velocity_measured_m_s,force_command_n,position_true_m,velocity_true_m_s,force_applied_n
sensor_bias_00,sensor_bias,2809,0.00000000,0.00000000,0.12191694,-0.00665496,-2.16123009,0.00000000,0.00000000,-2.16123009
sensor_bias_00,sensor_bias,2809,0.02000000,0.00000000,0.11690594,-0.03676302,-1.92049188,-0.00070054,-0.03502721,-1.92049188
sensor_bias_00,sensor_bias,2809,0.04000000,0.00000000,0.11706589,-0.06012529,-1.80655964,-0.00199982,-0.06496359,-1.80655964
sensor_bias_00,sensor_bias,2809,0.06000000,0.00000000,0.11884972,-0.09027570,-1.68791643,-0.00384056,-0.09203713,-1.68791643
sensor_bias_00,sensor_bias,2809,0.08000000,0.00000000,0.11741898,-0.10962256,-1.56542880,-0.00616593,-0.11626868,-1.56542880
sensor_bias_00,sensor_bias,2809,0.10000000,0.00000000,0.10966335,-0.13225830,-1.31264885,-0.00891978,-0.13769240,-1.31264885
sensor_bias_00,sensor_bias,2809,0.12000000,0.00000000,0.11199842,-0.16481404,-1.19190127,-0.01200562,-0.15429197,-1.19190127
sensor_bias_00,sensor_bias,2809,0.14000000,0.00000000,0.10428329,-0.17126848,-1.02075681,-0.01537304,-0.16837102,-1.02075681
sensor_bias_00,sensor_bias,2809,0.16000000,0.00000000,0.09492429,-0.17737139,-0.82178019,-0.01895701,-0.17919834,-0.82178019
sensor_bias_00,sensor_bias,2809,0.18000000,0.00000000,0.09252789,-0.18291217,-0.75094112,-0.02268567,-0.18643325,-0.75094112
sensor_bias_00,sensor_bias,2809,0.20000000,0.00000000,0.09224359,-0.18306423,-0.74506342,-0.02653116,-0.19227444,-0.74506342
sensor_bias_00,sensor_bias,2809,0.22000000,0.00000000,0.08732462,-0.20209124,-0.56138704,-0.03048760,-0.19782206,-0.56138704
sensor_bias_00,sensor_bias,2809,0.24000000,0.00000000,0.08385130,-0.19048434,-0.55690166,-0.03449169,-0.20020449,-0.55690166
sensor_bias_00,sensor_bias,2809,0.26000000,0.00000000,0.07973618,-0.20701587,-0.40017189,-0.03854036,-0.20243334,-0.40017189
sensor_bias_00,sensor_bias,2809,0.28000000,0.00000000,0.07564718,-0.20072608,-0.35801879,-0.04258129,-0.20204639,-0.35801879
sensor_bias_00,sensor_bias,2809,0.30000000,0.00000000,0.07279253,-0.19960948,-0.31221818,-0.04660107,-0.20098939,-0.31221818
sensor_bias_00,sensor_bias,2809,0.32000000,0.00000000,0.07350262,-0.21557787,-0.24515791,-0.05058559,-0.19922599,-0.24515791
sensor_bias_00,sensor_bias,2809,0.34000000,0.00000000,0.06912585,-0.19719962,-0.25826721,-0.05451431,-0.19643561,-0.25826721
sensor_bias_00,sensor_bias,2809,0.36000000,0.00000000,0.05566127,-0.19338545,-0.03497552,-0.05839335,-0.19395242,-0.03497552
sensor_bias_00,sensor_bias,2809,0.38000000,0.00000000,0.05704808,-0.18195182,-0.11710630,-0.06215205,-0.18793463,-0.11710630
sensor_bias_00,sensor_bias,2809,0.40000000,0.00000000,0.05423786,-0.18297403,-0.06141134,-0.06582109,-0.18345224,-0.06141134
sensor_bias_00,sensor_bias,2809,0.42000000,0.00000000,0.04970905,-0.18165494,0.01351181,-0.06938548,-0.17821938,0.01351181
sensor_bias_00,sensor_bias,2809,0.44000000,0.00000000,0.04712461,-0.16565591,-0.01996342,-0.07282448,-0.17194989,-0.01996342
sensor_bias_00,sensor_bias,2809,0.46000000,0.00000000,0.04817371,-0.16993856,-0.01743406,-0.07615319,-0.16643578,-0.01743406
sensor_bias_00,sensor_bias,2809,0.48000000,0.00000000,0.04354231,-0.16494333,0.04095503,-0.07937455,-0.16106788,0.04095503
sensor_bias_00,sensor_bias,2809,0.50000000,0.00000000,0.03752879,-0.16300126,0.13948800,-0.08247327,-0.15493590,0.13948800
sensor_bias_00,sensor_bias,2809,0.52000000,0.00000000,0.03295777,-0.14884627,0.15099149,-0.08542157,-0.14741517,0.15099149
sensor_bias_00,sensor_bias,2809,0.54000000,0.00000000,0.03213059,-0.12778204,0.06055954,-0.08822084,-0.13996333,0.06055954
sensor_bias_00,sensor_bias,2809,0.56000000,0.00000000,0.03228137,-0.12706882,0.05427947,-0.09090544,-0.13423011,0.05427947
sensor_bias_00,sensor_bias,2809,0.58000000,0.00000000,0.02433888,-0.12699072,0.19685375,-0.09348131,-0.12879332,0.19685375
sensor_bias_00,sensor_bias,2809,0.60000000,0.00000000,0.02903755,-0.11504342,0.05254119,-0.09590591,-0.12123040,0.05254119
sensor_bias_00,sensor_bias,2809,0.62000000,0.00000000,0.02266038,-0.11107788,0.14750253,-0.09823118,-0.11626311,0.14750253
sensor_bias_00,sensor_bias,2809,0.64000000,0.00000000,0.01996393,-0.10708697,0.17608415,-0.10042969,-0.10992542,0.17608415
sensor_bias_00,sensor_bias,2809,0.66000000,0.00000000,0.01430582,-0.09933612,0.23917586,-0.10249648,-0.10333967,0.23917586
sensor_bias_00,sensor_bias,2809,0.68000000,0.00000000,0.01270336,-0.10221243,0.28240173,-0.10441558,-0.09595497,0.28240173
sensor_bias_00,sensor_bias,2809,0.70000000,0.00000000,0.01426709,-0.08384039,0.16239437,-0.10617799,-0.08812042,0.16239437
sensor_bias_00,sensor_bias,2809,0.72000000,0.00000000,0.01043144,-0.08176699,0.22106911,-0.10782792,-0.08249682,0.22106911
sensor_bias_00,sensor_bias,2809,0.74000000,0.00000000,0.00773099,-0.06964395,0.20906199,-0.10935019,-0.07611318,0.20906199
sensor_bias_00,sensor_bias,2809,0.76000000,0.00000000,0.01049612,-0.06253437,0.12374177,-0.11075300,-0.07014088,0.12374177
sensor_bias_00,sensor_bias,2809,0.78000000,0.00000000,0.00831397,-0.05977725,0.14923476,-0.11206809,-0.06575412,0.14923476
sensor_bias_00,sensor_bias,2809,0.80000000,0.00000000,0.00254556,-0.06612563,0.28480809,-0.11329015,-0.06110312,0.28480809
sensor_bias_00,sensor_bias,2809,0.82000000,0.00000000,0.00613181,-0.04802493,0.12975214,-0.11437840,-0.05441278,0.12975214
sensor_bias_00,sensor_bias,2809,0.84000000,0.00000000,0.00117567,-0.05205336,0.23910466,-0.11538766,-0.05046258,0.23910466
sensor_bias_00,sensor_bias,2809,0.86000000,0.00000000,0.00031211,-0.04337281,0.21124605,-0.11628514,-0.04487420,0.21124605
sensor_bias_00,sensor_bias,2809,0.88000000,0.00000000,0.00824258,-0.03216831,0.01247513,-0.11708368,-0.03992705,0.01247513
sensor_bias_00,sensor_bias,2809,0.90000000,0.00000000,-0.00276965,-0.04304740,0.26509080,-0.11785107,-0.03836935,0.26509080
sensor_bias_00,sensor_bias,2809,0.92000000,0.00000000,0.00700416,-0.04142651,0.08105771,-0.11850648,-0.03277038,0.08105771
sensor_bias_00,sensor_bias,2809,0.94000000,0.00000000,0.00418348,-0.03539893,0.10169199,-0.11911336,-0.03034412,0.10169199
sensor_bias_00,sensor_bias,2809,0.96000000,0.00000000,0.00432670,-0.02900702,0.06715453,-0.11966667,-0.02766582,0.06715453
sensor_bias_00,sensor_bias,2809,0.98000000,0.00000000,-0.00118329,-0.01518831,0.09724082,-0.12017944,-0.02563819,0.09724082
sensor_bias_00,sensor_bias,2809,1.00000000,0.50000000,0.00118754,-0.02352697,9.09625921,-0.12064327,-0.02319179,9.09625921
sensor_bias_00,sensor_bias,2809,1.02000000,0.50000000,-0.00184954,0.12272393,8.41967205,-0.11814289,0.12501929,8.41967205
sensor_bias_00,sensor_bias,2809,1.04000000,0.50000000,0.00862665,0.25296039,7.57991842,-0.11299823,0.25723313,7.57991842
sensor_bias_00,sensor_bias,2809,1.06000000,0.50000000,0.01684431,0.37919312,6.80083677,-0.10557126,0.37134840,6.80083677
sensor_bias_00,sensor_bias,2809,1.08000000,0.50000000,0.02605856,0.46644357,6.19872817,-0.09619200,0.46896286,6.19872817
sensor_bias_00,sensor_bias,2809,1.10000000,0.50000000,0.03707356,0.54537159,5.60581800,-0.08512190,0.55350490,5.60581800
sensor_bias_00,sensor_bias,2809,1.12000000,0.50000000,0.04825889,0.61211290,5.07077553,-0.07261055,0.62556743,5.07077553
sensor_bias_00,sensor_bias,2809,1.14000000,0.50000000,0.05613329,0.68512532,4.56397408,-0.05888031,0.68651198,4.56397408
sensor_bias_00,sensor_bias,2809,1.16000000,0.50000000,0.07452430,0.73824128,3.96735615,-0.04413684,0.73717371,3.96735615
sensor_bias_00,sensor_bias,2809,1.18000000,0.50000000,0.09336842,0.78261459,3.40629557,-0.02860792,0.77644606,3.40629557
sensor_bias_00,sensor_bias,2809,1.20000000,0.50000000,0.10526463,0.80711288,3.06967224,-0.01250208,0.80529197,3.06967224
sensor_bias_00,sensor_bias,2809,1.22000000,0.50000000,0.12762969,0.82020625,2.60163428,0.00405198,0.82770289,2.60163428
sensor_bias_00,sensor_bias,2809,1.24000000,0.50000000,0.13818162,0.85014756,2.26199299,0.02088733,0.84176744,2.26199299
sensor_bias_00,sensor_bias,2809,1.26000000,0.50000000,0.16283745,0.84579256,1.83996304,0.03788433,0.84984991,1.83996304
sensor_bias_00,sensor_bias,2809,1.28000000,0.50000000,0.17667063,0.84357178,1.60206980,0.05490069,0.85081812,1.60206980
sensor_bias_00,sensor_bias,2809,1.30000000,0.50000000,0.19410978,0.84298389,1.29110459,0.07185865,0.84789790,1.29110459
sensor_bias_00,sensor_bias,2809,1.32000000,0.50000000,0.20473262,0.84375028,1.09606145,0.08865939,0.84003699,1.09606145
sensor_bias_00,sensor_bias,2809,1.34000000,0.50000000,0.21822610,0.81836697,0.98009542,0.10524502,0.82928187,0.98009542
sensor_bias_00,sensor_bias,2809,1.36000000,0.50000000,0.24091179,0.81886170,0.56927924,0.12158527,0.81701242,0.56927924
sensor_bias_00,sensor_bias,2809,1.38000000,0.50000000,0.25188800,0.79849387,0.47354661,0.13755530,0.79850139,0.47354661
sensor_bias_00,sensor_bias,2809,1.40000000,0.50000000,0.27773934,0.77522793,0.12455228,0.15313664,0.77906726,0.12455228
sensor_bias_00,sensor_bias,2809,1.42000000,0.50000000,0.28492472,0.75485054,0.09710226,0.16822938,0.75463673,0.09710226
sensor_bias_00,sensor_bias,2809,1.44000000,0.50000000,0.29532813,0.73286425,0.01977235,0.18284119,0.73059073,0.01977235
sensor_bias_00,sensor_bias,2809,1.46000000,0.50000000,0.31995176,0.70856612,-0.30196233,0.19696335,0.70610780,-0.30196233
sensor_bias_00,sensor_bias,2809,1.48000000,0.50000000,0.32840739,0.68308588,-0.32676243,0.21050818,0.67724168,-0.32676243
sensor_bias_00,sensor_bias,2809,1.50000000,0.50000000,0.34836516,0.64348114,-0.48797866,0.22348726,0.64895362,-0.48797866
sensor_bias_00,sensor_bias,2809,1.52000000,0.50000000,0.35403615,0.62044075,-0.47485446,0.23586752,0.61901309,-0.47485446
sensor_bias_00,sensor_bias,2809,1.54000000,0.50000000,0.36371094,0.59158866,-0.50474016,0.24767355,0.59030174,-0.50474016
sensor_bias_00,sensor_bias,2809,1.56000000,0.50000000,0.37759017,0.56096028,-0.60142450,0.25891517,0.56208077,-0.60142450
sensor_bias_00,sensor_bias,2809,1.58000000,0.50000000,0.39019295,0.53819722,-0.71445916,0.26958019,0.53325093,-0.71445916
sensor_bias_00,sensor_bias,2809,1.60000000,0.50000000,0.39581313,0.50784524,-0.66386257,0.27965154,0.50356790,-0.66386257
sensor_bias_00,sensor_bias,2809,1.62000000,0.50000000,0.41155373,0.47676179,-0.79177612,0.28916580,0.47571262,-0.79177612
sensor_bias_00,sensor_bias,2809,1.64000000,0.50000000,0.41349598,0.44577891,-0.67182217,0.29810040,0.44672991,-0.67182217
sensor_bias_00,sensor_bias,2809,1.66000000,0.50000000,0.42602828,0.41734218,-0.75521986,0.30651390,0.42067526,-0.75521986
sensor_bias_00,sensor_bias,2809,1.68000000,0.50000000,0.43084118,0.40588134,-0.78454791,0.31439697,0.39415354,-0.78454791
sensor_bias_00,sensor_bias,2809,1.70000000,0.50000000,0.43859954,0.36180663,-0.70382489,0.32175811,0.36805689,-0.70382489
sensor_bias_00,sensor_bias,2809,1.72000000,0.50000000,0.44794273,0.34679505,-0.79694446,0.32864120,0.34415450,-0.79694446
sensor_bias_00,sensor_bias,2809,1.74000000,0.50000000,0.45179831,0.32109571,-0.73784817,0.33503229,0.31955440,-0.73784817
sensor_bias_00,sensor_bias,2809,1.76000000,0.50000000,0.46313348,0.29170404,-0.79492279,0.34096723,0.29674725,-0.79492279
sensor_bias_00,sensor_bias,2809,1.78000000,0.50000000,0.46438526,0.26988501,-0.70835972,0.34644302,0.27378938,-0.70835972
sensor_bias_00,sensor_bias,2809,1.80000000,0.50000000,0.46947203,0.25541919,-0.72759246,0.35150330,0.25301386,-0.72759246
sensor_bias_00,sensor_bias,2809,1.82000000,0.50000000,0.47943846,0.22541305,-0.75695753,0.35615594,0.23263195,-0.75695753
sensor_bias_00,sensor_bias,2809,1.84000000,0.50000000,0.47737811,0.22521179,-0.71886493,0.36040526,0.21246609,-0.71886493
sensor_bias_00,sensor_bias,2809,1.86000000,0.50000000,0.48385733,0.17525137,-0.58568885,0.36427730,0.19360222,-0.58568885
sensor_bias_00,sensor_bias,2809,1.88000000,0.50000000,0.48758354,0.16921176,-0.62256248,0.36782805,0.17753717,-0.62256248
sensor_bias_00,sensor_bias,2809,1.90000000,0.50000000,0.49352247,0.15631119,-0.66496037,0.37105644,0.16141991,-0.66496037
sensor_bias_00,sensor_bias,2809,1.92000000,0.50000000,0.49767712,0.14197958,-0.66808607,0.37395970,0.14516268,-0.66808607
sensor_bias_00,sensor_bias,2809,1.94000000,0.50000000,0.49792356,0.14477190,-0.68648353,0.37654783,0.12940672,-0.68648353
sensor_bias_00,sensor_bias,2809,1.96000000,0.50000000,0.49575827,0.09843006,-0.41579924,0.37882558,0.11388751,-0.41579924
sensor_bias_00,sensor_bias,2809,1.98000000,0.50000000,0.49810824,0.09480520,-0.43997440,0.38089122,0.10328216,-0.43997440
sensor_bias_00,sensor_bias,2809,2.00000000,0.50000000,0.50213410,0.08807410,-0.47878434,0.38274413,0.09264506,-0.47878434
sensor_bias_00,sensor_bias,2809,2.02000000,0.50000000,0.50808860,0.08176247,-0.55440716,0.38437893,0.08174009,-0.55440716
sensor_bias_00,sensor_bias,2809,2.04000000,0.50000000,0.50330113,0.06282371,-0.37353883,0.38577852,0.06997972,-0.37353883
sensor_bias_00,sensor_bias,2809,2.06000000,0.50000000,0.50348177,0.05784349,-0.35188936,0.38700952,0.06154995,-0.35188936
sensor_bias_00,sensor_bias,2809,2.08000000,0.50000000,0.50920245,0.05204925,-0.42589041,0.38808467,0.05375725,-0.42589041
sensor_bias_00,sensor_bias,2809,2.10000000,0.50000000,0.51301668,0.05266230,-0.49761179,0.38898526,0.04502977,-0.49761179
sensor_bias_00,sensor_bias,2809,2.12000000,0.50000000,0.50484969,0.02620316,-0.21831027,0.38969399,0.03543619,-0.21831027
sensor_bias_00,sensor_bias,2809,2.14000000,0.50000000,0.51236679,0.02141839,-0.32969407,0.39030788,0.03069497,-0.32969407
sensor_bias_00,sensor_bias,2809,2.16000000,0.50000000,0.51019435,0.02158249,-0.29141070,0.39079407,0.02430951,-0.29141070
sensor_bias_00,sensor_bias,2809,2.18000000,0.50000000,0.50729990,0.02055948,-0.23419558,0.39116930,0.01876129,-0.23419558
sensor_bias_00,sensor_bias,2809,2.20000000,0.50000000,0.51219916,0.00597041,-0.24943694,0.39145587,0.01432872,-0.24943694
sensor_bias_00,sensor_bias,2809,2.22000000,0.50000000,0.51592764,0.00744929,-0.32394398,0.39165187,0.00979962,-0.32394398
sensor_bias_00,sensor_bias,2809,2.24000000,0.50000000,0.50799792,0.00628630,-0.17539416,0.39173620,0.00421675,-0.17539416
sensor_bias_00,sensor_bias,2809,2.26000000,0.50000000,0.50713160,-0.00774418,-0.08964784,0.39176082,0.00123096,-0.08964784
sensor_bias_00,sensor_bias,2809,2.28000000,0.50000000,0.50505060,-0.00095973,-0.08611219,0.39175555,-0.00026376,-0.08611219
sensor_bias_00,sensor_bias,2809,2.30000000,0.50000000,0.51046810,0.00838381,-0.23034484,0.39172254,-0.00165043,-0.23034484
sensor_bias_00,sensor_bias,2809,2.32000000,0.50000000,0.51329314,-0.00824638,-0.19804471,0.39161599,-0.00532761,-0.19804471
sensor_bias_00,sensor_bias,2809,2.34000000,0.50000000,0.50751101,-0.01078508,-0.08127282,0.39144886,-0.00835647,-0.08127282
sensor_bias_00,sensor_bias,2809,2.36000000,0.50000000,0.51493810,-0.01221007,-0.20783544,0.39126106,-0.00938996,-0.20783544
sensor_bias_00,sensor_bias,2809,2.38000000,0.50000000,0.50700048,-0.01998250,-0.02609621,0.39101227,-0.01243958,-0.02609621
sensor_bias_00,sensor_bias,2809,2.40000000,0.50000000,0.52020843,-0.01863446,-0.27057939,0.39076346,-0.01244020,-0.27057939
sensor_bias_00,sensor_bias,2809,2.42000000,0.50000000,0.51866242,-0.01831739,-0.24433657,0.39043540,-0.01640316,-0.24433657
sensor_bias_00,sensor_bias,2809,2.44000000,0.50000000,0.51251481,-0.01374033,-0.15656491,0.39003927,-0.01980625,-0.15656491
sensor_bias_00,sensor_bias,2809,2.46000000,0.50000000,0.51023308,-0.02239449,-0.07222298,0.38960585,-0.02167129,-0.07222298
sensor_bias_00,sensor_bias,2809,2.48000000,0.50000000,0.50773155,-0.03208921,0.02127810,0.38916373,-0.02210608,0.02127810
sensor_bias_00,sensor_bias,2809,2.50000000,0.50000000,0.51057202,-0.02627647,-0.05891403,0.38874351,-0.02101073,-0.05891403
sensor_bias_00,sensor_bias,2809,2.52000000,0.50000000,0.51272957,-0.02060279,-0.12611836,0.38831847,-0.02125224,-0.12611836
sensor_bias_00,sensor_bias,2809,2.54000000,0.50000000,0.51030501,-0.02251572,-0.07291163,0.38786697,-0.02257475,-0.07291163
sensor_bias_00,sensor_bias,2809,2.56000000,0.50000000,0.50069512,-0.02164008,0.09568819,0.38740717,-0.02299002,0.09568819
sensor_bias_00,sensor_bias,2809,2.58000000,0.50000000,0.50457064,-0.00969098,-0.03381668,0.38699400,-0.02065869,-0.03381668
sensor_bias_00,sensor_bias,2809,2.60000000,0.50000000,0.50339440,-0.02663862,0.07209387,0.38658389,-0.02050540,0.07209387
sensor_bias_00,sensor_bias,2809,2.62000000,0.50000000,0.50682187,-0.01346546,-0.05546632,0.38621107,-0.01864082,-0.05546632
sensor_bias_00,sensor_bias,2809,2.64000000,0.50000000,0.50639711,-0.01321143,-0.04909085,0.38583293,-0.01890691,-0.04909085
sensor_bias_00,sensor_bias,2809,2.66000000,0.50000000,0.50812667,-0.02725692,-0.00999548,0.38545172,-0.01906065,-0.00999548
sensor_bias_00,sensor_bias,2809,2.68000000,0.50000000,0.50426673,-0.00893055,-0.03214830,0.38508021,-0.01857554,-0.03214830
sensor_bias_00,sensor_bias,2809,2.70000000,0.50000000,0.50750070,-0.02414315,-0.01429677,0.38471089,-0.01846593,-0.01429677
sensor_bias_00,sensor_bias,2809,2.72000000,0.50000000,0.50187644,-0.02134891,0.07296858,0.38434948,-0.01807073,0.07296858
sensor_bias_00,sensor_bias,2809,2.74000000,0.50000000,0.50857331,-0.01551013,-0.07676891,0.38402399,-0.01627462,-0.07676891
sensor_bias_00,sensor_bias,2809,2.76000000,0.50000000,0.50183928,-0.01970252,0.06540554,0.38368466,-0.01696630,0.06540554
sensor_bias_00,sensor_bias,2809,2.78000000,0.50000000,0.50342051,-0.01682837,0.02257273,0.38337805,-0.01533027,0.02257273
sensor_bias_00,sensor_bias,2809,2.80000000,0.50000000,0.50547897,-0.01366434,-0.03029967,0.38308917,-0.01444397,-0.03029967
sensor_bias_00,sensor_bias,2809,2.82000000,0.50000000,0.50122290,-0.02076153,0.08179548,0.38280028,-0.01444467,0.08179548
sensor_bias_00,sensor_bias,2809,2.84000000,0.50000000,0.49901261,-0.01675904,0.10156823,0.38254771,-0.01262861,0.10156823
sensor_bias_00,sensor_bias,2809,2.86000000,0.50000000,0.50099561,-0.00849258,0.02454188,0.38233663,-0.01055375,0.02454188
sensor_bias_00,sensor_bias,2809,2.88000000,0.50000000,0.49746556,-0.01188162,0.10502797,0.38214068,-0.00979770,0.10502797
sensor_bias_00,sensor_bias,2809,2.90000000,0.50000000,0.50016200,-0.00953218,0.04474492,0.38198542,-0.00776288,0.04474492
sensor_bias_00,sensor_bias,2809,2.92000000,0.50000000,0.50444920,-0.00674031,-0.04638407,0.38184994,-0.00677415,-0.04638407
sensor_bias_00,sensor_bias,2809,2.94000000,0.50000000,0.49718148,0.00301492,0.03565885,0.38170402,-0.00729591,0.03565885
sensor_bias_00,sensor_bias,2809,2.96000000,0.50000000,0.49960691,-0.00947267,0.05443896,0.38157461,-0.00647029,0.05443896
sensor_bias_00,sensor_bias,2809,2.98000000,0.50000000,0.50196947,-0.00940287,0.01156384,0.38146725,-0.00536833,0.01156384
sensor_bias_00,sensor_bias,2809,3.00000000,-0.30000000,0.49776046,-0.01445839,-12.00000000,0.38136727,-0.00499866,-12.00000000
sensor_bias_00,sensor_bias,2809,3.02000000,-0.30000000,0.50029223,-0.20914188,-12.00000000,0.37738100,-0.19931381,-12.00000000
sensor_bias_00,sensor_bias,2809,3.04000000,-0.30000000,0.49444049,-0.39071207,-12.00000000,0.36964036,-0.38703201,-12.00000000
sensor_bias_00,sensor_bias,2809,3.06000000,-0.30000000,0.47931316,-0.56534095,-11.20093212,0.35827281,-0.56837721,-11.20093212
sensor_bias_00,sensor_bias,2809,3.08000000,-0.30000000,0.46748949,-0.72600010,-10.18481026,0.34366051,-0.73061524,-10.18481026
sensor_bias_00,sensor_bias,2809,3.10000000,-0.30000000,0.44506832,-0.86358280,-9.09331567,0.32624297,-0.87087697,-9.09331567
sensor_bias_00,sensor_bias,2809,3.12000000,-0.30000000,0.42965849,-0.99600817,-8.15381199,0.30646923,-0.98868691,-8.15381199
sensor_bias_00,sensor_bias,2809,3.14000000,-0.30000000,0.40702339,-1.08066637,-7.32308923,0.28472382,-1.08727063,-7.32308923
sensor_bias_00,sensor_bias,2809,3.16000000,-0.30000000,0.38380108,-1.17150335,-6.45090271,0.26134294,-1.16904387,-6.45090271
sensor_bias_00,sensor_bias,2809,3.18000000,-0.30000000,0.35563065,-1.23230449,-5.63982934,0.23666483,-1.23390534,-5.63982934
sensor_bias_00,sensor_bias,2809,3.20000000,-0.30000000,0.33344398,-1.28598225,-4.97208030,0.21099644,-1.28341966,-4.97208030
sensor_bias_00,sensor_bias,2809,3.22000000,-0.30000000,0.30557103,-1.32417900,-4.27938353,0.18458783,-1.32043072,-4.27938353
sensor_bias_00,sensor_bias,2809,3.24000000,-0.30000000,0.27476940,-1.34709775,-3.61036044,0.15768865,-1.34495867,-3.61036044
sensor_bias_00,sensor_bias,2809,3.26000000,-0.30000000,0.25480999,-1.37052765,-3.13394163,0.13053243,-1.35781101,-3.13394163
sensor_bias_00,sensor_bias,2809,3.28000000,-0.30000000,0.22164450,-1.35145789,-2.63231154,0.10328232,-1.36250566,-2.63231154
sensor_bias_00,sensor_bias,2809,3.30000000,-0.30000000,0.19939136,-1.35486049,-2.21474195,0.07610410,-1.35891097,-2.21474195
sensor_bias_00,sensor_bias,2809,3.32000000,-0.30000000,0.17155497,-1.34246941,-1.77564235,0.04913069,-1.34867073,-1.77564235
sensor_bias_00,sensor_bias,2809,3.34000000,-0.30000000,0.14695228,-1.32872626,-1.40150974,0.02249745,-1.33166164,-1.40150974
sensor_bias_00,sensor_bias,2809,3.36000000,-0.30000000,0.11637792,-1.31437090,-0.92294804,-0.00368587,-1.30916640,-0.92294804
sensor_bias_00,sensor_bias,2809,3.38000000,-0.30000000,0.09364925,-1.28117530,-0.67980996,-0.02927945,-1.27967879,-0.67980996
sensor_bias_00,sensor_bias,2809,3.40000000,-0.30000000,0.06711887,-1.25804039,-0.31793777,-0.05422448,-1.24725172,-0.31793777
sensor_bias_00,sensor_bias,2809,3.42000000,-0.30000000,0.04343229,-1.21409816,-0.11129036,-0.07842570,-1.21006066,-0.11129036
sensor_bias_00,sensor_bias,2809,3.44000000,-0.30000000,0.02180411,-1.16650001,0.04002604,-0.10184136,-1.17078307,0.04002604
sensor_bias_00,sensor_bias,2809,3.46000000,-0.30000000,-0.00803941,-1.12896243,0.38952145,-0.12444909,-1.13038655,0.38952145
sensor_bias_00,sensor_bias,2809,3.48000000,-0.30000000,-0.02679855,-1.08032846,0.48401614,-0.14616303,-1.08569719,0.48401614
sensor_bias_00,sensor_bias,2809,3.50000000,-0.30000000,-0.04938703,-1.04607262,0.71932966,-0.16698290,-1.04099354,0.71932966
sensor_bias_00,sensor_bias,2809,3.52000000,-0.30000000,-0.06547417,-0.99800950,0.76858255,-0.18686278,-0.99399382,0.76858255
sensor_bias_00,sensor_bias,2809,3.54000000,-0.30000000,-0.08619799,-0.94719267,0.88752723,-0.20581861,-0.94779149,0.88752723
sensor_bias_00,sensor_bias,2809,3.56000000,-0.30000000,-0.10603373,-0.90288371,1.02302573,-0.22384321,-0.90122997,1.02302573
sensor_bias_00,sensor_bias,2809,3.58000000,-0.30000000,-0.12373241,-0.85586559,1.10651135,-0.24092427,-0.85405317,1.10651135
sensor_bias_00,sensor_bias,2809,3.60000000,-0.30000000,-0.13601447,-0.81169775,1.10674918,-0.25706677,-0.80712496,1.10674918
sensor_bias_00,sensor_bias,2809,3.62000000,-0.30000000,-0.15079158,-0.74879591,1.05822795,-0.27230249,-0.76178609,1.05822795
sensor_bias_00,sensor_bias,2809,3.64000000,-0.30000000,-0.16572355,-0.71847035,1.17537570,-0.28667795,-0.71877286,1.17537570
sensor_bias_00,sensor_bias,2809,3.66000000,-0.30000000,-0.17741974,-0.67776543,1.18238249,-0.30018438,-0.67532129,1.18238249
sensor_bias_00,sensor_bias,2809,3.68000000,-0.30000000,-0.18776407,-0.61894178,1.07446214,-0.31284900,-0.63323133,1.07446214
sensor_bias_00,sensor_bias,2809,3.70000000,-0.30000000,-0.20283961,-0.59677387,1.23498229,-0.32473539,-0.59431939,1.23498229
sensor_bias_00,sensor_bias,2809,3.72000000,-0.30000000,-0.21859964,-0.55653975,1.31749225,-0.33581793,-0.55412694,1.31749225
sensor_bias_00,sensor_bias,2809,3.74000000,-0.30000000,-0.22750630,-0.50989728,1.24459979,-0.34609717,-0.51396177,1.24459979
sensor_bias_00,sensor_bias,2809,3.76000000,-0.30000000,-0.22848759,-0.47904522,1.10800273,-0.35562400,-0.47634157,1.10800273
sensor_bias_00,sensor_bias,2809,3.78000000,-0.30000000,-0.24339027,-0.44524281,1.20723892,-0.36446825,-0.44221240,1.20723892
sensor_bias_00,sensor_bias,2809,3.80000000,-0.30000000,-0.25606997,-0.40024440,1.21048155,-0.37262092,-0.40763359,1.21048155
sensor_bias_00,sensor_bias,2809,3.82000000,-0.30000000,-0.26335923,-0.37615610,1.22124661,-0.38010444,-0.37417616,1.22124661
sensor_bias_00,sensor_bias,2809,3.84000000,-0.30000000,-0.26644306,-0.33658470,1.07889861,-0.38693804,-0.34168014,1.07889861
sensor_bias_00,sensor_bias,2809,3.86000000,-0.30000000,-0.27060589,-0.31054812,1.02364664,-0.39318993,-0.31259439,1.02364664
sensor_bias_00,sensor_bias,2809,3.88000000,-0.30000000,-0.28310156,-0.29238166,1.15773632,-0.39889776,-0.28539157,1.15773632
sensor_bias_00,sensor_bias,2809,3.90000000,-0.30000000,-0.28449622,-0.25850275,1.01344565,-0.40403654,-0.25693908,1.01344565
sensor_bias_00,sensor_bias,2809,3.92000000,-0.30000000,-0.28510682,-0.23370726,0.90045906,-0.40867237,-0.23179107,0.90045906
sensor_bias_00,sensor_bias,2809,3.94000000,-0.30000000,-0.28708997,-0.20498303,0.79253469,-0.41285893,-0.20932801,0.79253469
sensor_bias_00,sensor_bias,2809,3.96000000,-0.30000000,-0.29214808,-0.18816319,0.79948148,-0.41664646,-0.18937671,0.79948148
sensor_bias_00,sensor_bias,2809,3.98000000,-0.30000000,-0.30114178,-0.16061532,0.82362866,-0.42004626,-0.16999016,0.82362866
sensor_bias_00,sensor_bias,2809,4.00000000,-0.30000000,-0.30422680,-0.16290495,0.89060721,-0.42306367,-0.15087043,0.89060721
sensor_bias_00,sensor_bias,2809,4.02000000,-0.30000000,-0.30661091,-0.13418951,0.78994391,-0.42568996,-0.13131428,0.78994391
sensor_bias_00,sensor_bias,2809,4.04000000,-0.30000000,-0.30800960,-0.10639211,0.67613336,-0.42797103,-0.11405351,0.67613336
sensor_bias_00,sensor_bias,2809,4.06000000,-0.30000000,-0.31414347,-0.09876186,0.74839177,-0.42995549,-0.09922328,0.74839177
sensor_bias_00,sensor_bias,2809,4.08000000,-0.30000000,-0.31457591,-0.08061061,0.66541943,-0.43163000,-0.08372543,0.66541943
sensor_bias_00,sensor_bias,2809,4.10000000,-0.30000000,-0.31716513,-0.07349045,0.67642458,-0.43303197,-0.07009847,0.67642458
sensor_bias_00,sensor_bias,2809,4.12000000,-0.30000000,-0.31787120,-0.05697500,0.60655667,-0.43416709,-0.05675578,0.60655667
sensor_bias_00,sensor_bias,2809,4.14000000,-0.30000000,-0.31902372,-0.05950840,0.63996895,-0.43506705,-0.04499843,0.63996895
sensor_bias_00,sensor_bias,2809,4.16000000,-0.30000000,-0.31556722,-0.03376936,0.44905684,-0.43572903,-0.03309872,0.44905684
sensor_bias_00,sensor_bias,2809,4.18000000,-0.30000000,-0.32125652,-0.03049314,0.53508308,-0.43622297,-0.02469713,0.53508308
sensor_bias_00,sensor_bias,2809,4.20000000,-0.30000000,-0.31650024,-0.00972985,0.34565367,-0.43652670,-0.01518654,0.34565367
sensor_bias_00,sensor_bias,2809,4.22000000,-0.30000000,-0.31787627,-0.00327661,0.33815590,-0.43670808,-0.00906893,0.33815590
sensor_bias_00,sensor_bias,2809,4.24000000,-0.30000000,-0.31972183,0.00088083,0.35058888,-0.43677369,-0.00328052,0.35058888
sensor_bias_00,sensor_bias,2809,4.26000000,-0.30000000,-0.31603716,0.00578879,0.25972497,-0.43672343,0.00251287,0.25972497
sensor_bias_00,sensor_bias,2809,4.28000000,-0.30000000,-0.31646923,-0.00579625,0.32542738,-0.43659070,0.00663694,0.32542738
sensor_bias_00,sensor_bias,2809,4.30000000,-0.30000000,-0.31509625,0.00881469,0.22765907,-0.43635698,0.01168584,0.22765907
sensor_bias_00,sensor_bias,2809,4.32000000,-0.30000000,-0.31960394,0.01319691,0.28688639,-0.43605740,0.01497879,0.28688639
sensor_bias_00,sensor_bias,2809,4.34000000,-0.30000000,-0.30958424,0.02440842,0.05047419,-0.43567501,0.01911986,0.05047419
sensor_bias_00,sensor_bias,2809,4.36000000,-0.30000000,-0.31581316,0.02091039,0.18008498,-0.43528923,0.01928878,0.18008498
sensor_bias_00,sensor_bias,2809,4.38000000,-0.30000000,-0.31064843,0.01644806,0.10943149,-0.43485818,0.02155258,0.10943149
sensor_bias_00,sensor_bias,2809,4.40000000,-0.30000000,-0.31537802,0.01665390,0.19353489,-0.43440629,0.02259444,0.19353489
sensor_bias_00,sensor_bias,2809,4.42000000,-0.30000000,-0.31103957,0.02270255,0.08519957,-0.43390701,0.02496400,0.08519957
sensor_bias_00,sensor_bias,2809,4.44000000,-0.30000000,-0.31708390,0.02411012,0.18695958,-0.43339706,0.02549731,0.18695958
sensor_bias_00,sensor_bias,2809,4.46000000,-0.30000000,-0.31250271,0.02680060,0.09104583,-0.43284383,0.02766175,0.09104583
sensor_bias_00,sensor_bias,2809,4.48000000,-0.30000000,-0.31143081,0.03007652,0.05537202,-0.43227986,0.02819823,0.05537202
sensor_bias_00,sensor_bias,2809,4.50000000,-0.30000000,-0.31508285,0.03315333,0.10572472,-0.43171710,0.02813832,0.10572472
sensor_bias_00,sensor_bias,2809,4.52000000,-0.30000000,-0.31655943,0.03396174,0.12826104,-0.43113917,0.02889652,0.12826104
sensor_bias_00,sensor_bias,2809,4.54000000,-0.30000000,-0.31160774,0.03434032,0.03723783,-0.43053928,0.02999423,0.03723783
sensor_bias_00,sensor_bias,2809,4.56000000,-0.30000000,-0.31096206,0.02125494,0.09104238,-0.42994769,0.02957945,0.09104238
sensor_bias_00,sensor_bias,2809,4.58000000,-0.30000000,-0.31495981,0.02278900,0.15533150,-0.42934668,0.03005076,0.15533150
sensor_bias_00,sensor_bias,2809,4.60000000,-0.30000000,-0.30657173,0.03991528,-0.08128528,-0.42871572,0.03154801,-0.08128528
sensor_bias_00,sensor_bias,2809,4.62000000,-0.30000000,-0.31115136,0.02250817,0.08818364,-0.42813253,0.02915957,0.08818364
sensor_bias_00,sensor_bias,2809,4.64000000,-0.30000000,-0.30737177,0.02762294,-0.00542293,-0.42754055,0.02959881,-0.00542293
sensor_bias_00,sensor_bias,2809,4.66000000,-0.30000000,-0.30833610,0.02751577,0.01247092,-0.42697043,0.02850604,0.01247092
sensor_bias_00,sensor_bias,2809,4.68000000,-0.30000000,-0.30605164,0.01973868,0.01023619,-0.42641562,0.02774039,0.01023619
sensor_bias_00,sensor_bias,2809,4.70000000,-0.30000000,-0.30417636,0.01974180,-0.02353442,-0.42587633,0.02696451,-0.02353442
sensor_bias_00,sensor_bias,2809,4.72000000,-0.30000000,-0.30973559,0.03019054,0.02428792,-0.42536298,0.02566764,0.02428792
sensor_bias_00,sensor_bias,2809,4.74000000,-0.30000000,-0.29979602,0.01177220,-0.06253259,-0.42485918,0.02518987,-0.06253259
sensor_bias_00,sensor_bias,2809,4.76000000,-0.30000000,-0.30194597,0.02416134,-0.08577923,-0.42439276,0.02332121,-0.08577923
sensor_bias_00,sensor_bias,2809,4.78000000,-0.30000000,-0.30250750,0.02262841,-0.06800704,-0.42396997,0.02113923,-0.06800704
sensor_bias_00,sensor_bias,2809,4.80000000,-0.30000000,-0.30303644,0.02715724,-0.08113038,-0.42358359,0.01931936,-0.08113038
sensor_bias_00,sensor_bias,2809,4.82000000,-0.30000000,-0.30120701,0.00902999,-0.02342379,-0.42323661,0.01734859,-0.02342379
sensor_bias_00,sensor_bias,2809,4.84000000,-0.30000000,-0.30057993,0.01687194,-0.07392094,-0.42290901,0.01637998,-0.07392094
sensor_bias_00,sensor_bias,2809,4.86000000,-0.30000000,-0.29259781,0.01332707,-0.19987479,-0.42261650,0.01462584,-0.19987479
sensor_bias_00,sensor_bias,2809,4.88000000,-0.30000000,-0.30456480,0.01856505,-0.01065878,-0.42239870,0.01088991,-0.01065878
sensor_bias_00,sensor_bias,2809,4.90000000,-0.30000000,-0.30223702,0.02151155,-0.06729144,-0.42219175,0.01034745,-0.06729144
sensor_bias_00,sensor_bias,2809,4.92000000,-0.30000000,-0.29845957,0.01331799,-0.09431776,-0.42201364,0.00890556,-0.09431776
sensor_bias_00,sensor_bias,2809,4.94000000,-0.30000000,-0.29906842,0.00820354,-0.05778618,-0.42187215,0.00707461,-0.05778618
sensor_bias_00,sensor_bias,2809,4.96000000,-0.30000000,-0.30772232,0.00588947,0.10955434,-0.42175419,0.00589788,0.10955434
sensor_bias_00,sensor_bias,2809,4.98000000,-0.30000000,-0.29673681,0.01390115,-0.12824316,-0.42160473,0.00747320,-0.12824316
sensor_bias_00,sensor_bias,2809,5.00000000,0.80000000,-0.29897990,0.00668184,12.00000000,-0.42150190,0.00514104,12.00000000
sensor_bias_00,sensor_bias,2809,5.02000000,0.80000000,-0.29557915,0.19427422,12.00000000,-0.41751288,0.19945136,12.00000000
sensor_bias_00,sensor_bias,2809,5.04000000,0.80000000,-0.28932182,0.38441711,12.00000000,-0.40976958,0.38716488,12.00000000
sensor_bias_00,sensor_bias,2809,5.06000000,0.80000000,-0.28251792,0.56720580,12.00000000,-0.39839947,0.56850558,12.00000000
sensor_bias_00,sensor_bias,2809,5.08000000,0.80000000,-0.26445210,0.74714721,12.00000000,-0.38352567,0.74368980,12.00000000
sensor_bias_00,sensor_bias,2809,5.10000000,0.80000000,-0.24502342,0.90892149,12.00000000,-0.36526714,0.91292656,12.00000000
sensor_bias_00,sensor_bias,2809,5.12000000,0.80000000,-0.21888462,1.06789901,12.00000000,-0.34373879,1.07641776,12.00000000
sensor_bias_00,sensor_bias,2809,5.14000000,0.80000000,-0.19574316,1.23313344,11.75770965,-0.31905162,1.23435848,11.75770965
sensor_bias_00,sensor_bias,2809,5.16000000,0.80000000,-0.17596404,1.38290138,10.65284576,-0.29139141,1.38301034,10.65284576
sensor_bias_00,sensor_bias,2809,5.18000000,0.80000000,-0.14542452,1.50427803,9.49625120,-0.26121723,1.50870888,9.49625120
sensor_bias_00,sensor_bias,2809,5.20000000,0.80000000,-0.10534947,1.62095345,8.19152311,-0.22898933,1.61139499,8.19152311
sensor_bias_00,sensor_bias,2809,5.22000000,0.80000000,-0.07502147,1.69743712,7.26320084,-0.19520035,1.68944910,7.26320084
sensor_bias_00,sensor_bias,2809,5.24000000,0.80000000,-0.04408949,1.74666512,6.46028519,-0.16020419,1.74980791,6.46028519
sensor_bias_00,sensor_bias,2809,5.26000000,0.80000000,-0.00111072,1.78512836,5.49435127,-0.12430210,1.79510464,5.49435127
sensor_bias_00,sensor_bias,2809,5.28000000,0.80000000,0.03166218,1.81399552,4.76010322,-0.08783793,1.82320859,4.76010322
sensor_bias_00,sensor_bias,2809,5.30000000,0.80000000,0.06642898,1.84179537,3.99530144,-0.05106876,1.83845842,3.99530144
sensor_bias_00,sensor_bias,2809,5.32000000,0.80000000,0.10233409,1.84905290,3.31272183,-0.01425285,1.84079531,3.31272183
sensor_bias_00,sensor_bias,2809,5.34000000,0.80000000,0.14396279,1.84060995,2.60561997,0.02238695,1.83199026,2.60561997
sensor_bias_00,sensor_bias,2809,5.36000000,0.80000000,0.17499664,1.81277580,2.18618141,0.05862743,1.81202408,2.18618141
sensor_bias_00,sensor_bias,2809,5.38000000,0.80000000,0.21245434,1.78367457,1.65744908,0.09434619,1.78593788,1.65744908
sensor_bias_00,sensor_bias,2809,5.40000000,0.80000000,0.24790101,1.75363796,1.16959209,0.12938955,1.75216810,1.16959209
sensor_bias_00,sensor_bias,2809,5.42000000,0.80000000,0.27993612,1.70964427,0.81292843,0.16362231,1.71163807,0.81292843
sensor_bias_00,sensor_bias,2809,5.44000000,0.80000000,0.32308893,1.65849214,0.29193865,0.19695639,1.66670354,0.29193865
sensor_bias_00,sensor_bias,2809,5.46000000,0.80000000,0.35560176,1.61499633,-0.07581340,0.22925340,1.61485081,-0.07581340
sensor_bias_00,sensor_bias,2809,5.48000000,0.80000000,0.38203266,1.55526167,-0.25289625,0.26042937,1.55879829,-0.25289625
sensor_bias_00,sensor_bias,2809,5.50000000,0.80000000,0.41073354,1.50325925,-0.50949992,0.29046494,1.50177874,-0.50949992
sensor_bias_00,sensor_bias,2809,5.52000000,0.80000000,0.43837080,1.44535599,-0.71745432,0.31931567,1.44253620,-0.71745432
sensor_bias_00,sensor_bias,2809,5.54000000,0.80000000,0.46592898,1.38950269,-0.93423510,0.34695436,1.38193460,-0.93423510
sensor_bias_00,sensor_bias,2809,5.56000000,0.80000000,0.49547377,1.31053760,-1.07121582,0.37335190,1.31987703,-1.07121582
sensor_bias_00,sensor_bias,2809,5.58000000,0.80000000,0.51666454,1.24644699,-1.13219671,0.39850602,1.25770624,-1.13219671
sensor_bias_00,sensor_bias,2809,5.60000000,0.80000000,0.54248627,1.19937004,-1.36160306,0.42243918,1.19665781,-1.36160306
sensor_bias_00,sensor_bias,2809,5.62000000,0.80000000,0.56276306,1.13637814,-1.41162586,0.44511846,1.13396396,-1.41162586
sensor_bias_00,sensor_bias,2809,5.64000000,0.80000000,0.58893460,1.07098147,-1.55573021,0.46657022,1.07258782,-1.55573021
sensor_bias_00,sensor_bias,2809,5.66000000,0.80000000,0.61030382,1.01623715,-1.66665441,0.48678941,1.01095989,-1.66665441
sensor_bias_00,sensor_bias,2809,5.68000000,0.80000000,0.62570220,0.95288132,-1.62704625,0.50578194,0.94962645,-1.62704625
sensor_bias_00,sensor_bias,2809,5.70000000,0.80000000,0.63852042,0.89791736,-1.58295440,0.52360229,0.89101720,-1.58295440
sensor_bias_00,sensor_bias,2809,5.72000000,0.80000000,0.66518591,0.83159553,-1.73132406,0.54030453,0.83511232,-1.73132406
sensor_bias_00,sensor_bias,2809,5.74000000,0.80000000,0.68087286,0.77311686,-1.72129578,0.55587855,0.77870075,-1.72129578
sensor_bias_00,sensor_bias,2809,5.76000000,0.80000000,0.68878546,0.71966510,-1.59646368,0.57036589,0.72436688,-1.59646368
sensor_bias_00,sensor_bias,2809,5.78000000,0.80000000,0.70072507,0.67757551,-1.60092874,0.58384390,0.67390079,-1.60092874
sensor_bias_00,sensor_bias,2809,5.80000000,0.80000000,0.71568119,0.61508370,-1.55768003,0.59634541,0.62507565,-1.55768003
sensor_bias_00,sensor_bias,2809,5.82000000,0.80000000,0.72661299,0.57551804,-1.55662392,0.60791760,0.57860905,-1.55662392
sensor_bias_00,sensor_bias,2809,5.84000000,0.80000000,0.73715326,0.53049301,-1.52122368,0.61859234,0.53373709,-1.52122368
sensor_bias_00,sensor_bias,2809,5.86000000,0.80000000,0.74650465,0.49059852,-1.49007635,0.62841158,0.49096226,-1.49007635
sensor_bias_00,sensor_bias,2809,5.88000000,0.80000000,0.76083132,0.45035420,-1.54673472,0.63741447,0.45014443,-1.54673472
sensor_bias_00,sensor_bias,2809,5.90000000,0.80000000,0.77120457,0.41021498,-1.53275716,0.64561035,0.40979409,-1.53275716
sensor_bias_00,sensor_bias,2809,5.92000000,0.80000000,0.77482382,0.37123877,-1.40302267,0.65303116,0.37104018,-1.40302267
sensor_bias_00,sensor_bias,2809,5.94000000,0.80000000,0.77734300,0.33301314,-1.25723977,0.65974525,0.33570456,-1.25723977
sensor_bias_00,sensor_bias,2809,5.96000000,0.80000000,0.78723794,0.30446072,-1.29258655,0.66582387,0.30393129,-1.29258655
sensor_bias_00,sensor_bias,2809,5.98000000,0.80000000,0.79283514,0.27472519,-1.24465853,0.67127715,0.27266386,-1.24465853
sensor_bias_00,sensor_bias,2809,6.00000000,0.80000000,0.79314337,0.24992114,-1.12618625,0.67614184,0.24323471,-1.12618625
sensor_bias_00,sensor_bias,2809,6.02000000,0.80000000,0.79693153,0.21099862,-0.99976066,0.68047634,0.21672477,-0.99976066
sensor_bias_00,sensor_bias,2809,6.04000000,0.80000000,0.80284793,0.20075771,-1.05505122,0.68433962,0.19316382,-1.05505122
sensor_bias_00,sensor_bias,2809,6.06000000,0.80000000,0.80515768,0.15805599,-0.88311816,0.68772975,0.16950666,-0.88311816
sensor_bias_00,sensor_bias,2809,6.08000000,0.80000000,0.80891514,0.14709892,-0.89596701,0.69071853,0.14943919,-0.89596701
sensor_bias_00,sensor_bias,2809,6.10000000,0.80000000,0.81089201,0.13624761,-0.87729417,0.69331543,0.12984477,-0.87729417
sensor_bias_00,sensor_bias,2809,6.12000000,0.80000000,0.81653953,0.11496486,-0.87253578,0.69553979,0.11121820,-0.87253578
sensor_bias_00,sensor_bias,2809,6.14000000,0.80000000,0.81801962,0.09814649,-0.81508553,0.69740582,0.09330112,-0.81508553
sensor_bias_00,sensor_bias,2809,6.16000000,0.80000000,0.81820501,0.07621751,-0.70877782,0.69894428,0.07692342,-0.70877782
sensor_bias_00,sensor_bias,2809,6.18000000,0.80000000,0.81919319,0.05092926,-0.60012365,0.70020078,0.06282467,-0.60012365
sensor_bias_00,sensor_bias,2809,6.20000000,0.80000000,0.82117136,0.05310588,-0.64661390,0.70122009,0.05096554,-0.64661390
sensor_bias_00,sensor_bias,2809,6.22000000,0.80000000,0.82067924,0.04659985,-0.60522551,0.70199520,0.03875556,-0.60522551
sensor_bias_00,sensor_bias,2809,6.24000000,0.80000000,0.82454671,0.03638742,-0.62377779,0.70254782,0.02763088,-0.62377779
sensor_bias_00,sensor_bias,2809,6.26000000,0.80000000,0.81606514,0.01555474,-0.36694630,0.70287948,0.01658321,-0.36694630
sensor_bias_00,sensor_bias,2809,6.28000000,0.80000000,0.82150367,0.01798571,-0.47699467,0.70308094,0.01007309,-0.47699467
sensor_bias_00,sensor_bias,2809,6.30000000,0.80000000,0.82361012,-0.00189792,-0.41549251,0.70312095,0.00200042,-0.41549251
sensor_bias_00,sensor_bias,2809,6.32000000,0.80000000,0.82730561,-0.00323458,-0.47532813,0.70302492,-0.00480141,-0.47532813
sensor_bias_00,sensor_bias,2809,6.34000000,0.80000000,0.82623198,-0.00873304,-0.42851045,0.70277808,-0.01234208,-0.42851045
sensor_bias_00,sensor_bias,2809,6.36000000,0.80000000,0.82489853,-0.02103264,-0.34301037,0.70240072,-0.01886797,-0.34301037
sensor_bias_00,sensor_bias,2809,6.38000000,0.80000000,0.81635078,-0.02485096,-0.17005927,0.70192499,-0.02378660,-0.17005927
sensor_bias_00,sensor_bias,2809,6.40000000,0.80000000,0.82356544,-0.03026712,-0.27284225,0.70141029,-0.02573521,-0.27284225
sensor_bias_00,sensor_bias,2809,6.42000000,0.80000000,0.82502955,-0.02724736,-0.31429505,0.70082462,-0.02928348,-0.31429505
sensor_bias_00,sensor_bias,2809,6.44000000,0.80000000,0.81584076,-0.03444941,-0.11288665,0.70015695,-0.03338311,-0.11288665
sensor_bias_00,sensor_bias,2809,6.46000000,0.80000000,0.81299323,-0.03704868,-0.04863479,0.69947537,-0.03407933,-0.04863479
sensor_bias_00,sensor_bias,2809,6.48000000,0.80000000,0.82051268,-0.02529441,-0.24275628,0.69880116,-0.03371057,-0.24275628
sensor_bias_00,sensor_bias,2809,6.50000000,0.80000000,0.82140227,-0.03633496,-0.20356612,0.69807115,-0.03650047,-0.20356612
sensor_bias_00,sensor_bias,2809,6.52000000,0.80000000,0.82077296,-0.04555666,-0.14612992,0.69729994,-0.03856050,-0.14612992
sensor_bias_00,sensor_bias,2809,6.54000000,0.80000000,0.81950362,-0.04349889,-0.13357076,0.69650754,-0.03961972,-0.13357076
sensor_bias_00,sensor_bias,2809,6.56000000,0.80000000,0.82379006,-0.03810161,-0.23771309,0.69569875,-0.04043943,-0.23771309
sensor_bias_00,sensor_bias,2809,6.58000000,0.80000000,0.81673598,-0.04603483,-0.07107349,0.69484037,-0.04291915,-0.07107349
sensor_bias_00,sensor_bias,2809,6.60000000,0.80000000,0.81408270,-0.04627680,-0.02210456,0.69398809,-0.04261395,-0.02210456
sensor_bias_00,sensor_bias,2809,6.62000000,0.80000000,0.80849551,-0.04193834,0.05677251,0.69315758,-0.04152547,0.05677251
sensor_bias_00,sensor_bias,2809,6.64000000,0.80000000,0.81681188,-0.04616726,-0.07177760,0.69237367,-0.03919557,-0.07177760
sensor_bias_00,sensor_bias,2809,6.66000000,0.80000000,0.81574033,-0.03802226,-0.09321468,0.69159311,-0.03902819,-0.09321468
sensor_bias_00,sensor_bias,2809,6.68000000,0.80000000,0.81177022,-0.04370001,0.00663606,0.69080883,-0.03921393,0.00663606
sensor_bias_00,sensor_bias,2809,6.70000000,0.80000000,0.80418707,-0.03705220,0.10989380,0.69005333,-0.03777508,0.10989380
sensor_bias_00,sensor_bias,2809,6.72000000,0.80000000,0.80883516,-0.03782597,0.03009703,0.68935910,-0.03471157,0.03009703
sensor_bias_00,sensor_bias,2809,6.74000000,0.80000000,0.81311230,-0.02820545,-0.09499411,0.68869819,-0.03304533,-0.09499411
sensor_bias_00,sensor_bias,2809,6.76000000,0.80000000,0.80942286,-0.03585402,0.00965868,0.68802893,-0.03346303,0.00965868
sensor_bias_00,sensor_bias,2809,6.78000000,0.80000000,0.80950828,-0.03167771,-0.01276047,0.68738552,-0.03217043,-0.01276047
sensor_bias_00,sensor_bias,2809,6.80000000,0.80000000,0.80487603,-0.03144130,0.06943795,0.68675982,-0.03128506,0.06943795
sensor_bias_00,sensor_bias,2809,6.82000000,0.80000000,0.80637052,-0.02246538,-0.00234252,0.68617787,-0.02909755,-0.00234252
sensor_bias_00,sensor_bias,2809,6.84000000,0.80000000,0.80786834,-0.03322227,0.02448123,0.68561491,-0.02814766,0.02448123
sensor_bias_00,sensor_bias,2809,6.86000000,0.80000000,0.80531357,-0.02516368,0.03017406,0.68507901,-0.02679529,0.03017406
sensor_bias_00,sensor_bias,2809,6.88000000,0.80000000,0.80638447,-0.02473381,0.00874853,0.68457108,-0.02539656,0.00874853
sensor_bias_00,sensor_bias,2809,6.90000000,0.80000000,0.80072960,-0.02495670,0.11165072,0.68408323,-0.02439256,0.11165072
sensor_bias_00,sensor_bias,2809,6.92000000,0.80000000,0.80398474,-0.01664463,0.01149777,0.68364813,-0.02175491,0.01149777
sensor_bias_00,sensor_bias,2809,6.94000000,0.80000000,0.80078112,-0.02531264,0.11250309,0.68323153,-0.02082999,0.11250309
sensor_bias_00,sensor_bias,2809,6.96000000,0.80000000,0.80336350,-0.02798796,0.07939685,0.68286554,-0.01829947,0.07939685
sensor_bias_00,sensor_bias,2809,6.98000000,0.80000000,0.80634522,-0.01626267,-0.03290052,0.68253771,-0.01639142,-0.03290052
sensor_bias_00,sensor_bias,2809,7.00000000,0.80000000,0.80438778,-0.02400302,0.04103498,0.68221035,-0.01636816,0.04103498
sensor_bias_00,sensor_bias,2809,7.02000000,0.80000000,0.79888476,-0.01942553,0.11720198,0.68190740,-0.01514740,0.11720198
sensor_bias_00,sensor_bias,2809,7.04000000,0.80000000,0.79326991,-0.01286378,0.18546057,0.68165273,-0.01273365,0.18546057
sensor_bias_00,sensor_bias,2809,7.06000000,0.80000000,0.80387322,-0.00979271,-0.02075442,0.68146681,-0.00929557,-0.02075442
sensor_bias_00,sensor_bias,2809,7.08000000,0.80000000,0.80568576,-0.01367980,-0.03394473,0.68128049,-0.00931636,-0.03394473
sensor_bias_00,sensor_bias,2809,7.10000000,0.80000000,0.79638219,-0.01365700,0.13340560,0.68108948,-0.00955022,0.13340560
sensor_bias_00,sensor_bias,2809,7.12000000,0.80000000,0.80025721,-0.01574364,0.07408836,0.68094821,-0.00706388,0.07408836
sensor_bias_00,sensor_bias,2809,7.14000000,0.80000000,0.80459439,0.00083100,-0.08685403,0.68083574,-0.00562330,-0.08685403
sensor_bias_00,sensor_bias,2809,7.16000000,0.80000000,0.80305644,-0.00349943,-0.03751881,0.68069894,-0.00684004,-0.03751881
sensor_bias_00,sensor_bias,2809,7.18000000,0.80000000,0.80650862,-0.00741079,-0.08010120,0.68055462,-0.00721589,-0.08010120
sensor_bias_00,sensor_bias,2809,7.20000000,0.80000000,0.80573971,-0.00075572,-0.09953621,0.68038924,-0.00826912,-0.09953621
sensor_bias_00,sensor_bias,2809,7.22000000,0.80000000,0.79966886,-0.01094341,0.06067768,0.68019721,-0.00960158,0.06067768
sensor_bias_00,sensor_bias,2809,7.24000000,0.80000000,0.79754284,-0.00295236,0.05899073,0.68003136,-0.00829220,0.05899073
sensor_bias_00,sensor_bias,2809,7.26000000,0.80000000,0.80156781,0.00582593,-0.05735024,0.67989027,-0.00705461,-0.05735024
sensor_bias_00,sensor_bias,2809,7.28000000,0.80000000,0.79803633,-0.00961968,0.08344436,0.67973538,-0.00774459,0.08344436
sensor_bias_00,sensor_bias,2809,7.30000000,0.80000000,0.79867695,-0.01441546,0.09589227,0.67961279,-0.00612928,0.09589227
sensor_bias_00,sensor_bias,2809,7.32000000,0.80000000,0.80364860,0.00073747,-0.06936217,0.67952545,-0.00436706,-0.06936217
sensor_bias_00,sensor_bias,2809,7.34000000,0.80000000,0.80226968,-0.00912251,0.00475829,0.67941859,-0.00534295,0.00475829
sensor_bias_00,sensor_bias,2809,7.36000000,0.80000000,0.80321876,-0.00199431,-0.04796613,0.67931690,-0.00508444,-0.04796613
sensor_bias_00,sensor_bias,2809,7.38000000,0.80000000,0.79543665,-0.00919189,0.12809967,0.67920312,-0.00568922,0.12809967
sensor_bias_00,sensor_bias,2809,7.40000000,0.80000000,0.79662394,-0.00041778,0.06285806,0.67913472,-0.00341995,0.06285806
sensor_bias_00,sensor_bias,2809,7.42000000,0.80000000,0.80010781,-0.00824470,0.03928296,0.67908902,-0.00228510,0.03928296
sensor_bias_00,sensor_bias,2809,7.44000000,0.80000000,0.79901222,-0.01403187,0.08793934,0.67905760,-0.00157086,0.08793934
sensor_bias_00,sensor_bias,2809,7.46000000,0.80000000,0.79776851,0.00345118,0.02291087,0.67905576,-0.00009229,0.02291087
sensor_bias_00,sensor_bias,2809,7.48000000,0.80000000,0.79601507,-0.00556562,0.09955679,0.67906140,0.00028216,0.09955679
sensor_bias_00,sensor_bias,2809,7.50000000,0.80000000,0.79981013,-0.00005439,0.00368958,0.67909912,0.00188611,0.00368958
sensor_bias_00,sensor_bias,2809,7.52000000,0.80000000,0.80121836,-0.00628135,0.00947625,0.67913676,0.00188187,0.00947625
sensor_bias_00,sensor_bias,2809,7.54000000,0.80000000,0.79934873,-0.00275564,0.02550112,0.67917619,0.00197157,0.02550112
sensor_bias_00,sensor_bias,2809,7.56000000,0.80000000,0.79820710,0.00562062,0.00416915,0.67922255,0.00231793,0.00416915
sensor_bias_00,sensor_bias,2809,7.58000000,0.80000000,0.79486208,-0.00945870,0.13977613,0.67926868,0.00230681,0.13977613
sensor_bias_00,sensor_bias,2809,7.60000000,0.80000000,0.79948282,0.00085355,0.00504154,0.67935856,0.00449385,0.00504154
sensor_bias_00,sensor_bias,2809,7.62000000,0.80000000,0.80139547,0.00819066,-0.06607182,0.67944702,0.00442300,-0.06607182
sensor_bias_00,sensor_bias,2809,7.64000000,0.80000000,0.79529376,0.00415763,0.06392408,0.67951106,0.00320201,0.06392408
sensor_bias_00,sensor_bias,2809,7.66000000,0.80000000,0.80318160,0.00678294,-0.09118360,0.67959365,0.00412932,-0.09118360
sensor_bias_00,sensor_bias,2809,7.68000000,0.80000000,0.79764863,-0.00907269,0.08768810,0.67964387,0.00251131,0.08768810
sensor_bias_00,sensor_bias,2809,7.70000000,0.80000000,0.79529075,0.00348727,0.06733018,0.67972082,0.00384722,0.06733018
sensor_bias_00,sensor_bias,2809,7.72000000,0.80000000,0.80511501,0.00171891,-0.10066477,0.67981698,0.00480783,-0.10066477
sensor_bias_00,sensor_bias,2809,7.74000000,0.80000000,0.80234231,0.01385124,-0.11141781,0.67987724,0.00301313,-0.11141781
sensor_bias_00,sensor_bias,2809,7.76000000,0.80000000,0.79904389,-0.00419613,0.03819061,0.67989934,0.00110508,0.03819061
sensor_bias_00,sensor_bias,2809,7.78000000,0.80000000,0.79916196,0.00270495,0.00155992,0.67993307,0.00168652,0.00155992
sensor_bias_00,sensor_bias,2809,7.80000000,0.80000000,0.80041687,0.00951477,-0.05507749,0.67996616,0.00165454,-0.05507749
sensor_bias_00,sensor_bias,2809,7.82000000,0.80000000,0.80221757,-0.00057248,-0.03705383,0.67998028,0.00070573,-0.03705383
sensor_bias_00,sensor_bias,2809,7.84000000,0.80000000,0.80398672,-0.00861412,-0.02869044,0.67998190,0.00008123,-0.02869044
sensor_bias_00,sensor_bias,2809,7.86000000,0.80000000,0.80030712,0.00427134,-0.02688493,0.67997417,-0.00038651,-0.02688493
sensor_bias_00,sensor_bias,2809,7.88000000,0.80000000,0.79619554,-0.00500375,0.09349904,0.67995799,-0.00080912,0.09349904
sensor_bias_00,sensor_bias,2809,7.90000000,0.80000000,0.80090408,0.00473325,-0.03993967,0.67997266,0.00073370,-0.03993967
sensor_bias_00,sensor_bias,2809,7.92000000,0.80000000,0.80214619,-0.00085300,-0.03436647,0.67997389,0.00006148,-0.03436647
sensor_bias_00,sensor_bias,2809,7.94000000,0.80000000,0.80140957,0.00574062,-0.05407541,0.67996394,-0.00049758,-0.05407541
sensor_bias_00,sensor_bias,2809,7.96000000,0.80000000,0.79866730,-0.01058528,0.07691502,0.67993680,-0.00135709,0.07691502
sensor_bias_00,sensor_bias,2809,7.98000000,0.80000000,0.79749034,0.00045053,0.07691502,0.67993551,-0.00006445,0.07691502
sensor_bias_01,sensor_bias,2810,0.00000000,0.00000000,0.11719969,0.00614000,-2.14029435,0.00000000,0.00000000,-2.14029435
sensor_bias_01,sensor_bias,2810,0.02000000,0.00000000,0.12303211,-0.02630407,-2.08305766,-0.00070459,-0.03522955,-2.08305766
sensor_bias_01,sensor_bias,2810,0.04000000,0.00000000,0.11859128,-0.05940280,-1.83762913,-0.00207189,-0.06836508,-1.83762913
sensor_bias_01,sensor_bias,2810,0.06000000,0.00000000,0.11892214,-0.08582748,-1.71146120,-0.00399944,-0.09637741,-1.71146120
sensor_bias_01,sensor_bias,2810,0.08000000,0.00000000,0.10870407,-0.11930701,-1.36013818,-0.00642738,-0.12139707,-1.36013818
sensor_bias_01,sensor_bias,2810,0.10000000,0.00000000,0.11688682,-0.14331079,-1.38740881,-0.00922370,-0.13981585,-1.38740881
sensor_bias_01,sensor_bias,2810,0.12000000,0.00000000,0.10727211,-0.14775993,-1.19209829,-0.01238532,-0.15808128,-1.19209829
sensor_bias_01,sensor_bias,2810,0.14000000,0.00000000,0.10176001,-0.16391067,-1.01212687,-0.01583602,-0.17253464,-1.01212687
sensor_bias_01,sensor_bias,2810,0.16000000,0.00000000,0.10125597,-0.17528638,-0.94617555,-0.01950708,-0.18355308,-0.94617555
sensor_bias_01,sensor_bias,2810,0.18000000,0.00000000,0.09937422,-0.17690292,-0.90422133,-0.02336959,-0.19312567,-0.90422133
sensor_bias_01,sensor_bias,2810,0.20000000,0.00000000,0.09114190,-0.19749864,-0.65306103,-0.02740349,-0.20169471,-0.65306103
sensor_bias_01,sensor_bias,2810,0.22000000,0.00000000,0.08940372,-0.21726739,-0.52293000,-0.03152048,-0.20584942,-0.52293000
sensor_bias_01,sensor_bias,2810,0.24000000,0.00000000,0.07675554,-0.20219383,-0.37063054,-0.03567500,-0.20772632,-0.37063054
sensor_bias_01,sensor_bias,2810,0.26000000,0.00000000,0.08100256,-0.20472597,-0.43441627,-0.03981570,-0.20703498,-0.43441627
sensor_bias_01,sensor_bias,2810,0.28000000,0.00000000,0.07687354,-0.20811868,-0.34313032,-0.04396402,-0.20741616,-0.34313032
sensor_bias_01,sensor_bias,2810,0.30000000,0.00000000,0.07135874,-0.21093438,-0.22978545,-0.04808967,-0.20628231,-0.22978545
sensor_bias_01,sensor_bias,2810,0.32000000,0.00000000,0.06427057,-0.20432523,-0.13524408,-0.05215607,-0.20331985,-0.13524408
sensor_bias_01,sensor_bias,2810,0.34000000,0.00000000,0.06127197,-0.19527846,-0.12650322,-0.05613403,-0.19889809,-0.12650322
sensor_bias_01,sensor_bias,2810,0.36000000,0.00000000,0.05806285,-0.19414103,-0.07442621,-0.06002357,-0.19447703,-0.07442621
sensor_bias_01,sensor_bias,2810,0.38000000,0.00000000,0.05798291,-0.20075686,-0.03990812,-0.06381044,-0.18934333,-0.03990812
sensor_bias_01,sensor_bias,2810,0.40000000,0.00000000,0.04704128,-0.19795168,0.14301532,-0.06748662,-0.18380932,0.14301532
sensor_bias_01,sensor_bias,2810,0.42000000,0.00000000,0.05426173,-0.17343308,-0.10954582,-0.07099553,-0.17544530,-0.10954582
sensor_bias_01,sensor_bias,2810,0.44000000,0.00000000,0.04332556,-0.16744398,0.05735983,-0.07442577,-0.17151195,0.05735983
sensor_bias_01,sensor_bias,2810,0.46000000,0.00000000,0.04051254,-0.16683049,0.10492662,-0.07772497,-0.16495991,0.10492662
sensor_bias_01,sensor_bias,2810,0.48000000,0.00000000,0.04274220,-0.15835777,0.02242931,-0.08088175,-0.15783916,0.02242931
sensor_bias_01,sensor_bias,2810,0.50000000,0.00000000,0.03670664,-0.14673947,0.07297793,-0.08392793,-0.15230914,0.07297793
sensor_bias_01,sensor_bias,2810,0.52000000,0.00000000,0.03726964,-0.13799501,0.01912158,-0.08685049,-0.14612790,0.01912158
sensor_bias_01,sensor_bias,2810,0.54000000,0.00000000,0.03104433,-0.13644345,0.12341934,-0.08967120,-0.14103525,0.12341934
sensor_bias_01,sensor_bias,2810,0.56000000,0.00000000,0.02723898,-0.14620111,0.24070383,-0.09235904,-0.13439236,0.24070383
sensor_bias_01,sensor_bias,2810,0.58000000,0.00000000,0.02461782,-0.13298524,0.22180551,-0.09487977,-0.12603615,0.22180551
sensor_bias_01,sensor_bias,2810,0.60000000,0.00000000,0.02798573,-0.13179347,0.15522424,-0.09724505,-0.11826423,0.15522424
sensor_bias_01,sensor_bias,2810,0.62000000,0.00000000,0.02266059,-0.10814497,0.13283429,-0.09948190,-0.11184236,0.13283429
sensor_bias_01,sensor_bias,2810,0.64000000,0.00000000,0.02215225,-0.10260332,0.11427604,-0.10160188,-0.10599901,0.11427604
sensor_bias_01,sensor_bias,2810,0.66000000,0.00000000,0.01556272,-0.10199944,0.22986820,-0.10361492,-0.10065218,0.22986820
sensor_bias_01,sensor_bias,2810,0.68000000,0.00000000,0.01655229,-0.09628006,0.18345906,-0.10548647,-0.09357752,0.18345906
sensor_bias_01,sensor_bias,2810,0.70000000,0.00000000,0.01230767,-0.09472903,0.25210706,-0.10723643,-0.08749808,0.25210706
sensor_bias_01,sensor_bias,2810,0.72000000,0.00000000,0.00908515,-0.08101034,0.24151900,-0.10884618,-0.08048746,0.24151900
sensor_bias_01,sensor_bias,2810,0.74000000,0.00000000,0.00804899,-0.07005149,0.20537558,-0.11032379,-0.07388035,0.20537558
sensor_bias_01,sensor_bias,2810,0.76000000,0.00000000,0.01429320,-0.08289063,0.15717560,-0.11168547,-0.06808419,0.15717560
sensor_bias_01,sensor_bias,2810,0.78000000,0.00000000,0.00791156,-0.05686218,0.14190283,-0.11295089,-0.06327092,0.14190283
sensor_bias_01,sensor_bias,2810,0.80000000,0.00000000,0.00486705,-0.06673649,0.24607555,-0.11412822,-0.05886643,0.24607555
sensor_bias_01,sensor_bias,2810,0.82000000,0.00000000,0.00077894,-0.05735065,0.27273238,-0.11518604,-0.05289125,0.27273238
sensor_bias_01,sensor_bias,2810,0.84000000,0.00000000,0.00416441,-0.05140806,0.18208083,-0.11611950,-0.04667267,0.18208083
sensor_bias_01,sensor_bias,2810,0.86000000,0.00000000,0.00320248,-0.03896574,0.13718399,-0.11696249,-0.04214955,0.13718399
sensor_bias_01,sensor_bias,2810,0.88000000,0.00000000,0.00430158,-0.04339654,0.13955425,-0.11773276,-0.03851332,0.13955425
sensor_bias_01,sensor_bias,2810,0.90000000,0.00000000,-0.00124361,-0.04003568,0.22256344,-0.11843190,-0.03495698,0.22256344
sensor_bias_01,sensor_bias,2810,0.92000000,0.00000000,-0.00499096,-0.02744120,0.22704332,-0.11903491,-0.03015058,0.22704332
sensor_bias_01,sensor_bias,2810,0.94000000,0.00000000,0.00159535,-0.01557962,0.04918179,-0.11954346,-0.02542759,0.04918179
sensor_bias_01,sensor_bias,2810,0.96000000,0.00000000,-0.00144256,-0.02220599,0.13699600,-0.12001919,-0.02378665,0.13699600
sensor_bias_01,sensor_bias,2810,0.98000000,0.00000000,0.00299487,-0.01719207,0.03205263,-0.12043427,-0.02075393,0.03205263
sensor_bias_01,sensor_bias,2810,1.00000000,0.50000000,-0.00143614,-0.00979649,9.07483287,-0.12082522,-0.01954775,9.07483287
sensor_bias_01,sensor_bias,2810,1.02000000,0.50000000,0.00269931,0.12725477,8.31513866,-0.11821594,0.13046444,8.31513866
sensor_bias_01,sensor_bias,2810,1.04000000,0.50000000,0.00677168,0.26433201,7.55644971,-0.11295460,0.26306705,7.55644971
sensor_bias_01,sensor_bias,2810,1.06000000,0.50000000,0.01312840,0.38340397,6.84666890,-0.10537768,0.37884585,6.84666890
sensor_bias_01,sensor_bias,2810,1.08000000,0.50000000,0.02278091,0.48262638,6.17681165,-0.09579456,0.47915597,6.17681165
sensor_bias_01,sensor_bias,2810,1.10000000,0.50000000,0.03794467,0.56115557,5.51121809,-0.08449135,0.56516033,5.51121809
sensor_bias_01,sensor_bias,2810,1.12000000,0.50000000,0.04688235,0.63930046,4.95961542,-0.07174341,0.63739687,4.95961542
sensor_bias_01,sensor_bias,2810,1.14000000,0.50000000,0.06721072,0.70379683,4.27122296,-0.05777957,0.69819204,4.27122296
sensor_bias_01,sensor_bias,2810,1.16000000,0.50000000,0.07655977,0.74931530,3.87534761,-0.04286621,0.74566838,3.87534761
sensor_bias_01,sensor_bias,2810,1.18000000,0.50000000,0.09166812,0.78971553,3.40139620,-0.02716468,0.78507623,3.40139620
sensor_bias_01,sensor_bias,2810,1.20000000,0.50000000,0.10930833,0.81429297,2.96098519,-0.01085680,0.81539426,2.96098519
sensor_bias_01,sensor_bias,2810,1.22000000,0.50000000,0.13158208,0.82935571,2.48474397,0.00589264,0.83747177,2.48474397
sensor_bias_01,sensor_bias,2810,1.24000000,0.50000000,0.14389472,0.85408328,2.13947871,0.02291241,0.85098841,2.13947871
sensor_bias_01,sensor_bias,2810,1.26000000,0.50000000,0.16108500,0.84288642,1.88603794,0.04008001,0.85837999,1.88603794
sensor_bias_01,sensor_bias,2810,1.28000000,0.50000000,0.17477703,0.86581225,1.52495215,0.05730717,0.86135821,1.52495215
sensor_bias_01,sensor_bias,2810,1.30000000,0.50000000,0.19274218,0.85025084,1.27938658,0.07447308,0.85829554,1.27938658
sensor_bias_01,sensor_bias,2810,1.32000000,0.50000000,0.21004675,0.84883643,0.97497641,0.09149890,0.85129096,0.97497641
sensor_bias_01,sensor_bias,2810,1.34000000,0.50000000,0.22934275,0.84057930,0.66893397,0.10828900,0.83950477,0.66893397
sensor_bias_01,sensor_bias,2810,1.36000000,0.50000000,0.24676778,0.82357168,0.44032154,0.12475033,0.82306645,0.44032154
sensor_bias_01,sensor_bias,2810,1.38000000,0.50000000,0.26293179,0.79853831,0.27453625,0.14081838,0.80340261,0.27453625
sensor_bias_01,sensor_bias,2810,1.40000000,0.50000000,0.27898920,0.77988143,0.07878723,0.15645143,0.78165287,0.07878723
sensor_bias_01,sensor_bias,2810,1.42000000,0.50000000,0.29402003,0.76481155,-0.11641824,0.17159928,0.75739222,-0.11641824
sensor_bias_01,sensor_bias,2810,1.44000000,0.50000000,0.30615884,0.72555406,-0.13862945,0.18621351,0.73071170,-0.13862945
sensor_bias_01,sensor_bias,2810,1.46000000,0.50000000,0.32305184,0.70073463,-0.31860633,0.20030427,0.70453795,-0.31860633
sensor_bias_01,sensor_bias,2810,1.48000000,0.50000000,0.34108519,0.67048643,-0.49196563,0.21382942,0.67625755,-0.49196563
sensor_bias_01,sensor_bias,2810,1.50000000,0.50000000,0.35233035,0.64403254,-0.56210898,0.22675039,0.64604831,-0.56210898
sensor_bias_01,sensor_bias,2810,1.52000000,0.50000000,0.35779679,0.62063699,-0.54352715,0.23906383,0.61567224,-0.54352715
sensor_bias_01,sensor_bias,2810,1.54000000,0.50000000,0.37369704,0.58454103,-0.64925180,0.25079574,0.58659523,-0.64925180
sensor_bias_01,sensor_bias,2810,1.56000000,0.50000000,0.37950754,0.54888872,-0.57557923,0.26193031,0.55672870,-0.57557923
sensor_bias_01,sensor_bias,2810,1.58000000,0.50000000,0.39346975,0.52663583,-0.71563467,0.27251134,0.52905137,-0.71563467
sensor_bias_01,sensor_bias,2810,1.60000000,0.50000000,0.40625158,0.50366747,-0.83086579,0.28251081,0.49997367,-0.83086579
sensor_bias_01,sensor_bias,2810,1.62000000,0.50000000,0.41279003,0.47529359,-0.80668840,0.29190981,0.46994999,-0.80668840
sensor_bias_01,sensor_bias,2810,1.64000000,0.50000000,0.41851934,0.43511662,-0.70893119,0.30073593,0.44130595,-0.70893119
sensor_bias_01,sensor_bias,2810,1.66000000,0.50000000,0.43110518,0.40980845,-0.80893545,0.30904008,0.41520758,-0.80893545
sensor_bias_01,sensor_bias,2810,1.68000000,0.50000000,0.43798164,0.38673028,-0.81732086,0.31680641,0.38831645,-0.81732086
sensor_bias_01,sensor_bias,2810,1.70000000,0.50000000,0.43712205,0.37361421,-0.73626789,0.32404974,0.36216655,-0.73626789
sensor_bias_01,sensor_bias,2810,1.72000000,0.50000000,0.45401682,0.33195088,-0.83205717,0.33081386,0.33820581,-0.83205717
sensor_bias_01,sensor_bias,2810,1.74000000,0.50000000,0.45818460,0.30146619,-0.75465374,0.33708290,0.31345180,-0.75465374
sensor_bias_01,sensor_bias,2810,1.76000000,0.50000000,0.46161812,0.28951878,-0.75672011,0.34289852,0.29078124,-0.75672011
sensor_bias_01,sensor_bias,2810,1.78000000,0.50000000,0.47130978,0.27004061,-0.83377916,0.34827488,0.26881792,-0.83377916
sensor_bias_01,sensor_bias,2810,1.80000000,0.50000000,0.47048355,0.25922636,-0.76483559,0.35320097,0.24630433,-0.76483559
sensor_bias_01,sensor_bias,2810,1.82000000,0.50000000,0.48048374,0.22986512,-0.79803290,0.35771420,0.22566168,-0.79803290
sensor_bias_01,sensor_bias,2810,1.84000000,0.50000000,0.48481311,0.20480180,-0.75064502,0.36181715,0.20514754,-0.75064502
sensor_bias_01,sensor_bias,2810,1.86000000,0.50000000,0.48904591,0.18198545,-0.71275353,0.36553883,0.18608416,-0.71275353
sensor_bias_01,sensor_bias,2810,1.88000000,0.50000000,0.49020311,0.17459025,-0.69660729,0.36890419,0.16826779,-0.69660729
sensor_bias_01,sensor_bias,2810,1.90000000,0.50000000,0.49536522,0.15931152,-0.71313149,0.37193019,0.15129973,-0.71313149
sensor_bias_01,sensor_bias,2810,1.92000000,0.50000000,0.48430727,0.14135623,-0.42431209,0.37462247,0.13461448,-0.42431209
sensor_bias_01,sensor_bias,2810,1.94000000,0.50000000,0.49777025,0.12118512,-0.56579013,0.37708705,0.12322878,-0.56579013
sensor_bias_01,sensor_bias,2810,1.96000000,0.50000000,0.49341493,0.11291211,-0.44602925,0.37928478,0.10988662,-0.44602925
sensor_bias_01,sensor_bias,2810,1.98000000,0.50000000,0.50478756,0.09880128,-0.58018251,0.38126382,0.09895198,-0.58018251
sensor_bias_01,sensor_bias,2810,2.00000000,0.50000000,0.50188447,0.09038113,-0.48582611,0.38298716,0.08616668,-0.48582611
sensor_bias_01,sensor_bias,2810,2.02000000,0.50000000,0.50261427,0.07513718,-0.42274272,0.38449421,0.07535255,-0.42274272
sensor_bias_01,sensor_bias,2810,2.04000000,0.50000000,0.50589767,0.07761802,-0.49424819,0.38581281,0.06593036,-0.49424819
sensor_bias_01,sensor_bias,2810,2.06000000,0.50000000,0.50774377,0.06596159,-0.46919581,0.38692560,0.05563926,-0.46919581
sensor_bias_01,sensor_bias,2810,2.08000000,0.50000000,0.51392486,0.04492390,-0.47526702,0.38784754,0.04609700,-0.47526702
sensor_bias_01,sensor_bias,2810,2.10000000,0.50000000,0.50450430,0.03203061,-0.24123037,0.38858288,0.03676682,-0.24123037
sensor_bias_01,sensor_bias,2810,2.12000000,0.50000000,0.51297953,0.04032366,-0.43524979,0.38921476,0.03159398,-0.43524979
sensor_bias_01,sensor_bias,2810,2.14000000,0.50000000,0.51105655,0.01635878,-0.28081180,0.38968269,0.02339668,-0.28081180
sensor_bias_01,sensor_bias,2810,2.16000000,0.50000000,0.51070527,0.02038827,-0.29463618,0.39004288,0.01800949,-0.29463618
sensor_bias_01,sensor_bias,2810,2.18000000,0.50000000,0.50708273,0.00483032,-0.15164071,0.39029430,0.01257088,-0.15164071
sensor_bias_01,sensor_bias,2810,2.20000000,0.50000000,0.51355483,0.01148026,-0.30138827,0.39048757,0.00966383,-0.30138827
sensor_bias_01,sensor_bias,2810,2.22000000,0.50000000,0.51616922,0.00179844,-0.30003825,0.39057531,0.00438696,-0.30003825
sensor_bias_01,sensor_bias,2810,2.24000000,0.50000000,0.51145710,-0.00941369,-0.15915928,0.39056141,-0.00069515,-0.15915928
sensor_bias_01,sensor_bias,2810,2.26000000,0.50000000,0.51296717,0.00461410,-0.25647959,0.39049556,-0.00329221,-0.25647959
sensor_bias_01,sensor_bias,2810,2.28000000,0.50000000,0.51314508,-0.01824854,-0.14536868,0.39034744,-0.00740625,-0.14536868
sensor_bias_01,sensor_bias,2810,2.30000000,0.50000000,0.51283438,-0.01404118,-0.16081297,0.39015630,-0.00955688,-0.16081297
sensor_bias_01,sensor_bias,2810,2.32000000,0.50000000,0.50764947,-0.01066555,-0.08436269,0.38991847,-0.01189141,-0.08436269
sensor_bias_01,sensor_bias,2810,2.34000000,0.50000000,0.50485848,-0.01532487,-0.01082833,0.38966065,-0.01289122,-0.01082833
sensor_bias_01,sensor_bias,2810,2.36000000,0.50000000,0.50748765,-0.00450648,-0.11224534,0.38940769,-0.01264796,-0.11224534
sensor_bias_01,sensor_bias,2810,2.38000000,0.50000000,0.51198462,-0.01250697,-0.15318825,0.38912605,-0.01408198,-0.15318825
sensor_bias_01,sensor_bias,2810,2.40000000,0.50000000,0.51108288,-0.01471569,-0.12591342,0.38880319,-0.01614305,-0.12591342
sensor_bias_01,sensor_bias,2810,2.42000000,0.50000000,0.51030357,-0.01616436,-0.10464245,0.38844943,-0.01768778,-0.10464245
sensor_bias_01,sensor_bias,2810,2.44000000,0.50000000,0.50985232,-0.01743192,-0.09018213,0.38807280,-0.01883187,-0.09018213
sensor_bias_01,sensor_bias,2810,2.46000000,0.50000000,0.51234569,-0.02141257,-0.11515963,0.38767879,-0.01970054,-0.11515963
sensor_bias_01,sensor_bias,2810,2.48000000,0.50000000,0.50928303,-0.02212515,-0.05646873,0.38725975,-0.02095194,-0.05646873
sensor_bias_01,sensor_bias,2810,2.50000000,0.50000000,0.50771377,-0.02092516,-0.03422200,0.38683582,-0.02119637,-0.03422200
sensor_bias_01,sensor_bias,2810,2.52000000,0.50000000,0.51048045,-0.01865259,-0.09538516,0.38641449,-0.02106661,-0.09538516
sensor_bias_01,sensor_bias,2810,2.54000000,0.50000000,0.50420223,-0.02227294,0.03572457,0.38597553,-0.02194786,0.03572457
sensor_bias_01,sensor_bias,2810,2.56000000,0.50000000,0.50286657,-0.02741246,0.08546399,0.38556269,-0.02064220,0.08546399
sensor_bias_01,sensor_bias,2810,2.58000000,0.50000000,0.50616838,-0.01417787,-0.04014139,0.38519148,-0.01856052,-0.04014139
sensor_bias_01,sensor_bias,2810,2.60000000,0.50000000,0.50308904,-0.01393475,0.01407109,0.38481919,-0.01861438,0.01407109
sensor_bias_01,sensor_bias,2810,2.62000000,0.50000000,0.50366675,-0.01552085,0.01160273,0.38446371,-0.01777414,0.01160273
sensor_bias_01,sensor_bias,2810,2.64000000,0.50000000,0.50287839,-0.00906557,-0.00648315,0.38412367,-0.01700200,-0.00648315
sensor_bias_01,sensor_bias,2810,2.66000000,0.50000000,0.50131517,-0.02185363,0.08559508,0.38379261,-0.01655281,0.08559508
sensor_bias_01,sensor_bias,2810,2.68000000,0.50000000,0.49956059,-0.01747873,0.09530307,0.38350056,-0.01460268,0.09530307
sensor_bias_01,sensor_bias,2810,2.70000000,0.50000000,0.50532982,-0.00905853,-0.05064415,0.38324943,-0.01255652,-0.05064415
sensor_bias_01,sensor_bias,2810,2.72000000,0.50000000,0.51034976,-0.00378297,-0.16738078,0.38298983,-0.01297957,-0.16738078
sensor_bias_01,sensor_bias,2810,2.74000000,0.50000000,0.50344524,-0.02036159,0.03979364,0.38268363,-0.01531029,0.03979364
sensor_bias_01,sensor_bias,2810,2.76000000,0.50000000,0.50203296,-0.01425376,0.03467561,0.38240053,-0.01415468,0.03467561
sensor_bias_01,sensor_bias,2810,2.78000000,0.50000000,0.50171851,-0.01321118,0.03512279,0.38213811,-0.01312111,0.03512279
sensor_bias_01,sensor_bias,2810,2.80000000,0.50000000,0.49730961,-0.00634996,0.08017677,0.38189583,-0.01211396,0.08017677
sensor_bias_01,sensor_bias,2810,2.82000000,0.50000000,0.50379147,-0.00136330,-0.06142999,0.38168787,-0.01039816,-0.06142999
sensor_bias_01,sensor_bias,2810,2.84000000,0.50000000,0.49623754,-0.00888738,0.11216126,0.38146648,-0.01106932,0.11216126
sensor_bias_01,sensor_bias,2810,2.86000000,0.50000000,0.50017755,-0.00926691,0.04313871,0.38128926,-0.00886119,0.04313871
sensor_bias_01,sensor_bias,2810,2.88000000,0.50000000,0.50438087,-0.01188130,-0.01944914,0.38113203,-0.00786139,-0.01944914
sensor_bias_01,sensor_bias,2810,2.90000000,0.50000000,0.50026209,-0.01719376,0.08125113,0.38097354,-0.00792449,0.08125113
sensor_bias_01,sensor_bias,2810,2.92000000,0.50000000,0.50312088,0.01309403,-0.12164606,0.38084698,-0.00632798,-0.12164606
sensor_bias_01,sensor_bias,2810,2.94000000,0.50000000,0.50082784,-0.01419651,0.05608148,0.38068451,-0.00812338,0.05608148
sensor_bias_01,sensor_bias,2810,2.96000000,0.50000000,0.50094050,-0.00855078,0.02582486,0.38054582,-0.00693467,0.02582486
sensor_bias_01,sensor_bias,2810,2.98000000,0.50000000,0.50004479,-0.01527876,0.07558763,0.38042016,-0.00628284,0.07558763
sensor_bias_01,sensor_bias,2810,3.00000000,-0.30000000,0.49795923,-0.01100980,-12.00000000,0.38032350,-0.00483323,-12.00000000
sensor_bias_01,sensor_bias,2810,3.02000000,-0.30000000,0.49707393,-0.21306474,-12.00000000,0.37627956,-0.20219691,-12.00000000
sensor_bias_01,sensor_bias,2810,3.04000000,-0.30000000,0.48938719,-0.39013023,-12.00000000,0.36841741,-0.39310744,-12.00000000
sensor_bias_01,sensor_bias,2810,3.06000000,-0.30000000,0.47638732,-0.58524816,-11.04873088,0.35686190,-0.57777582,-11.04873088
sensor_bias_01,sensor_bias,2810,3.08000000,-0.30000000,0.46016030,-0.75164221,-9.92467435,0.34204693,-0.74074812,-9.92467435
sensor_bias_01,sensor_bias,2810,3.10000000,-0.30000000,0.44501681,-0.86890120,-9.06579650,0.32444914,-0.87988963,-9.06579650
sensor_bias_01,sensor_bias,2810,3.12000000,-0.30000000,0.42535312,-0.99980592,-8.05732659,0.30444225,-1.00034441,-8.05732659
sensor_bias_01,sensor_bias,2810,3.14000000,-0.30000000,0.39845916,-1.10496215,-7.04745418,0.28243703,-1.10026115,-7.04745418
sensor_bias_01,sensor_bias,2810,3.16000000,-0.30000000,0.38281231,-1.17751263,-6.40305841,0.25883126,-1.18028830,-6.40305841
sensor_bias_01,sensor_bias,2810,3.18000000,-0.30000000,0.35508056,-1.25035298,-5.53968522,0.23388942,-1.24709197,-5.53968522
sensor_bias_01,sensor_bias,2810,3.20000000,-0.30000000,0.32313020,-1.29059446,-4.76337134,0.20793942,-1.29750014,-4.76337134
sensor_bias_01,sensor_bias,2810,3.22000000,-0.30000000,0.30316206,-1.33539617,-4.17993630,0.18126978,-1.33348188,-4.17993630
sensor_bias_01,sensor_bias,2810,3.24000000,-0.30000000,0.27320832,-1.35637819,-3.53585882,0.15409611,-1.35868372,-3.53585882
sensor_bias_01,sensor_bias,2810,3.26000000,-0.30000000,0.24908688,-1.36600562,-3.05353565,0.12664691,-1.37245993,-3.05353565
sensor_bias_01,sensor_bias,2810,3.28000000,-0.30000000,0.22043464,-1.38956998,-2.41997352,0.09908998,-1.37784660,-2.41997352
sensor_bias_01,sensor_bias,2810,3.30000000,-0.30000000,0.19102426,-1.36973585,-1.98975748,0.07163741,-1.37262862,-1.98975748
sensor_bias_01,sensor_bias,2810,3.32000000,-0.30000000,0.15829164,-1.36287497,-1.43487465,0.04442741,-1.36049983,-1.43487465
sensor_bias_01,sensor_bias,2810,3.34000000,-0.30000000,0.13536270,-1.34137307,-1.12966317,0.01763473,-1.33963416,-1.12966317
sensor_bias_01,sensor_bias,2810,3.36000000,-0.30000000,0.11486119,-1.30971160,-0.91894344,-0.00865381,-1.31442691,-0.91894344
sensor_bias_01,sensor_bias,2810,3.38000000,-0.30000000,0.09190542,-1.28904248,-0.60908510,-0.03438532,-1.28657537,-0.60908510
sensor_bias_01,sensor_bias,2810,3.40000000,-0.30000000,0.05934634,-1.25292116,-0.20362826,-0.05947600,-1.25453418,-0.20362826
sensor_bias_01,sensor_bias,2810,3.42000000,-0.30000000,0.03707404,-1.21332636,-0.00070095,-0.08381334,-1.21686675,-0.00070095
sensor_bias_01,sensor_bias,2810,3.44000000,-0.30000000,0.01324360,-1.17864997,0.25486502,-0.10735515,-1.17709071,0.25486502
sensor_bias_01,sensor_bias,2810,3.46000000,-0.30000000,-0.00698723,-1.12344396,0.34298996,-0.13004332,-1.13440857,0.34298996
sensor_bias_01,sensor_bias,2810,3.48000000,-0.30000000,-0.02830435,-1.08776988,0.54832781,-0.15187675,-1.09167144,0.54832781
sensor_bias_01,sensor_bias,2810,3.50000000,-0.30000000,-0.04777174,-1.03752426,0.64751263,-0.17281579,-1.04695179,0.64751263
sensor_bias_01,sensor_bias,2810,3.52000000,-0.30000000,-0.07275371,-0.99905454,0.90483941,-0.19285702,-1.00206173,0.90483941
sensor_bias_01,sensor_bias,2810,3.54000000,-0.30000000,-0.08966435,-0.96382873,1.03310204,-0.21194510,-0.95440379,1.03310204
sensor_bias_01,sensor_bias,2810,3.56000000,-0.30000000,-0.10536026,-0.91414564,1.06721290,-0.23006896,-0.90619289,1.06721290
sensor_bias_01,sensor_bias,2810,3.58000000,-0.30000000,-0.13171279,-0.86150217,1.27834104,-0.24724889,-0.85899686,1.27834104
sensor_bias_01,sensor_bias,2810,3.60000000,-0.30000000,-0.14182128,-0.80822189,1.19389249,-0.26344627,-0.80986879,1.19389249
sensor_bias_01,sensor_bias,2810,3.62000000,-0.30000000,-0.15649385,-0.75911949,1.21248675,-0.27872101,-0.76373708,1.21248675
sensor_bias_01,sensor_bias,2810,3.64000000,-0.30000000,-0.16892389,-0.71819134,1.23158665,-0.29309716,-0.71880766,1.23158665
sensor_bias_01,sensor_bias,2810,3.66000000,-0.30000000,-0.17874280,-0.66804423,1.15759147,-0.30659782,-0.67503290,1.15759147
sensor_bias_01,sensor_bias,2810,3.68000000,-0.30000000,-0.19870330,-0.62614066,1.30736270,-0.31927597,-0.63390741,1.30736270
sensor_bias_01,sensor_bias,2810,3.70000000,-0.30000000,-0.21169719,-0.58599838,1.34054141,-0.33110920,-0.59166133,1.34054141
sensor_bias_01,sensor_bias,2810,3.72000000,-0.30000000,-0.21891939,-0.54271021,1.25410002,-0.34211420,-0.55025043,1.25410002
sensor_bias_01,sensor_bias,2810,3.74000000,-0.30000000,-0.23589785,-0.49831648,1.33774370,-0.35234653,-0.51161637,1.33774370
sensor_bias_01,sensor_bias,2810,3.76000000,-0.30000000,-0.23972540,-0.46650427,1.24757855,-0.36180391,-0.47286873,1.24757855
sensor_bias_01,sensor_bias,2810,3.78000000,-0.30000000,-0.25399876,-0.44727201,1.40833770,-0.37054135,-0.43687214,1.40833770
sensor_bias_01,sensor_bias,2810,3.80000000,-0.30000000,-0.25938038,-0.39130963,1.22539495,-0.37852948,-0.39940641,1.22539495
sensor_bias_01,sensor_bias,2810,3.82000000,-0.30000000,-0.26348767,-0.36871730,1.18636453,-0.38585302,-0.36617694,1.18636453
sensor_bias_01,sensor_bias,2810,3.84000000,-0.30000000,-0.27247310,-0.33161079,1.16256969,-0.39254655,-0.33467642,1.16256969
sensor_bias_01,sensor_bias,2810,3.86000000,-0.30000000,-0.27988766,-0.31001162,1.18803591,-0.39863850,-0.30459753,1.18803591
sensor_bias_01,sensor_bias,2810,3.88000000,-0.30000000,-0.28423223,-0.28594614,1.14591084,-0.40414015,-0.27508294,1.14591084
sensor_bias_01,sensor_bias,2810,3.90000000,-0.30000000,-0.28302028,-0.24013773,0.89505366,-0.40908469,-0.24722677,0.89505366
sensor_bias_01,sensor_bias,2810,3.92000000,-0.30000000,-0.29266830,-0.21957132,0.96588602,-0.41357290,-0.22441055,0.96588602
sensor_bias_01,sensor_bias,2810,3.94000000,-0.30000000,-0.29421963,-0.19784073,0.88515700,-0.41759639,-0.20117444,0.88515700
sensor_bias_01,sensor_bias,2810,3.96000000,-0.30000000,-0.30251114,-0.19090921,0.99974652,-0.42119693,-0.18002688,0.99974652
sensor_bias_01,sensor_bias,2810,3.98000000,-0.30000000,-0.30962116,-0.15522339,0.94929788,-0.42435062,-0.15768462,0.94929788
sensor_bias_01,sensor_bias,2810,4.00000000,-0.30000000,-0.30754501,-0.13954351,0.83352784,-0.42708869,-0.13690327,0.83352784
sensor_bias_01,sensor_bias,2810,4.02000000,-0.30000000,-0.30841612,-0.11996851,0.75133270,-0.42946282,-0.11870699,0.75133270
sensor_bias_01,sensor_bias,2810,4.04000000,-0.30000000,-0.31441383,-0.10719245,0.79541126,-0.43151200,-0.10245861,0.79541126
sensor_bias_01,sensor_bias,2810,4.06000000,-0.30000000,-0.31475391,-0.08061625,0.66865159,-0.43323232,-0.08601597,0.66865159
sensor_bias_01,sensor_bias,2810,4.08000000,-0.30000000,-0.31270495,-0.07382095,0.59779383,-0.43467626,-0.07219743,0.59779383
sensor_bias_01,sensor_bias,2810,4.10000000,-0.30000000,-0.32126054,-0.04819011,0.62364033,-0.43587621,-0.05999703,0.62364033
sensor_bias_01,sensor_bias,2810,4.12000000,-0.30000000,-0.32291627,-0.04076770,0.61633142,-0.43683161,-0.04777012,0.61633142
sensor_bias_01,sensor_bias,2810,4.14000000,-0.30000000,-0.31626347,-0.03393089,0.46239688,-0.43755287,-0.03606329,0.46239688
sensor_bias_01,sensor_bias,2810,4.16000000,-0.30000000,-0.31579308,-0.02617281,0.41513952,-0.43809833,-0.02727302,0.41513952
sensor_bias_01,sensor_bias,2810,4.18000000,-0.30000000,-0.32190539,-0.01061820,0.44738805,-0.43848929,-0.01954802,0.44738805
sensor_bias_01,sensor_bias,2810,4.20000000,-0.30000000,-0.32579233,0.00059243,0.46129973,-0.43872019,-0.01154479,0.46129973
sensor_bias_01,sensor_bias,2810,4.22000000,-0.30000000,-0.31934445,-0.00567904,0.37659528,-0.43879168,-0.00357426,0.37659528
sensor_bias_01,sensor_bias,2810,4.24000000,-0.30000000,-0.31448122,0.01274081,0.19695796,-0.43873685,0.00274142,0.19695796
sensor_bias_01,sensor_bias,2810,4.26000000,-0.30000000,-0.31767512,0.00265969,0.30485365,-0.43861897,0.00589374,0.30485365
sensor_bias_01,sensor_bias,2810,4.28000000,-0.30000000,-0.31767172,0.01378814,0.24915026,-0.43840459,0.01071897,0.24915026
sensor_bias_01,sensor_bias,2810,4.30000000,-0.30000000,-0.31201620,0.00667974,0.18289290,-0.43811520,0.01446954,0.18289290
sensor_bias_01,sensor_bias,2810,4.32000000,-0.30000000,-0.32061314,0.01091403,0.31646644,-0.43777506,0.01700688,0.31646644
sensor_bias_01,sensor_bias,2810,4.34000000,-0.30000000,-0.31728357,0.02642367,0.17898590,-0.43734187,0.02165989,0.17898590
sensor_bias_01,sensor_bias,2810,4.36000000,-0.30000000,-0.32253303,0.02006252,0.30528194,-0.43686391,0.02389782,0.30528194
sensor_bias_01,sensor_bias,2810,4.38000000,-0.30000000,-0.31426581,0.03036012,0.10498402,-0.43630108,0.02814142,0.10498402
sensor_bias_01,sensor_bias,2810,4.40000000,-0.30000000,-0.31188572,0.01686929,0.12959654,-0.43572210,0.02894934,0.12959654
sensor_bias_01,sensor_bias,2810,4.42000000,-0.30000000,-0.31443929,0.03216925,0.09906101,-0.43511938,0.03013597,0.09906101
sensor_bias_01,sensor_bias,2810,4.44000000,-0.30000000,-0.31162512,0.02952961,0.06160420,-0.43450375,0.03078118,0.06160420
sensor_bias_01,sensor_bias,2810,4.46000000,-0.30000000,-0.31352278,0.03627881,0.06201604,-0.43388798,0.03078875,0.06201604
sensor_bias_01,sensor_bias,2810,4.48000000,-0.30000000,-0.31058636,0.02736341,0.05373753,-0.43327192,0.03080285,0.05373753
sensor_bias_01,sensor_bias,2810,4.50000000,-0.30000000,-0.31524089,0.03930517,0.07781017,-0.43265832,0.03068022,0.07781017
sensor_bias_01,sensor_bias,2810,4.52000000,-0.30000000,-0.31614689,0.03780849,0.10160159,-0.43203916,0.03095785,0.10160159
sensor_bias_01,sensor_bias,2810,4.54000000,-0.30000000,-0.31426957,0.03135685,0.10006793,-0.43140680,0.03161800,0.10006793
sensor_bias_01,sensor_bias,2810,4.56000000,-0.30000000,-0.31371953,0.02366517,0.12862560,-0.43076217,0.03223133,0.12862560
sensor_bias_01,sensor_bias,2810,4.58000000,-0.30000000,-0.30841580,0.04119284,-0.05447989,-0.43009628,0.03329467,-0.05447989
sensor_bias_01,sensor_bias,2810,4.60000000,-0.30000000,-0.31290336,0.03174677,0.07352668,-0.42947009,0.03130929,0.07352668
sensor_bias_01,sensor_bias,2810,4.62000000,-0.30000000,-0.30701161,0.03409153,-0.04424866,-0.42884018,0.03149584,-0.04424866
sensor_bias_01,sensor_bias,2810,4.64000000,-0.30000000,-0.30404974,0.02591101,-0.05665982,-0.42824542,0.02973769,-0.05665982
sensor_bias_01,sensor_bias,2810,4.66000000,-0.30000000,-0.30622007,0.02888615,-0.03246951,-0.42768877,0.02783274,-0.03246951
sensor_bias_01,sensor_bias,2810,4.68000000,-0.30000000,-0.31286214,0.02828321,0.09010246,-0.42716100,0.02638824,0.09010246
sensor_bias_01,sensor_bias,2810,4.70000000,-0.30000000,-0.31003396,0.02028152,0.07920360,-0.42662083,0.02700853,0.07920360
sensor_bias_01,sensor_bias,2810,4.72000000,-0.30000000,-0.30503766,0.02136065,-0.01612547,-0.42607225,0.02742915,-0.01612547
sensor_bias_01,sensor_bias,2810,4.74000000,-0.30000000,-0.30468907,0.01317073,0.01854956,-0.42554691,0.02626687,0.01854956
sensor_bias_01,sensor_bias,2810,4.76000000,-0.30000000,-0.30690829,0.01434846,0.05260698,-0.42503264,0.02571336,0.05260698
sensor_bias_01,sensor_bias,2810,4.78000000,-0.30000000,-0.29966508,0.02060984,-0.10907768,-0.42451787,0.02573854,-0.10907768
sensor_bias_01,sensor_bias,2810,4.80000000,-0.30000000,-0.30061642,0.02471648,-0.11248680,-0.42405584,0.02310154,-0.11248680
sensor_bias_01,sensor_bias,2810,4.82000000,-0.30000000,-0.30701079,0.02054541,0.02346713,-0.42364595,0.02049464,0.02346713
sensor_bias_01,sensor_bias,2810,4.84000000,-0.30000000,-0.30383972,0.02186879,-0.04022904,-0.42324173,0.02021081,-0.04022904
sensor_bias_01,sensor_bias,2810,4.86000000,-0.30000000,-0.30987111,0.01583144,0.09852271,-0.42286398,0.01888780,0.09852271
sensor_bias_01,sensor_bias,2810,4.88000000,-0.30000000,-0.30521957,0.01695402,0.00918216,-0.42246614,0.01989193,0.00918216
sensor_bias_01,sensor_bias,2810,4.90000000,-0.30000000,-0.29890100,0.01126237,-0.07609394,-0.42207829,0.01939267,-0.07609394
sensor_bias_01,sensor_bias,2810,4.92000000,-0.30000000,-0.30136281,0.01952065,-0.07307265,-0.42172816,0.01750608,-0.07307265
sensor_bias_01,sensor_bias,2810,4.94000000,-0.30000000,-0.29601084,0.01452716,-0.14444074,-0.42141355,0.01573090,-0.14444074
sensor_bias_01,sensor_bias,2810,4.96000000,-0.30000000,-0.30448070,0.01299692,0.01566801,-0.42115677,0.01283903,0.01566801
sensor_bias_01,sensor_bias,2810,4.98000000,-0.30000000,-0.30292800,0.01761098,-0.03535100,-0.42090322,0.01267714,-0.03535100
sensor_bias_01,sensor_bias,2810,5.00000000,0.80000000,-0.30333839,0.00437727,12.00000000,-0.42066961,0.01168075,12.00000000
sensor_bias_01,sensor_bias,2810,5.02000000,0.80000000,-0.29869023,0.19989523,12.00000000,-0.41649320,0.20882054,12.00000000
sensor_bias_01,sensor_bias,2810,5.04000000,0.80000000,-0.28329309,0.40498780,12.00000000,-0.40850291,0.39951450,12.00000000
sensor_bias_01,sensor_bias,2810,5.06000000,0.80000000,-0.27843587,0.58027531,12.00000000,-0.39682344,0.58397339,12.00000000
sensor_bias_01,sensor_bias,2810,5.08000000,0.80000000,-0.25961729,0.76089534,12.00000000,-0.38157542,0.76240107,12.00000000
sensor_bias_01,sensor_bias,2810,5.10000000,0.80000000,-0.24012147,0.94271896,12.00000000,-0.36287552,0.93499475,12.00000000
sensor_bias_01,sensor_bias,2810,5.12000000,0.80000000,-0.21672649,1.10505845,12.00000000,-0.34083662,1.10194518,12.00000000
sensor_bias_01,sensor_bias,2810,5.14000000,0.80000000,-0.19207924,1.26240251,11.54541368,-0.31556788,1.26343688,11.54541368
sensor_bias_01,sensor_bias,2810,5.16000000,0.80000000,-0.16575013,1.40734362,10.34678431,-0.28732457,1.41216577,10.34678431
sensor_bias_01,sensor_bias,2810,5.18000000,0.80000000,-0.13685814,1.53169301,9.20498147,-0.25659852,1.53630209,9.20498147
sensor_bias_01,sensor_bias,2810,5.20000000,0.80000000,-0.10548735,1.64592610,8.06914177,-0.22384682,1.63758533,8.06914177
sensor_bias_01,sensor_bias,2810,5.22000000,0.80000000,-0.07267033,1.71701552,7.12298843,-0.18950960,1.71686085,7.12298843
sensor_bias_01,sensor_bias,2810,5.24000000,0.80000000,-0.03699319,1.78254492,6.15315284,-0.15395019,1.77797050,6.15315284
sensor_bias_01,sensor_bias,2810,5.26000000,0.80000000,-0.00222190,1.82352031,5.32239272,-0.11752782,1.82111844,5.32239272
sensor_bias_01,sensor_bias,2810,5.28000000,0.80000000,0.04058929,1.85387363,4.40002459,-0.08054420,1.84918114,4.40002459
sensor_bias_01,sensor_bias,2810,5.30000000,0.80000000,0.07011174,1.85708817,3.85254781,-0.04332132,1.86114398,3.85254781
sensor_bias_01,sensor_bias,2810,5.32000000,0.80000000,0.11541112,1.85993604,3.02291955,-0.00604724,1.86370413,3.02291955
sensor_bias_01,sensor_bias,2810,5.34000000,0.80000000,0.15172386,1.85328288,2.40255610,0.03100326,1.85252476,2.40255610
sensor_bias_01,sensor_bias,2810,5.36000000,0.80000000,0.18883060,1.82905222,1.85578818,0.06763325,1.83149966,1.85578818
sensor_bias_01,sensor_bias,2810,5.38000000,0.80000000,0.22832338,1.80272096,1.27657443,0.10367649,1.80216213,1.27657443
sensor_bias_01,sensor_bias,2810,5.40000000,0.80000000,0.26042682,1.76680381,0.87829821,0.13896149,1.76424990,0.87829821
sensor_bias_01,sensor_bias,2810,5.42000000,0.80000000,0.29480439,1.72062679,0.49038698,0.17338192,1.72102159,0.49038698
sensor_bias_01,sensor_bias,2810,5.44000000,0.80000000,0.32824708,1.67805024,0.10130142,0.20683836,1.67282164,0.10130142
sensor_bias_01,sensor_bias,2810,5.46000000,0.80000000,0.35842513,1.60926048,-0.09795478,0.23923422,1.61979326,-0.09795478
sensor_bias_01,sensor_bias,2810,5.48000000,0.80000000,0.39557608,1.56288955,-0.53481730,0.27053860,1.56521895,-0.53481730
sensor_bias_01,sensor_bias,2810,5.50000000,0.80000000,0.41754662,1.50869394,-0.65930891,0.30064337,1.50523822,-0.65930891
sensor_bias_01,sensor_bias,2810,5.52000000,0.80000000,0.44806314,1.43262315,-0.82825223,0.32954676,1.44516952,-0.82825223
sensor_bias_01,sensor_bias,2810,5.54000000,0.80000000,0.47660824,1.36553029,-1.00659983,0.35723244,1.38428404,-1.00659983
sensor_bias_01,sensor_bias,2810,5.56000000,0.80000000,0.50144224,1.31940021,-1.22296134,0.38368151,1.32245369,-1.22296134
sensor_bias_01,sensor_bias,2810,5.58000000,0.80000000,0.53016666,1.26901819,-1.48809078,0.40886318,1.25908365,-1.48809078
sensor_bias_01,sensor_bias,2810,5.60000000,0.80000000,0.55176156,1.18764169,-1.46991649,0.43273161,1.19342153,-1.46991649
sensor_bias_01,sensor_bias,2810,5.62000000,0.80000000,0.57767359,1.13572955,-1.67677235,0.45533572,1.13020550,-1.67677235
sensor_bias_01,sensor_bias,2810,5.64000000,0.80000000,0.59759974,1.07252663,-1.71942844,0.47664876,1.06565155,-1.71942844
sensor_bias_01,sensor_bias,2810,5.66000000,0.80000000,0.61407532,0.99807896,-1.64375058,0.49669888,1.00250618,-1.64375058
sensor_bias_01,sensor_bias,2810,5.68000000,0.80000000,0.63557827,0.96213976,-1.85110770,0.51555230,0.94267113,-1.85110770
sensor_bias_01,sensor_bias,2810,5.70000000,0.80000000,0.65674285,0.89752942,-1.90901849,0.53317989,0.88137936,-1.90901849
sensor_bias_01,sensor_bias,2810,5.72000000,0.80000000,0.67196505,0.82102171,-1.80047949,0.54960266,0.82113841,-1.80047949
sensor_bias_01,sensor_bias,2810,5.74000000,0.80000000,0.67916777,0.76200749,-1.63505728,0.56489573,0.76465371,-1.63505728
sensor_bias_01,sensor_bias,2810,5.76000000,0.80000000,0.69899916,0.71129040,-1.73843689,0.57915051,0.71273875,-1.73843689
sensor_bias_01,sensor_bias,2810,5.78000000,0.80000000,0.71223015,0.66553335,-1.74780939,0.59236690,0.66081960,-1.74780939
sensor_bias_01,sensor_bias,2810,5.80000000,0.80000000,0.72682938,0.62169194,-1.79138852,0.60457577,0.61044376,-1.79138852
sensor_bias_01,sensor_bias,2810,5.82000000,0.80000000,0.73784511,0.55768974,-1.66966078,0.61579573,0.56099773,-1.66966078
sensor_bias_01,sensor_bias,2810,5.84000000,0.80000000,0.74040300,0.50948816,-1.47469483,0.62609917,0.51517208,-1.47469483
sensor_bias_01,sensor_bias,2810,5.86000000,0.80000000,0.75625412,0.47478195,-1.58648400,0.63558025,0.47405395,-1.58648400
sensor_bias_01,sensor_bias,2810,5.88000000,0.80000000,0.76500650,0.44235390,-1.58188646,0.64422905,0.43244017,-1.58188646
sensor_bias_01,sensor_bias,2810,5.90000000,0.80000000,0.77667713,0.39022450,-1.53131080,0.65207431,0.39226271,-1.53131080
sensor_bias_01,sensor_bias,2810,5.92000000,0.80000000,0.77384268,0.35575149,-1.30792567,0.65915893,0.35423141,-1.30792567
sensor_bias_01,sensor_bias,2810,5.94000000,0.80000000,0.78583570,0.32361915,-1.36313829,0.66558135,0.32112055,-1.36313829
sensor_bias_01,sensor_bias,2810,5.96000000,0.80000000,0.79347710,0.29488641,-1.35701984,0.67134502,0.28818351,-1.35701984
sensor_bias_01,sensor_bias,2810,5.98000000,0.80000000,0.79592175,0.26328418,-1.24301241,0.67647350,0.25642411,-1.24301241
sensor_bias_01,sensor_bias,2810,6.00000000,0.80000000,0.79834860,0.23177915,-1.12917062,0.68102509,0.22757971,-1.12917062
sensor_bias_01,sensor_bias,2810,6.02000000,0.80000000,0.80857488,0.20061969,-1.15744630,0.68505614,0.20155229,-1.15744630
sensor_bias_01,sensor_bias,2810,6.04000000,0.80000000,0.80514181,0.18027609,-0.99393301,0.68857435,0.17591045,-0.99393301
sensor_bias_01,sensor_bias,2810,6.06000000,0.80000000,0.81235809,0.15175300,-0.98121054,0.69165032,0.15379848,-0.98121054
sensor_bias_01,sensor_bias,2810,6.08000000,0.80000000,0.81781639,0.12944079,-0.96789889,0.69430269,0.13261890,-0.96789889
sensor_bias_01,sensor_bias,2810,6.10000000,0.80000000,0.81817329,0.11013706,-0.87780452,0.69654971,0.11235094,-0.87780452
sensor_bias_01,sensor_bias,2810,6.12000000,0.80000000,0.81835475,0.08587024,-0.75973674,0.69843429,0.09422865,-0.75973674
sensor_bias_01,sensor_bias,2810,6.14000000,0.80000000,0.81823120,0.07026143,-0.67946877,0.70000713,0.07864230,-0.67946877
sensor_bias_01,sensor_bias,2810,6.16000000,0.80000000,0.81803559,0.05659451,-0.60761311,0.70130487,0.06488680,-0.60761311
sensor_bias_01,sensor_bias,2810,6.18000000,0.80000000,0.82130916,0.05351856,-0.65115776,0.70236015,0.05276382,-0.65115776
sensor_bias_01,sensor_bias,2810,6.20000000,0.80000000,0.82518305,0.03493677,-0.62797875,0.70316655,0.04032046,-0.62797875
sensor_bias_01,sensor_bias,2810,6.22000000,0.80000000,0.82268958,0.01778958,-0.49736027,0.70373986,0.02866549,-0.49736027
sensor_bias_01,sensor_bias,2810,6.24000000,0.80000000,0.82415709,0.01788242,-0.52423969,0.70413070,0.01954161,-0.52423969
sensor_bias_01,sensor_bias,2810,6.26000000,0.80000000,0.82745977,0.01114188,-0.54998529,0.70433617,0.01027360,-0.54998529
sensor_bias_01,sensor_bias,2810,6.28000000,0.80000000,0.82774088,-0.00130319,-0.49281990,0.70435387,0.00088485,-0.49281990
sensor_bias_01,sensor_bias,2810,6.30000000,0.80000000,0.82395557,0.00139934,-0.43819694,0.70420875,-0.00725597,-0.43819694
sensor_bias_01,sensor_bias,2810,6.32000000,0.80000000,0.82537036,-0.01802867,-0.36652317,0.70392412,-0.01423151,-0.36652317
sensor_bias_01,sensor_bias,2810,6.34000000,0.80000000,0.82297726,-0.02349966,-0.29609235,0.70352813,-0.01979921,-0.29609235
sensor_bias_01,sensor_bias,2810,6.36000000,0.80000000,0.81931661,-0.01544317,-0.27048306,0.70304762,-0.02402556,-0.27048306
sensor_bias_01,sensor_bias,2810,6.38000000,0.80000000,0.82142732,-0.02322492,-0.26956708,0.70249378,-0.02769219,-0.26956708
sensor_bias_01,sensor_bias,2810,6.40000000,0.80000000,0.82194857,-0.03327247,-0.22871184,0.70186930,-0.03122386,-0.22871184
sensor_bias_01,sensor_bias,2810,6.42000000,0.80000000,0.82540230,-0.02766920,-0.31889545,0.70118995,-0.03396757,-0.31889545
sensor_bias_01,sensor_bias,2810,6.44000000,0.80000000,0.82067633,-0.04317978,-0.15627510,0.70042783,-0.03810601,-0.15627510
sensor_bias_01,sensor_bias,2810,6.46000000,0.80000000,0.82270418,-0.03374423,-0.23995415,0.69963918,-0.03943237,-0.23995415
sensor_bias_01,sensor_bias,2810,6.48000000,0.80000000,0.82014802,-0.03539616,-0.18568349,0.69879733,-0.04209274,-0.18568349
sensor_bias_01,sensor_bias,2810,6.50000000,0.80000000,0.81924554,-0.05968311,-0.04800427,0.69792187,-0.04377282,-0.04800427
sensor_bias_01,sensor_bias,2810,6.52000000,0.80000000,0.81400797,-0.04571682,-0.02355943,0.69705923,-0.04313175,-0.02355943
sensor_bias_01,sensor_bias,2810,6.54000000,0.80000000,0.81176955,-0.03905119,-0.01659600,0.69621705,-0.04210928,-0.01659600
sensor_bias_01,sensor_bias,2810,6.56000000,0.80000000,0.81488970,-0.03229289,-0.10655018,0.69539694,-0.04100561,-0.10655018
sensor_bias_01,sensor_bias,2810,6.58000000,0.80000000,0.81382850,-0.04192060,-0.03931009,0.69456856,-0.04141869,-0.03931009
sensor_bias_01,sensor_bias,2810,6.60000000,0.80000000,0.81668998,-0.03451856,-0.12782687,0.69375433,-0.04071149,-0.12782687
sensor_bias_01,sensor_bias,2810,6.62000000,0.80000000,0.81398829,-0.04175744,-0.04300202,0.69292464,-0.04148440,-0.04300202
sensor_bias_01,sensor_bias,2810,6.64000000,0.80000000,0.80896321,-0.03651512,0.02123788,0.69210793,-0.04083582,0.02123788
sensor_bias_01,sensor_bias,2810,6.66000000,0.80000000,0.81080094,-0.04474626,0.02931433,0.69132491,-0.03915104,0.02931433
sensor_bias_01,sensor_bias,2810,6.68000000,0.80000000,0.80524233,-0.03799923,0.09563428,0.69057714,-0.03738841,0.09563428
sensor_bias_01,sensor_bias,2810,6.70000000,0.80000000,0.81525953,-0.03035609,-0.12289108,0.68988530,-0.03459178,-0.12289108
sensor_bias_01,sensor_bias,2810,6.72000000,0.80000000,0.81013280,-0.03147331,-0.02502381,0.68917563,-0.03548355,-0.02502381
sensor_bias_01,sensor_bias,2810,6.74000000,0.80000000,0.80963196,-0.03563724,0.00481086,0.68848093,-0.03473524,0.00481086
sensor_bias_01,sensor_bias,2810,6.76000000,0.80000000,0.80793817,-0.02504993,-0.01763745,0.68781052,-0.03352033,-0.01763745
sensor_bias_01,sensor_bias,2810,6.78000000,0.80000000,0.80538446,-0.03496082,0.07788382,0.68715623,-0.03271464,0.07788382
sensor_bias_01,sensor_bias,2810,6.80000000,0.80000000,0.80383194,-0.03494895,0.10576992,0.68654897,-0.03036300,0.10576992
sensor_bias_01,sensor_bias,2810,6.82000000,0.80000000,0.80720709,-0.03330829,0.03681385,0.68599638,-0.02762924,0.03681385
sensor_bias_01,sensor_bias,2810,6.84000000,0.80000000,0.80867994,-0.00996692,-0.10640436,0.68547399,-0.02611989,-0.10640436
sensor_bias_01,sensor_bias,2810,6.86000000,0.80000000,0.80425815,-0.03842080,0.11545735,0.68493364,-0.02701729,0.11545735
sensor_bias_01,sensor_bias,2810,6.88000000,0.80000000,0.80686592,-0.02743143,0.01357054,0.68444897,-0.02423346,0.01357054
sensor_bias_01,sensor_bias,2810,6.90000000,0.80000000,0.80082108,-0.02344621,0.10245171,0.68398462,-0.02321774,0.10245171
sensor_bias_01,sensor_bias,2810,6.92000000,0.80000000,0.80063516,-0.02009149,0.08902458,0.68356917,-0.02077222,0.08902458
sensor_bias_01,sensor_bias,2810,6.94000000,0.80000000,0.80315556,-0.01754527,0.03092619,0.68319662,-0.01862768,0.03092619
sensor_bias_01,sensor_bias,2810,6.96000000,0.80000000,0.80183153,-0.01687753,0.05142006,0.68284643,-0.01750957,0.05142006
sensor_bias_01,sensor_bias,2810,6.98000000,0.80000000,0.80873801,-0.01882259,-0.06317130,0.68252461,-0.01609068,-0.06317130
sensor_bias_01,sensor_bias,2810,7.00000000,0.80000000,0.80045048,-0.01506308,0.06720665,0.68219253,-0.01660438,0.06720665
sensor_bias_01,sensor_bias,2810,7.02000000,0.80000000,0.80552563,-0.01221488,-0.03838691,0.68189342,-0.01495524,-0.03838691
sensor_bias_01,sensor_bias,2810,7.04000000,0.80000000,0.79885337,-0.01653996,0.10333906,0.68159146,-0.01509810,0.10333906
sensor_bias_01,sensor_bias,2810,7.06000000,0.80000000,0.80319955,-0.02847809,0.08479858,0.68133339,-0.01290347,0.08479858
sensor_bias_01,sensor_bias,2810,7.08000000,0.80000000,0.79965606,-0.01478482,0.08011499,0.68111167,-0.01108577,0.08011499
sensor_bias_01,sensor_bias,2810,7.10000000,0.80000000,0.80099306,-0.00799046,0.02207722,0.68092358,-0.00940460,0.02207722
sensor_bias_01,sensor_bias,2810,7.12000000,0.80000000,0.80767602,-0.00994574,-0.08843971,0.68074891,-0.00873370,-0.08843971
sensor_bias_01,sensor_bias,2810,7.14000000,0.80000000,0.80393361,-0.01992310,0.02881046,0.68055083,-0.00990387,0.02881046
sensor_bias_01,sensor_bias,2810,7.16000000,0.80000000,0.80700317,0.00171666,-0.13464041,0.68036871,-0.00910582,-0.13464041
sensor_bias_01,sensor_bias,2810,7.18000000,0.80000000,0.79774481,-0.00868534,0.08402012,0.68014823,-0.01102429,0.08402012
sensor_bias_01,sensor_bias,2810,7.20000000,0.80000000,0.80234533,-0.00992763,0.00742223,0.67996261,-0.00928085,0.00742223
sensor_bias_01,sensor_bias,2810,7.22000000,0.80000000,0.80076320,-0.01566409,0.06458289,0.67978551,-0.00885523,0.06458289
sensor_bias_01,sensor_bias,2810,7.24000000,0.80000000,0.79965172,-0.01521199,0.08232902,0.67963545,-0.00750264,0.08232902
sensor_bias_01,sensor_bias,2810,7.26000000,0.80000000,0.79830807,-0.00468729,0.05389118,0.67951741,-0.00590218,0.05389118
sensor_bias_01,sensor_bias,2810,7.28000000,0.80000000,0.80109471,0.00395395,-0.03947458,0.67942097,-0.00482215,-0.03947458
sensor_bias_01,sensor_bias,2810,7.30000000,0.80000000,0.80464364,-0.00551658,-0.05600270,0.67931468,-0.00531423,-0.05600270
sensor_bias_01,sensor_bias,2810,7.32000000,0.80000000,0.80182443,-0.01330490,0.03368486,0.67919344,-0.00606229,0.03368486
sensor_bias_01,sensor_bias,2810,7.34000000,0.80000000,0.79755004,-0.01706932,0.12944588,0.67908724,-0.00530961,0.12944588
sensor_bias_01,sensor_bias,2810,7.36000000,0.80000000,0.80146700,-0.00663526,0.00677025,0.67902714,-0.00300531,0.00677025
sensor_bias_01,sensor_bias,2810,7.38000000,0.80000000,0.79969612,-0.00550995,0.03301966,0.67897123,-0.00279561,0.03301966
sensor_bias_01,sensor_bias,2810,7.40000000,0.80000000,0.80359700,-0.00144445,-0.05752371,0.67892801,-0.00216069,-0.05752371
sensor_bias_01,sensor_bias,2810,7.42000000,0.80000000,0.79486768,-0.00751102,0.12993681,0.67886727,-0.00303689,0.12993681
sensor_bias_01,sensor_bias,2810,7.44000000,0.80000000,0.80052269,0.00569366,-0.03787663,0.67885130,-0.00079882,-0.03787663
sensor_bias_01,sensor_bias,2810,7.46000000,0.80000000,0.79704933,-0.00585792,0.08240161,0.67882338,-0.00139615,0.08240161
sensor_bias_01,sensor_bias,2810,7.48000000,0.80000000,0.79595091,-0.00235441,0.08465573,0.67882349,0.00000584,0.08465573
sensor_bias_01,sensor_bias,2810,7.50000000,0.80000000,0.79901877,0.00561844,-0.01043005,0.67885147,0.00139909,-0.01043005
sensor_bias_01,sensor_bias,2810,7.52000000,0.80000000,0.79676217,0.00347006,0.04093057,0.67887511,0.00118167,0.04093057
sensor_bias_01,sensor_bias,2810,7.54000000,0.80000000,0.79404441,-0.00033297,0.10886544,0.67891144,0.00181675,0.10886544
sensor_bias_01,sensor_bias,2810,7.56000000,0.80000000,0.79748605,0.00786320,0.00593514,0.67898243,0.00354929,0.00593514
sensor_bias_01,sensor_bias,2810,7.58000000,0.80000000,0.79688339,-0.00353383,0.07376808,0.67905305,0.00353094,0.07376808
sensor_bias_01,sensor_bias,2810,7.60000000,0.80000000,0.79580272,0.00487073,0.05119734,0.67914564,0.00462972,0.05119734
sensor_bias_01,sensor_bias,2810,7.62000000,0.80000000,0.79681371,0.00364526,0.03912699,0.67925206,0.00532106,0.03912699
sensor_bias_01,sensor_bias,2810,7.64000000,0.80000000,0.79887742,0.00377641,0.00132442,0.67936788,0.00579111,0.00132442
sensor_bias_01,sensor_bias,2810,7.66000000,0.80000000,0.80077086,0.00774872,-0.05261913,0.67948036,0.00562356,-0.05261913
sensor_bias_01,sensor_bias,2810,7.68000000,0.80000000,0.80058209,0.00089941,-0.01497460,0.67957183,0.00457357,-0.01497460
sensor_bias_01,sensor_bias,2810,7.70000000,0.80000000,0.79941384,-0.00295089,0.02530531,0.67965538,0.00417755,0.02530531
sensor_bias_01,sensor_bias,2810,7.72000000,0.80000000,0.80056381,0.01495305,-0.08491383,0.67974453,0.00445748,-0.08491383
sensor_bias_01,sensor_bias,2810,7.74000000,0.80000000,0.79917305,0.00537176,-0.01197370,0.67980281,0.00291404,-0.01197370
sensor_bias_01,sensor_bias,2810,7.76000000,0.80000000,0.80493203,-0.00565896,-0.06048181,0.67985524,0.00262168,-0.06048181
sensor_bias_01,sensor_bias,2810,7.78000000,0.80000000,0.80300910,-0.00424827,-0.03292247,0.67988605,0.00154042,-0.03292247
sensor_bias_01,sensor_bias,2810,7.80000000,0.80000000,0.80388771,-0.00278981,-0.05602977,0.67990501,0.00094814,-0.05602977
sensor_bias_01,sensor_bias,2810,7.82000000,0.80000000,0.80363201,-0.00533761,-0.03868816,0.67990491,-0.00000512,-0.03868816
sensor_bias_01,sensor_bias,2810,7.84000000,0.80000000,0.79553881,0.00107234,0.07493967,0.67989208,-0.00064176,0.07493967
sensor_bias_01,sensor_bias,2810,7.86000000,0.80000000,0.79476198,0.00642438,0.06216251,0.67990433,0.00061274,0.06216251
sensor_bias_01,sensor_bias,2810,7.88000000,0.80000000,0.80111723,0.01180219,-0.07912104,0.67993665,0.00161591,-0.07912104
sensor_bias_01,sensor_bias,2810,7.90000000,0.80000000,0.80257736,0.01056012,-0.09919315,0.67994186,0.00026073,-0.09919315
sensor_bias_01,sensor_bias,2810,7.92000000,0.80000000,0.80299860,-0.00352067,-0.03637153,0.67991425,-0.00138053,-0.03637153
sensor_bias_01,sensor_bias,2810,7.94000000,0.80000000,0.80181630,-0.00837987,0.00920601,0.67987557,-0.00193407,0.00920601
sensor_bias_01,sensor_bias,2810,7.96000000,0.80000000,0.79937315,-0.01147265,0.06864654,0.67984119,-0.00171930,0.06864654
sensor_bias_01,sensor_bias,2810,7.98000000,0.80000000,0.80141724,-0.00053749,0.06864654,0.67983052,-0.00053315,0.06864654
sensor_bias_02,sensor_bias,2811,0.00000000,0.00000000,0.11993092,0.00438390,-2.18067617,0.00000000,0.00000000,-2.18067617
sensor_bias_02,sensor_bias,2811,0.02000000,0.00000000,0.11855253,-0.03613671,-1.95326207,-0.00073642,-0.03682083,-1.95326207
sensor_bias_02,sensor_bias,2811,0.04000000,0.00000000,0.11414358,-0.07648101,-1.67217934,-0.00210837,-0.06859777,-1.67217934
sensor_bias_02,sensor_bias,2811,0.06000000,0.00000000,0.12153140,-0.09514218,-1.71185433,-0.00400016,-0.09458954,-1.71185433
sensor_bias_02,sensor_bias,2811,0.08000000,0.00000000,0.11511263,-0.12291297,-1.45746250,-0.00640819,-0.12040133,-1.45746250
sensor_bias_02,sensor_bias,2811,0.10000000,0.00000000,0.11032319,-0.14972672,-1.23718378,-0.00922966,-0.14107369,-1.23718378
sensor_bias_02,sensor_bias,2811,0.12000000,0.00000000,0.10604004,-0.14759832,-1.17072920,-0.01237668,-0.15735067,-1.17072920
sensor_bias_02,sensor_bias,2811,0.14000000,0.00000000,0.10683106,-0.17356262,-1.05514605,-0.01581614,-0.17197332,-1.05514605
sensor_bias_02,sensor_bias,2811,0.16000000,0.00000000,0.09996119,-0.18340734,-0.88226465,-0.01949947,-0.18416621,-0.88226465
sensor_bias_02,sensor_bias,2811,0.18000000,0.00000000,0.09669723,-0.19373169,-0.77189172,-0.02336029,-0.19304129,-0.77189172
sensor_bias_02,sensor_bias,2811,0.20000000,0.00000000,0.09658549,-0.20130763,-0.73200070,-0.02735554,-0.19976251,-0.73200070
sensor_bias_02,sensor_bias,2811,0.22000000,0.00000000,0.08493563,-0.21217863,-0.46794811,-0.03146735,-0.20559040,-0.46794811
sensor_bias_02,sensor_bias,2811,0.24000000,0.00000000,0.08274448,-0.20393986,-0.46970143,-0.03560273,-0.20676918,-0.46970143
sensor_bias_02,sensor_bias,2811,0.26000000,0.00000000,0.08213876,-0.20830697,-0.43696283,-0.03976152,-0.20793902,-0.43696283
sensor_bias_02,sensor_bias,2811,0.28000000,0.00000000,0.07931471,-0.21627245,-0.34630250,-0.04393187,-0.20851782,-0.34630250
sensor_bias_02,sensor_bias,2811,0.30000000,0.00000000,0.07403745,-0.21646780,-0.25033513,-0.04808281,-0.20754689,-0.25033513
sensor_bias_02,sensor_bias,2811,0.32000000,0.00000000,0.07062214,-0.19734558,-0.28447064,-0.05218256,-0.20498729,-0.28447064
sensor_bias_02,sensor_bias,2811,0.34000000,0.00000000,0.06502401,-0.20605182,-0.14017301,-0.05624431,-0.20308776,-0.14017301
sensor_bias_02,sensor_bias,2811,0.36000000,0.00000000,0.05746256,-0.19249851,-0.07183344,-0.06022059,-0.19881388,-0.07183344
sensor_bias_02,sensor_bias,2811,0.38000000,0.00000000,0.05565763,-0.19084231,-0.04762576,-0.06409110,-0.19352583,-0.04762576
sensor_bias_02,sensor_bias,2811,0.40000000,0.00000000,0.05397032,-0.18312183,-0.05585663,-0.06785114,-0.18800194,-0.05585663
sensor_bias_02,sensor_bias,2811,0.42000000,0.00000000,0.05031755,-0.19515673,0.07006773,-0.07150710,-0.18279766,0.07006773
sensor_bias_02,sensor_bias,2811,0.44000000,0.00000000,0.04614186,-0.18032082,0.07105055,-0.07501984,-0.17563731,0.07105055
sensor_bias_02,sensor_bias,2811,0.46000000,0.00000000,0.04036186,-0.16485286,0.09775086,-0.07839373,-0.16869449,0.09775086
sensor_bias_02,sensor_bias,2811,0.48000000,0.00000000,0.04338265,-0.16248523,0.03153849,-0.08162429,-0.16152787,0.03153849
sensor_bias_02,sensor_bias,2811,0.50000000,0.00000000,0.03502559,-0.15217793,0.13042894,-0.08473856,-0.15571358,0.13042894
sensor_bias_02,sensor_bias,2811,0.52000000,0.00000000,0.03399457,-0.14339212,0.10505824,-0.08770695,-0.14841965,0.10505824
sensor_bias_02,sensor_bias,2811,0.54000000,0.00000000,0.03146059,-0.12794557,0.07343731,-0.09054281,-0.14179260,0.07343731
sensor_bias_02,sensor_bias,2811,0.56000000,0.00000000,0.02990290,-0.13195506,0.12152309,-0.09326113,-0.13591617,0.12152309
sensor_bias_02,sensor_bias,2811,0.58000000,0.00000000,0.02834703,-0.11621723,0.07083968,-0.09584953,-0.12941995,0.07083968
sensor_bias_02,sensor_bias,2811,0.60000000,0.00000000,0.02106166,-0.12176247,0.22970238,-0.09832937,-0.12399195,0.22970238
sensor_bias_02,sensor_bias,2811,0.62000000,0.00000000,0.01630148,-0.11951459,0.30414630,-0.10065055,-0.11605904,0.30414630
sensor_bias_02,sensor_bias,2811,0.64000000,0.00000000,0.01405688,-0.11036571,0.29880462,-0.10279312,-0.10712853,0.29880462
sensor_bias_02,sensor_bias,2811,0.66000000,0.00000000,0.01611442,-0.09702280,0.19505440,-0.10476472,-0.09858023,0.19505440
sensor_bias_02,sensor_bias,2811,0.68000000,0.00000000,0.01667866,-0.07789840,0.08927616,-0.10660599,-0.09206327,0.08927616
sensor_bias_02,sensor_bias,2811,0.70000000,0.00000000,0.01409584,-0.08385383,0.16554412,-0.10835690,-0.08754549,0.16554412
sensor_bias_02,sensor_bias,2811,0.72000000,0.00000000,0.01124729,-0.07355338,0.16531571,-0.10999465,-0.08188764,0.16531571
sensor_bias_02,sensor_bias,2811,0.74000000,0.00000000,0.01104141,-0.07087801,0.15564465,-0.11152302,-0.07641865,0.15564465
sensor_bias_02,sensor_bias,2811,0.76000000,0.00000000,0.00424128,-0.08025825,0.32494816,-0.11294886,-0.07129179,0.32494816
sensor_bias_02,sensor_bias,2811,0.78000000,0.00000000,0.00700515,-0.05812159,0.16451526,-0.11421834,-0.06347387,0.16451526
sensor_bias_02,sensor_bias,2811,0.80000000,0.00000000,0.00625811,-0.06620598,0.21838393,-0.11539075,-0.05862051,0.21838393
sensor_bias_02,sensor_bias,2811,0.82000000,0.00000000,0.00350868,-0.05134139,0.19355065,-0.11645107,-0.05301627,0.19355065
sensor_bias_02,sensor_bias,2811,0.84000000,0.00000000,-0.00045792,-0.05849248,0.30070490,-0.11741137,-0.04801459,0.30070490
sensor_bias_02,sensor_bias,2811,0.86000000,0.00000000,0.00160384,-0.03576222,0.14994199,-0.11823871,-0.04136716,0.14994199
sensor_bias_02,sensor_bias,2811,0.88000000,0.00000000,0.00314431,-0.04027073,0.14475614,-0.11898836,-0.03748273,0.14475614
sensor_bias_02,sensor_bias,2811,0.90000000,0.00000000,-0.00288349,-0.03584412,0.23112340,-0.11966462,-0.03381287,0.23112340
sensor_bias_02,sensor_bias,2811,0.92000000,0.00000000,0.00259960,-0.02307102,0.06856224,-0.12024071,-0.02880470,0.06856224
sensor_bias_02,sensor_bias,2811,0.94000000,0.00000000,0.00338639,-0.02884742,0.08328210,-0.12077482,-0.02670515,0.08328210
sensor_bias_02,sensor_bias,2811,0.96000000,0.00000000,0.00159159,-0.02688201,0.10576147,-0.12126333,-0.02442570,0.10576147
sensor_bias_02,sensor_bias,2811,0.98000000,0.00000000,-0.00504443,-0.01451191,0.16335924,-0.12170016,-0.02184123,0.16335924
sensor_bias_02,sensor_bias,2811,1.00000000,0.50000000,-0.00473148,-0.02190943,9.19471380,-0.12206753,-0.01836872,9.19471380
sensor_bias_02,sensor_bias,2811,1.02000000,0.50000000,0.00328747,0.12857325,8.29795929,-0.11931783,0.13748513,8.29795929
sensor_bias_02,sensor_bias,2811,1.04000000,0.50000000,0.00496209,0.27048298,7.55826747,-0.11385581,0.27310101,7.55826747
sensor_bias_02,sensor_bias,2811,1.06000000,0.50000000,0.01441549,0.39261514,6.77744549,-0.10601995,0.39179269,6.77744549
sensor_bias_02,sensor_bias,2811,1.08000000,0.50000000,0.02302934,0.49423818,6.11428093,-0.09615157,0.49341908,6.11428093
sensor_bias_02,sensor_bias,2811,1.10000000,0.50000000,0.03968102,0.58571208,5.35718124,-0.08454108,0.58052485,5.35718124
sensor_bias_02,sensor_bias,2811,1.12000000,0.50000000,0.04336223,0.64730835,4.98293815,-0.07150110,0.65199870,4.98293815
sensor_bias_02,sensor_bias,2811,1.14000000,0.50000000,0.06520300,0.72084728,4.22210959,-0.05720477,0.71481633,4.22210959
sensor_bias_02,sensor_bias,2811,1.16000000,0.50000000,0.07808279,0.76026567,3.79318146,-0.04195011,0.76273328,3.79318146
sensor_bias_02,sensor_bias,2811,1.18000000,0.50000000,0.09452767,0.79530591,3.32197242,-0.02591329,0.80184093,3.32197242
sensor_bias_02,sensor_bias,2811,1.20000000,0.50000000,0.10647428,0.83541334,2.90639636,-0.00927902,0.83171342,2.90639636
sensor_bias_02,sensor_bias,2811,1.22000000,0.50000000,0.12933444,0.85550483,2.39445593,0.00779282,0.85359209,2.39445593
sensor_bias_02,sensor_bias,2811,1.24000000,0.50000000,0.14205248,0.86423597,2.12187554,0.02511504,0.86611122,2.12187554
sensor_bias_02,sensor_bias,2811,1.26000000,0.50000000,0.16343449,0.87347789,1.69078976,0.04258741,0.87361845,1.69078976
sensor_bias_02,sensor_bias,2811,1.28000000,0.50000000,0.17852398,0.87542253,1.40945567,0.06005944,0.87360130,1.40945567
sensor_bias_02,sensor_bias,2811,1.30000000,0.50000000,0.20308809,0.86774506,1.00568915,0.07743613,0.86883438,1.00568915
sensor_bias_02,sensor_bias,2811,1.32000000,0.50000000,0.20860542,0.84880057,1.00109951,0.09458424,0.85740570,1.00109951
sensor_bias_02,sensor_bias,2811,1.34000000,0.50000000,0.22949086,0.84095243,0.66440242,0.11150971,0.84627323,0.66440242
sensor_bias_02,sensor_bias,2811,1.36000000,0.50000000,0.24529776,0.82348980,0.46719138,0.12810610,0.82981964,0.46719138
sensor_bias_02,sensor_bias,2811,1.38000000,0.50000000,0.27005142,0.81083933,0.08487780,0.14431758,0.81057413,0.08487780
sensor_bias_02,sensor_bias,2811,1.40000000,0.50000000,0.28334823,0.78690107,-0.03477357,0.16002763,0.78550255,-0.03477357
sensor_bias_02,sensor_bias,2811,1.42000000,0.50000000,0.29465266,0.75518037,-0.07964966,0.17521224,0.75923045,-0.07964966
sensor_bias_02,sensor_bias,2811,1.44000000,0.50000000,0.30839130,0.74744432,-0.28826505,0.18987343,0.73305969,-0.28826505
sensor_bias_02,sensor_bias,2811,1.46000000,0.50000000,0.32723609,0.71116491,-0.44607407,0.20395788,0.70422219,-0.44607407
sensor_bias_02,sensor_bias,2811,1.48000000,0.50000000,0.34142880,0.66436818,-0.46755934,0.21743114,0.67366303,-0.46755934
sensor_bias_02,sensor_bias,2811,1.50000000,0.50000000,0.34940575,0.64558199,-0.51721337,0.23030595,0.64374033,-0.51721337
sensor_bias_02,sensor_bias,2811,1.52000000,0.50000000,0.36158371,0.61473819,-0.58219768,0.24258510,0.61395766,-0.58219768
sensor_bias_02,sensor_bias,2811,1.54000000,0.50000000,0.37725001,0.58827039,-0.73185220,0.25426613,0.58405158,-0.73185220
sensor_bias_02,sensor_bias,2811,1.56000000,0.50000000,0.38504017,0.55041387,-0.68279248,0.26531806,0.55259647,-0.68279248
sensor_bias_02,sensor_bias,2811,1.58000000,0.50000000,0.39839263,0.52751673,-0.80865099,0.27577803,0.52299828,-0.80865099
sensor_bias_02,sensor_bias,2811,1.60000000,0.50000000,0.40616457,0.49816432,-0.80178384,0.28562288,0.49224278,-0.80178384
sensor_bias_02,sensor_bias,2811,1.62000000,0.50000000,0.41431401,0.45492883,-0.73229634,0.29487506,0.46260890,-0.73229634
sensor_bias_02,sensor_bias,2811,1.64000000,0.50000000,0.42568329,0.44550996,-0.88984907,0.30357741,0.43511731,-0.88984907
sensor_bias_02,sensor_bias,2811,1.66000000,0.50000000,0.42793064,0.41000208,-0.75276194,0.31169469,0.40586438,-0.75276194
sensor_bias_02,sensor_bias,2811,1.68000000,0.50000000,0.43717791,0.37476574,-0.74303117,0.31929235,0.37988270,-0.74303117
sensor_bias_02,sensor_bias,2811,1.70000000,0.50000000,0.44409808,0.35376480,-0.76258935,0.32639065,0.35491490,-0.76258935
sensor_bias_02,sensor_bias,2811,1.72000000,0.50000000,0.45381390,0.33668833,-0.85209184,0.33299931,0.33043327,-0.85209184
sensor_bias_02,sensor_bias,2811,1.74000000,0.50000000,0.45800544,0.29518283,-0.72001204,0.33910413,0.30524090,-0.72001204
sensor_bias_02,sensor_bias,2811,1.76000000,0.50000000,0.46673610,0.27751570,-0.78882825,0.34476618,0.28310247,-0.78882825
sensor_bias_02,sensor_bias,2811,1.78000000,0.50000000,0.47060497,0.25581861,-0.74998244,0.34997670,0.26052597,-0.74998244
sensor_bias_02,sensor_bias,2811,1.80000000,0.50000000,0.47543508,0.23817307,-0.74869684,0.35476357,0.23934361,-0.74869684
sensor_bias_02,sensor_bias,2811,1.82000000,0.50000000,0.48410350,0.21630162,-0.79537104,0.35914108,0.21887559,-0.79537104
sensor_bias_02,sensor_bias,2811,1.84000000,0.50000000,0.48460910,0.20499762,-0.74795195,0.36310686,0.19828875,-0.74795195
sensor_bias_02,sensor_bias,2811,1.86000000,0.50000000,0.48615958,0.18195949,-0.66066989,0.36669037,0.17917575,-0.66066989
sensor_bias_02,sensor_bias,2811,1.88000000,0.50000000,0.49292784,0.15708548,-0.65812850,0.36993360,0.16216149,-0.65812850
sensor_bias_02,sensor_bias,2811,1.90000000,0.50000000,0.49325449,0.15032798,-0.63022081,0.37284853,0.14574648,-0.63022081
sensor_bias_02,sensor_bias,2811,1.92000000,0.50000000,0.49944444,0.14519645,-0.71598214,0.37545532,0.13033944,-0.71598214
sensor_bias_02,sensor_bias,2811,1.94000000,0.50000000,0.49148270,0.12785306,-0.48595394,0.37773508,0.11398811,-0.48595394
sensor_bias_02,sensor_bias,2811,1.96000000,0.50000000,0.49880195,0.10331464,-0.49500821,0.37977619,0.10205549,-0.49500821
sensor_bias_02,sensor_bias,2811,1.98000000,0.50000000,0.50296569,0.09037167,-0.50524084,0.38158339,0.09036016,-0.50524084
sensor_bias_02,sensor_bias,2811,2.00000000,0.50000000,0.49807747,0.07460345,-0.33841162,0.38316088,0.07887448,-0.33841162
sensor_bias_02,sensor_bias,2811,2.02000000,0.50000000,0.50639135,0.07808319,-0.50546026,0.38457251,0.07058129,-0.50546026
sensor_bias_02,sensor_bias,2811,2.04000000,0.50000000,0.50044043,0.05822428,-0.29904914,0.38576728,0.05973864,-0.29904914
sensor_bias_02,sensor_bias,2811,2.06000000,0.50000000,0.51021317,0.05617472,-0.46471070,0.38682200,0.05273581,-0.46471070
sensor_bias_02,sensor_bias,2811,2.08000000,0.50000000,0.50795891,0.04165514,-0.35153617,0.38768529,0.04316475,-0.35153617
sensor_bias_02,sensor_bias,2811,2.10000000,0.50000000,0.51277506,0.04414202,-0.45066113,0.38840165,0.03581761,-0.45066113
sensor_bias_02,sensor_bias,2811,2.12000000,0.50000000,0.50757406,0.02223999,-0.24753296,0.38894239,0.02703698,-0.24753296
sensor_bias_02,sensor_bias,2811,2.14000000,0.50000000,0.51335036,0.02524916,-0.36655226,0.38938185,0.02197330,-0.36655226
sensor_bias_02,sensor_bias,2811,2.16000000,0.50000000,0.51377343,0.01466311,-0.32123734,0.38968316,0.01506555,-0.32123734
sensor_bias_02,sensor_bias,2811,2.18000000,0.50000000,0.50600855,0.01218532,-0.16908046,0.38986614,0.00914881,-0.16908046
sensor_bias_02,sensor_bias,2811,2.20000000,0.50000000,0.50516025,0.01149442,-0.15035658,0.38998603,0.00599473,-0.15035658
sensor_bias_02,sensor_bias,2811,2.22000000,0.50000000,0.50924030,0.00401973,-0.18642407,0.39005123,0.00325993,-0.18642407
sensor_bias_02,sensor_bias,2811,2.24000000,0.50000000,0.51112246,0.00296138,-0.21501116,0.39005134,0.00000555,-0.21501116
sensor_bias_02,sensor_bias,2811,2.26000000,0.50000000,0.50952222,-0.00176637,-0.16256806,0.38997884,-0.00362510,-0.16256806
sensor_bias_02,sensor_bias,2811,2.28000000,0.50000000,0.51108257,-0.01443771,-0.12729770,0.38985381,-0.00625154,-0.12729770
sensor_bias_02,sensor_bias,2811,2.30000000,0.50000000,0.50610964,-0.00970374,-0.06145493,0.38968988,-0.00819655,-0.06145493
sensor_bias_02,sensor_bias,2811,2.32000000,0.50000000,0.50392152,-0.00786270,-0.03127377,0.38951056,-0.00896620,-0.03127377
sensor_bias_02,sensor_bias,2811,2.34000000,0.50000000,0.50899862,-0.01309230,-0.09651359,0.38932653,-0.00920108,-0.09651359
sensor_bias_02,sensor_bias,2811,2.36000000,0.50000000,0.50965010,-0.02125638,-0.06741984,0.38911594,-0.01052985,-0.06741984
sensor_bias_02,sensor_bias,2811,2.38000000,0.50000000,0.50666772,-0.01274024,-0.05631775,0.38888946,-0.01132392,-0.05631775
sensor_bias_02,sensor_bias,2811,2.40000000,0.50000000,0.50972340,-0.01507226,-0.09965996,0.38865137,-0.01190457,-0.09965996
sensor_bias_02,sensor_bias,2811,2.42000000,0.50000000,0.50580373,-0.00912104,-0.05886200,0.38838741,-0.01319807,-0.05886200
sensor_bias_02,sensor_bias,2811,2.44000000,0.50000000,0.50918972,-0.02211507,-0.05483954,0.38811220,-0.01376040,-0.05483954
sensor_bias_02,sensor_bias,2811,2.46000000,0.50000000,0.51300884,-0.02075561,-0.13038105,0.38782747,-0.01423642,-0.13038105
sensor_bias_02,sensor_bias,2811,2.48000000,0.50000000,0.51061244,-0.01947477,-0.09365008,0.38750802,-0.01597240,-0.09365008
sensor_bias_02,sensor_bias,2811,2.50000000,0.50000000,0.51052821,-0.01424782,-0.11826866,0.38716739,-0.01703141,-0.11826866
sensor_bias_02,sensor_bias,2811,2.52000000,0.50000000,0.50970113,-0.02465623,-0.05133911,0.38679796,-0.01847148,-0.05133911
sensor_bias_02,sensor_bias,2811,2.54000000,0.50000000,0.50734439,-0.02146370,-0.02488048,0.38642328,-0.01873435,-0.02488048
sensor_bias_02,sensor_bias,2811,2.56000000,0.50000000,0.50684288,-0.00957777,-0.07528304,0.38605244,-0.01854186,-0.07528304
sensor_bias_02,sensor_bias,2811,2.58000000,0.50000000,0.50372641,-0.00735822,-0.03028417,0.38566830,-0.01920673,-0.03028417
sensor_bias_02,sensor_bias,2811,2.60000000,0.50000000,0.50550006,-0.02460139,0.02400596,0.38528650,-0.01909004,0.02400596
sensor_bias_02,sensor_bias,2811,2.62000000,0.50000000,0.49910695,-0.02276676,0.12990876,0.38492529,-0.01806048,0.12990876
sensor_bias_02,sensor_bias,2811,2.64000000,0.50000000,0.50579412,-0.01203548,-0.04411677,0.38461977,-0.01527641,-0.04411677
sensor_bias_02,sensor_bias,2811,2.66000000,0.50000000,0.50861640,-0.01471557,-0.08151728,0.38430933,-0.01552180,-0.08151728
sensor_bias_02,sensor_bias,2811,2.68000000,0.50000000,0.50405216,-0.01409231,-0.00247729,0.38398152,-0.01639068,-0.00247729
sensor_bias_02,sensor_bias,2811,2.70000000,0.50000000,0.50423016,-0.01012870,-0.02549939,0.38366359,-0.01589656,-0.02549939
sensor_bias_02,sensor_bias,2811,2.72000000,0.50000000,0.50380458,-0.01919379,0.02748654,0.38334744,-0.01580732,0.02748654
sensor_bias_02,sensor_bias,2811,2.74000000,0.50000000,0.50268740,-0.02557136,0.07948365,0.38305091,-0.01482633,0.07948365
sensor_bias_02,sensor_bias,2811,2.76000000,0.50000000,0.50556817,-0.01563974,-0.02202839,0.38279092,-0.01299944,-0.02202839
sensor_bias_02,sensor_bias,2811,2.78000000,0.50000000,0.50280062,-0.01312723,0.01522498,0.38253200,-0.01294632,0.01522498
sensor_bias_02,sensor_bias,2811,2.80000000,0.50000000,0.50620111,-0.01073841,-0.05792797,0.38228668,-0.01226592,-0.05792797
sensor_bias_02,sensor_bias,2811,2.82000000,0.50000000,0.50598235,-0.01977806,-0.00879202,0.38202982,-0.01284296,-0.00879202
sensor_bias_02,sensor_bias,2811,2.84000000,0.50000000,0.50470537,-0.01718386,0.00122269,0.38177839,-0.01257146,0.00122269
sensor_bias_02,sensor_bias,2811,2.86000000,0.50000000,0.50306657,-0.01926132,0.04110836,0.38153560,-0.01213975,0.04110836
sensor_bias_02,sensor_bias,2811,2.88000000,0.50000000,0.50270664,-0.00703157,-0.01356167,0.38131462,-0.01104868,-0.01356167
sensor_bias_02,sensor_bias,2811,2.90000000,0.50000000,0.49975233,-0.01773871,0.09315167,0.38109629,-0.01091639,0.09315167
sensor_bias_02,sensor_bias,2811,2.92000000,0.50000000,0.50308803,-0.00080192,-0.05157500,0.38091656,-0.00898656,-0.05157500
sensor_bias_02,sensor_bias,2811,2.94000000,0.50000000,0.49976164,0.00305027,-0.01096092,0.38072529,-0.00956356,-0.01096092
sensor_bias_02,sensor_bias,2811,2.96000000,0.50000000,0.50093385,-0.01294282,0.04790478,0.38053657,-0.00943592,0.04790478
sensor_bias_02,sensor_bias,2811,2.98000000,0.50000000,0.50351986,-0.01400182,0.00665169,0.38037020,-0.00831850,0.00665169
sensor_bias_02,sensor_bias,2811,3.00000000,-0.30000000,0.50000464,-0.00794722,-12.00000000,0.38021152,-0.00793419,-12.00000000
sensor_bias_02,sensor_bias,2811,3.02000000,-0.30000000,0.49480520,-0.21477489,-12.00000000,0.37600561,-0.21029537,-12.00000000
sensor_bias_02,sensor_bias,2811,3.04000000,-0.30000000,0.48699170,-0.41121217,-12.00000000,0.36788482,-0.40603959,-12.00000000
sensor_bias_02,sensor_bias,2811,3.06000000,-0.30000000,0.47807822,-0.60708639,-10.96997602,0.35597716,-0.59538323,-10.96997602
sensor_bias_02,sensor_bias,2811,3.08000000,-0.30000000,0.46012682,-0.75809156,-9.89182500,0.34075428,-0.76114356,-9.89182500
sensor_bias_02,sensor_bias,2811,3.10000000,-0.30000000,0.43661360,-0.90384694,-8.73981005,0.32268870,-0.90327910,-8.73981005
sensor_bias_02,sensor_bias,2811,3.12000000,-0.30000000,0.42224082,-1.03201911,-7.84023917,0.30226240,-1.02131516,-7.84023917
sensor_bias_02,sensor_bias,2811,3.14000000,-0.30000000,0.40293011,-1.11454512,-7.08001630,0.27985635,-1.12030228,-7.08001630
sensor_bias_02,sensor_bias,2811,3.16000000,-0.30000000,0.37115960,-1.21559693,-6.00288819,0.25579203,-1.20321625,-6.00288819
sensor_bias_02,sensor_bias,2811,3.18000000,-0.30000000,0.35229883,-1.26178321,-5.43246282,0.23048740,-1.26523168,-5.43246282
sensor_bias_02,sensor_bias,2811,3.20000000,-0.30000000,0.32529465,-1.31890570,-4.66077520,0.20417564,-1.31558761,-4.66077520
sensor_bias_02,sensor_bias,2811,3.22000000,-0.30000000,0.30021147,-1.34559593,-4.07582689,0.17715030,-1.35126699,-4.07582689
sensor_bias_02,sensor_bias,2811,3.24000000,-0.30000000,0.27416201,-1.37034920,-3.48317015,0.14963225,-1.37590281,-3.48317015
sensor_bias_02,sensor_bias,2811,3.26000000,-0.30000000,0.24584889,-1.39910822,-2.82973891,0.12183773,-1.38972603,-2.82973891
sensor_bias_02,sensor_bias,2811,3.28000000,-0.30000000,0.21424865,-1.39617185,-2.27561656,0.09399645,-1.39206403,-2.27561656
sensor_bias_02,sensor_bias,2811,3.30000000,-0.30000000,0.18431145,-1.38805493,-1.77733145,0.06629706,-1.38496920,-1.77733145
sensor_bias_02,sensor_bias,2811,3.32000000,-0.30000000,0.16043823,-1.36946828,-1.44054674,0.03890321,-1.36969279,-1.44054674
sensor_bias_02,sensor_bias,2811,3.34000000,-0.30000000,0.13157910,-1.34892590,-1.02379437,0.01191862,-1.34922927,-1.02379437
sensor_bias_02,sensor_bias,2811,3.36000000,-0.30000000,0.10205742,-1.31971334,-0.63846676,-0.01452934,-1.32239799,-0.63846676
sensor_bias_02,sensor_bias,2811,3.38000000,-0.30000000,0.07657498,-1.29402774,-0.30821086,-0.04032809,-1.28993779,-0.30821086
sensor_bias_02,sensor_bias,2811,3.40000000,-0.30000000,0.04775310,-1.24836677,-0.01772202,-0.06538735,-1.25296261,-0.01772202
sensor_bias_02,sensor_bias,2811,3.42000000,-0.30000000,0.03415500,-1.20755603,0.02299015,-0.08963318,-1.21229155,0.02299015
sensor_bias_02,sensor_bias,2811,3.44000000,-0.30000000,0.00785223,-1.16913413,0.30433058,-0.11307844,-1.17226296,0.30433058
sensor_bias_02,sensor_bias,2811,3.46000000,-0.30000000,-0.01584138,-1.13040328,0.53716120,-0.13565429,-1.12879280,0.53716120
sensor_bias_02,sensor_bias,2811,3.48000000,-0.30000000,-0.03498475,-1.09186847,0.68906777,-0.15731055,-1.08281271,0.68906777
sensor_bias_02,sensor_bias,2811,3.50000000,-0.30000000,-0.05737141,-1.03283174,0.79684403,-0.17802597,-1.03577115,0.79684403
sensor_bias_02,sensor_bias,2811,3.52000000,-0.30000000,-0.07791863,-0.98468218,0.92594628,-0.19779493,-0.98844799,0.92594628
sensor_bias_02,sensor_bias,2811,3.54000000,-0.30000000,-0.09480208,-0.93466657,0.97977036,-0.21660478,-0.94049234,0.97977036
sensor_bias_02,sensor_bias,2811,3.56000000,-0.30000000,-0.11562079,-0.89459991,1.15417368,-0.23446870,-0.89319595,1.15417368
sensor_bias_02,sensor_bias,2811,3.58000000,-0.30000000,-0.12982834,-0.83286413,1.10123074,-0.25135872,-0.84450129,1.10123074
sensor_bias_02,sensor_bias,2811,3.60000000,-0.30000000,-0.15235897,-0.80326987,1.35881078,-0.26732458,-0.79829282,1.35881078
sensor_bias_02,sensor_bias,2811,3.62000000,-0.30000000,-0.16269736,-0.74144257,1.23576534,-0.28230950,-0.74924607,1.23576534
sensor_bias_02,sensor_bias,2811,3.64000000,-0.30000000,-0.17742014,-0.70523225,1.31972372,-0.29638711,-0.70388070,1.31972372
sensor_bias_02,sensor_bias,2811,3.66000000,-0.30000000,-0.18971755,-0.66202947,1.32506317,-0.30955874,-0.65858109,1.32506317
sensor_bias_02,sensor_bias,2811,3.68000000,-0.30000000,-0.20271397,-0.62030997,1.35040124,-0.32185219,-0.61467256,1.35040124
sensor_bias_02,sensor_bias,2811,3.70000000,-0.30000000,-0.21149591,-0.57903186,1.30208568,-0.33328763,-0.57177195,1.30208568
sensor_bias_02,sensor_bias,2811,3.72000000,-0.30000000,-0.22330936,-0.53505469,1.29484196,-0.34390942,-0.53108994,1.29484196
sensor_bias_02,sensor_bias,2811,3.74000000,-0.30000000,-0.23249937,-0.49390762,1.25452678,-0.35374663,-0.49186050,1.25452678
sensor_bias_02,sensor_bias,2811,3.76000000,-0.30000000,-0.24033821,-0.44913716,1.17177356,-0.36283853,-0.45459453,1.17177356
sensor_bias_02,sensor_bias,2811,3.78000000,-0.30000000,-0.25028600,-0.41468637,1.17857992,-0.37123741,-0.41994441,1.17857992
sensor_bias_02,sensor_bias,2811,3.80000000,-0.30000000,-0.25725098,-0.39648164,1.21292576,-0.37896366,-0.38631237,1.21292576
sensor_bias_02,sensor_bias,2811,3.82000000,-0.30000000,-0.26481169,-0.35604599,1.14684038,-0.38602766,-0.35320013,1.14684038
sensor_bias_02,sensor_bias,2811,3.84000000,-0.30000000,-0.27119242,-0.32836308,1.12327900,-0.39247339,-0.32228647,1.12327900
sensor_bias_02,sensor_bias,2811,3.86000000,-0.30000000,-0.27410051,-0.28868186,0.97721840,-0.39832902,-0.29278149,0.97721840
sensor_bias_02,sensor_bias,2811,3.88000000,-0.30000000,-0.28069717,-0.27597752,1.03243670,-0.40366317,-0.26670752,1.03243670
sensor_bias_02,sensor_bias,2811,3.90000000,-0.30000000,-0.28680850,-0.22816895,0.90339765,-0.40847425,-0.24055378,0.90339765
sensor_bias_02,sensor_bias,2811,3.92000000,-0.30000000,-0.28934896,-0.22040433,0.91030297,-0.41282293,-0.21743405,0.91030297
sensor_bias_02,sensor_bias,2811,3.94000000,-0.30000000,-0.29461900,-0.20068768,0.90658042,-0.41672200,-0.19495372,0.90658042
sensor_bias_02,sensor_bias,2811,3.96000000,-0.30000000,-0.30246857,-0.17950623,0.94196531,-0.42018743,-0.17327133,0.94196531
sensor_bias_02,sensor_bias,2811,3.98000000,-0.30000000,-0.30034892,-0.15027348,0.75764800,-0.42322144,-0.15170044,0.75764800
sensor_bias_02,sensor_bias,2811,4.00000000,-0.30000000,-0.30511400,-0.12932636,0.73868381,-0.42590038,-0.13394710,0.73868381
sensor_bias_02,sensor_bias,2811,4.02000000,-0.30000000,-0.30622638,-0.11606299,0.69238986,-0.42824227,-0.11709448,0.69238986
sensor_bias_02,sensor_bias,2811,4.04000000,-0.30000000,-0.31547506,-0.10642916,0.81069689,-0.43027376,-0.10157460,0.81069689
sensor_bias_02,sensor_bias,2811,4.06000000,-0.30000000,-0.31172390,-0.08546152,0.63833786,-0.43196505,-0.08456458,0.63833786
sensor_bias_02,sensor_bias,2811,4.08000000,-0.30000000,-0.31148548,-0.07163834,0.56493042,-0.43338548,-0.07102106,0.56493042
sensor_bias_02,sensor_bias,2811,4.10000000,-0.30000000,-0.31337135,-0.05639856,0.52267702,-0.43456867,-0.05915988,0.52267702
sensor_bias_02,sensor_bias,2811,4.12000000,-0.30000000,-0.31246907,-0.04321538,0.44052021,-0.43553667,-0.04840000,0.44052021
sensor_bias_02,sensor_bias,2811,4.14000000,-0.30000000,-0.31189836,-0.04254606,0.42690072,-0.43632426,-0.03937918,0.42690072
sensor_bias_02,sensor_bias,2811,4.16000000,-0.30000000,-0.31475538,-0.03459484,0.43857101,-0.43694192,-0.03088329,0.43857101
sensor_bias_02,sensor_bias,2811,4.18000000,-0.30000000,-0.32037529,-0.02712215,0.50236597,-0.43739129,-0.02246815,0.50236597
sensor_bias_02,sensor_bias,2811,4.20000000,-0.30000000,-0.31793007,-0.01459211,0.39570188,-0.43765631,-0.01325099,0.39570188
sensor_bias_02,sensor_bias,2811,4.22000000,-0.30000000,-0.32137337,0.00032802,0.38308058,-0.43777903,-0.00613625,0.38308058
sensor_bias_02,sensor_bias,2811,4.24000000,-0.30000000,-0.31620416,-0.00500088,0.31667924,-0.43776838,0.00053273,0.31667924
sensor_bias_02,sensor_bias,2811,4.26000000,-0.30000000,-0.31860543,0.01104139,0.27969080,-0.43765113,0.00586245,0.27969080
sensor_bias_02,sensor_bias,2811,4.28000000,-0.30000000,-0.31577594,0.01043978,0.23176803,-0.43744326,0.01039335,0.23176803
sensor_bias_02,sensor_bias,2811,4.30000000,-0.30000000,-0.31592677,0.00643853,0.25448926,-0.43716392,0.01396692,0.25448926
sensor_bias_02,sensor_bias,2811,4.32000000,-0.30000000,-0.31492911,0.02446424,0.14640272,-0.43680778,0.01780728,0.14640272
sensor_bias_02,sensor_bias,2811,4.34000000,-0.30000000,-0.31585435,0.02421136,0.16432148,-0.43641384,0.01969702,0.16432148
sensor_bias_02,sensor_bias,2811,4.36000000,-0.30000000,-0.31239882,0.01556277,0.14536496,-0.43597728,0.02182753,0.14536496
sensor_bias_02,sensor_bias,2811,4.38000000,-0.30000000,-0.31371008,0.02220949,0.13573394,-0.43550592,0.02356830,0.13573394
sensor_bias_02,sensor_bias,2811,4.40000000,-0.30000000,-0.32054438,0.03419858,0.19880601,-0.43500413,0.02508952,0.19880601
sensor_bias_02,sensor_bias,2811,4.42000000,-0.30000000,-0.31064394,0.03023626,0.04040966,-0.43445161,0.02762597,0.04040966
sensor_bias_02,sensor_bias,2811,4.44000000,-0.30000000,-0.31410208,0.03478069,0.07993404,-0.43390351,0.02740496,0.07993404
sensor_bias_02,sensor_bias,2811,4.46000000,-0.30000000,-0.31380806,0.02535701,0.12175996,-0.43334634,0.02785854,0.12175996
sensor_bias_02,sensor_bias,2811,4.48000000,-0.30000000,-0.31504098,0.01753161,0.18307954,-0.43276627,0.02900352,0.18307954
sensor_bias_02,sensor_bias,2811,4.50000000,-0.30000000,-0.31428254,0.03467847,0.08369345,-0.43214334,0.03114645,0.08369345
sensor_bias_02,sensor_bias,2811,4.52000000,-0.30000000,-0.31412370,0.03386168,0.08491824,-0.43151252,0.03154117,0.08491824
sensor_bias_02,sensor_bias,2811,4.54000000,-0.30000000,-0.31391766,0.03273906,0.08682256,-0.43087364,0.03194366,0.08682256
sensor_bias_02,sensor_bias,2811,4.56000000,-0.30000000,-0.30872916,0.03734218,-0.02958604,-0.43022634,0.03236515,-0.02958604
sensor_bias_02,sensor_bias,2811,4.58000000,-0.30000000,-0.30771818,0.02968407,-0.00949309,-0.42961019,0.03080729,-0.00949309
sensor_bias_02,sensor_bias,2811,4.60000000,-0.30000000,-0.29783740,0.02224401,-0.15014684,-0.42901740,0.02963964,-0.15014684
sensor_bias_02,sensor_bias,2811,4.62000000,-0.30000000,-0.30200546,0.03123084,-0.12005598,-0.42849470,0.02613522,-0.12005598
sensor_bias_02,sensor_bias,2811,4.64000000,-0.30000000,-0.30807819,0.03360494,-0.02261732,-0.42802963,0.02325348,-0.02261732
sensor_bias_02,sensor_bias,2811,4.66000000,-0.30000000,-0.30773922,0.01129132,0.08284942,-0.42758740,0.02211123,0.08284942
sensor_bias_02,sensor_bias,2811,4.68000000,-0.30000000,-0.31068531,0.02124420,0.08611466,-0.42713166,0.02278713,0.08611466
sensor_bias_02,sensor_bias,2811,4.70000000,-0.30000000,-0.30813856,0.00022964,0.14534583,-0.42666174,0.02349607,0.14534583
sensor_bias_02,sensor_bias,2811,4.72000000,-0.30000000,-0.30402191,0.01611864,-0.00819878,-0.42615810,0.02518195,-0.00819878
sensor_bias_02,sensor_bias,2811,4.74000000,-0.30000000,-0.30562543,0.01776098,0.01245288,-0.42567370,0.02422010,0.01245288
sensor_bias_02,sensor_bias,2811,4.76000000,-0.30000000,-0.30392505,0.02634021,-0.06105007,-0.42520093,0.02363840,-0.06105007
sensor_bias_02,sensor_bias,2811,4.78000000,-0.30000000,-0.30451551,0.02304711,-0.03395644,-0.42476424,0.02183462,-0.03395644
sensor_bias_02,sensor_bias,2811,4.80000000,-0.30000000,-0.30746573,0.02855031,-0.00836837,-0.42435329,0.02054730,-0.00836837
sensor_bias_02,sensor_bias,2811,4.82000000,-0.30000000,-0.30988078,0.01632640,0.09622195,-0.42395861,0.01973413,0.09622195
sensor_bias_02,sensor_bias,2811,4.84000000,-0.30000000,-0.30106987,0.01524250,-0.05695474,-0.42354434,0.02071356,-0.05695474
sensor_bias_02,sensor_bias,2811,4.86000000,-0.30000000,-0.29935775,0.02214232,-0.12227209,-0.42316285,0.01907457,-0.12227209
sensor_bias_02,sensor_bias,2811,4.88000000,-0.30000000,-0.30293461,0.01819067,-0.03813035,-0.42283512,0.01638628,-0.03813035
sensor_bias_02,sensor_bias,2811,4.90000000,-0.30000000,-0.30629702,0.01616247,0.03253406,-0.42253099,0.01520664,0.03253406
sensor_bias_02,sensor_bias,2811,4.92000000,-0.30000000,-0.30222406,0.00763286,0.00186887,-0.42222581,0.01525874,0.00186887
sensor_bias_02,sensor_bias,2811,4.94000000,-0.30000000,-0.29824845,0.01652626,-0.11415926,-0.42192999,0.01479136,-0.11415926
sensor_bias_02,sensor_bias,2811,4.96000000,-0.30000000,-0.30253620,0.01962187,-0.05245773,-0.42168238,0.01238011,-0.05245773
sensor_bias_02,sensor_bias,2811,4.98000000,-0.30000000,-0.30071812,0.01517815,-0.06296458,-0.42146059,0.01108955,-0.06296458
sensor_bias_02,sensor_bias,2811,5.00000000,0.80000000,-0.30356872,0.01424309,12.00000000,-0.42126732,0.00966377,12.00000000
sensor_bias_02,sensor_bias,2811,5.02000000,0.80000000,-0.29577019,0.20462836,12.00000000,-0.41702795,0.21196840,12.00000000
sensor_bias_02,sensor_bias,2811,5.04000000,0.80000000,-0.28685027,0.40365429,12.00000000,-0.40887479,0.40765792,12.00000000
sensor_bias_02,sensor_bias,2811,5.06000000,0.80000000,-0.28283702,0.58906415,12.00000000,-0.39693582,0.59694864,12.00000000
sensor_bias_02,sensor_bias,2811,5.08000000,0.80000000,-0.26318235,0.78187479,12.00000000,-0.38133482,0.78004979,12.00000000
sensor_bias_02,sensor_bias,2811,5.10000000,0.80000000,-0.23983257,0.94344241,12.00000000,-0.36219155,0.95716376,12.00000000
sensor_bias_02,sensor_bias,2811,5.12000000,0.80000000,-0.21634726,1.12513630,12.00000000,-0.33962182,1.12848634,12.00000000
sensor_bias_02,sensor_bias,2811,5.14000000,0.80000000,-0.19067597,1.29305636,11.36688559,-0.31373768,1.29420688,11.36688559
sensor_bias_02,sensor_bias,2811,5.16000000,0.80000000,-0.16370125,1.44948646,10.09919018,-0.28486132,1.44381839,10.09919018
sensor_bias_02,sensor_bias,2811,5.18000000,0.80000000,-0.13595636,1.57961241,8.94915244,-0.25351866,1.56713270,8.94915244
sensor_bias_02,sensor_bias,2811,5.20000000,0.80000000,-0.10276207,1.67890632,7.85518571,-0.22017873,1.66699634,7.85518571
sensor_bias_02,sensor_bias,2811,5.22000000,0.80000000,-0.06292754,1.74440237,6.81068381,-0.18527628,1.74512288,6.81068381
sensor_bias_02,sensor_bias,2811,5.24000000,0.80000000,-0.03198281,1.80260001,5.96269059,-0.14921511,1.80305831,5.96269059
sensor_bias_02,sensor_bias,2811,5.26000000,0.80000000,0.00692842,1.85195793,5.01549883,-0.11231949,1.84478092,5.01549883
sensor_bias_02,sensor_bias,2811,5.28000000,0.80000000,0.04273755,1.86327177,4.31436534,-0.07493658,1.86914587,4.31436534
sensor_bias_02,sensor_bias,2811,5.30000000,0.80000000,0.08245190,1.87974955,3.51711798,-0.03731907,1.88087544,3.51711798
sensor_bias_02,sensor_bias,2811,5.32000000,0.80000000,0.12085848,1.87548494,2.84712261,0.00025613,1.87875990,2.84712261
sensor_bias_02,sensor_bias,2811,5.34000000,0.80000000,0.15619886,1.85683528,2.30424410,0.03756414,1.86540064,2.30424410
sensor_bias_02,sensor_bias,2811,5.36000000,0.80000000,0.19548623,1.84439634,1.65926611,0.07443038,1.84331167,1.65926611
sensor_bias_02,sensor_bias,2811,5.38000000,0.80000000,0.22848502,1.80699799,1.25227973,0.11065147,1.81105450,1.25227973
sensor_bias_02,sensor_bias,2811,5.40000000,0.80000000,0.26748279,1.76444666,0.76307647,0.14611107,1.77298011,0.76307647
sensor_bias_02,sensor_bias,2811,5.42000000,0.80000000,0.29948760,1.72599058,0.37927024,0.18066888,1.72789048,0.37927024
sensor_bias_02,sensor_bias,2811,5.44000000,0.80000000,0.33743027,1.67464696,-0.04697958,0.21422477,1.67779464,-0.04697958
sensor_bias_02,sensor_bias,2811,5.46000000,0.80000000,0.37281307,1.61360354,-0.37865302,0.24666756,1.62213962,-0.37865302
sensor_bias_02,sensor_bias,2811,5.48000000,0.80000000,0.39626706,1.56736884,-0.56965120,0.27792165,1.56270413,-0.56965120
sensor_bias_02,sensor_bias,2811,5.50000000,0.80000000,0.42458767,1.49657693,-0.72546274,0.30796139,1.50198709,-0.72546274
sensor_bias_02,sensor_bias,2811,5.52000000,0.80000000,0.45571562,1.43689769,-0.98736954,0.33677388,1.44062453,-0.98736954
sensor_bias_02,sensor_bias,2811,5.54000000,0.80000000,0.48100557,1.37691487,-1.14267463,0.36431080,1.37684614,-1.14267463
sensor_bias_02,sensor_bias,2811,5.56000000,0.80000000,0.50883764,1.30530937,-1.28562430,0.39056142,1.31253089,-1.28562430
sensor_bias_02,sensor_bias,2811,5.58000000,0.80000000,0.53217569,1.24833992,-1.42086200,0.41551952,1.24790495,-1.42086200
sensor_bias_02,sensor_bias,2811,5.60000000,0.80000000,0.56167320,1.18309637,-1.62559952,0.43918169,1.18310871,-1.62559952
sensor_bias_02,sensor_bias,2811,5.62000000,0.80000000,0.58673921,1.12298288,-1.77622008,0.46152118,1.11697421,-1.77622008
sensor_bias_02,sensor_bias,2811,5.64000000,0.80000000,0.60141581,1.05120024,-1.68148576,0.48253036,1.05045900,-1.68148576
sensor_bias_02,sensor_bias,2811,5.66000000,0.80000000,0.62111405,0.97887254,-1.67441565,0.50228472,0.98771834,-1.67441565
sensor_bias_02,sensor_bias,2811,5.68000000,0.80000000,0.64160550,0.92452499,-1.77152400,0.52082770,0.92714860,-1.77152400
sensor_bias_02,sensor_bias,2811,5.70000000,0.80000000,0.65844529,0.87220396,-1.81303510,0.53816609,0.86691974,-1.81303510
sensor_bias_02,sensor_bias,2811,5.72000000,0.80000000,0.67685143,0.81020476,-1.83434961,0.55432528,0.80795937,-1.83434961
sensor_bias_02,sensor_bias,2811,5.74000000,0.80000000,0.68881835,0.75506074,-1.77403397,0.56933662,0.75056703,-1.77403397
sensor_bias_02,sensor_bias,2811,5.76000000,0.80000000,0.70345033,0.69013936,-1.71280281,0.58325801,0.69606978,-1.71280281
sensor_bias_02,sensor_bias,2811,5.78000000,0.80000000,0.71509315,0.63977144,-1.67053395,0.59614578,0.64438841,-1.67053395
sensor_bias_02,sensor_bias,2811,5.80000000,0.80000000,0.73097673,0.59152453,-1.71520375,0.60804800,0.59511067,-1.71520375
sensor_bias_02,sensor_bias,2811,5.82000000,0.80000000,0.72891463,0.55233816,-1.48215417,0.61898180,0.54669000,-1.48215417
sensor_bias_02,sensor_bias,2811,5.84000000,0.80000000,0.75077600,0.51074394,-1.66768765,0.62905755,0.50378768,-1.66768765
sensor_bias_02,sensor_bias,2811,5.86000000,0.80000000,0.76283489,0.45933621,-1.62770899,0.63824066,0.45915546,-1.62770899
sensor_bias_02,sensor_bias,2811,5.88000000,0.80000000,0.76789681,0.41129656,-1.47862533,0.64657381,0.41665771,-1.47862533
sensor_bias_02,sensor_bias,2811,5.90000000,0.80000000,0.77533734,0.37883309,-1.45023750,0.65413515,0.37806686,-1.45023750
sensor_bias_02,sensor_bias,2811,5.92000000,0.80000000,0.77985096,0.34614395,-1.36803701,0.66095949,0.34121722,-1.36803701
sensor_bias_02,sensor_bias,2811,5.94000000,0.80000000,0.79122602,0.30329885,-1.35856270,0.66709870,0.30696047,-1.35856270
sensor_bias_02,sensor_bias,2811,5.96000000,0.80000000,0.79346191,0.28194324,-1.29203057,0.67257838,0.27398385,-1.29203057
sensor_bias_02,sensor_bias,2811,5.98000000,0.80000000,0.80067283,0.23929753,-1.20859850,0.67744256,0.24320892,-1.20859850
sensor_bias_02,sensor_bias,2811,6.00000000,0.80000000,0.80480558,0.21967506,-1.18487565,0.68173954,0.21484905,-1.18487565
sensor_bias_02,sensor_bias,2811,6.02000000,0.80000000,0.80802306,0.19169370,-1.10288354,0.68549588,0.18781707,-1.10288354
sensor_bias_02,sensor_bias,2811,6.04000000,0.80000000,0.80934565,0.15865768,-0.96151009,0.68875695,0.16305344,-0.96151009
sensor_bias_02,sensor_bias,2811,6.06000000,0.80000000,0.81744334,0.13561566,-0.99205841,0.69158668,0.14148665,-0.99205841
sensor_bias_02,sensor_bias,2811,6.08000000,0.80000000,0.81565522,0.11702726,-0.86693024,0.69398887,0.12010926,-0.86693024
sensor_bias_02,sensor_bias,2811,6.10000000,0.80000000,0.81276393,0.10282863,-0.74389393,0.69601974,0.10154368,-0.74389393
sensor_bias_02,sensor_bias,2811,6.12000000,0.80000000,0.81616483,0.07997184,-0.69082607,0.69773300,0.08566264,-0.69082607
sensor_bias_02,sensor_bias,2811,6.14000000,0.80000000,0.81356227,0.06324269,-0.56033424,0.69915693,0.07119695,-0.56033424
sensor_bias_02,sensor_bias,2811,6.16000000,0.80000000,0.82036210,0.05789165,-0.65597598,0.70034509,0.05940762,-0.65597598
sensor_bias_02,sensor_bias,2811,6.18000000,0.80000000,0.82283543,0.04552745,-0.63867499,0.70127286,0.04638888,-0.63867499
sensor_bias_02,sensor_bias,2811,6.20000000,0.80000000,0.82036885,0.03469907,-0.54013466,0.70195462,0.03408796,-0.54013466
sensor_bias_02,sensor_bias,2811,6.22000000,0.80000000,0.82755627,0.02366796,-0.61435273,0.70243169,0.02385313,-0.61435273
sensor_bias_02,sensor_bias,2811,6.24000000,0.80000000,0.82348817,0.01562874,-0.50093067,0.70268568,0.01269978,-0.50093067
sensor_bias_02,sensor_bias,2811,6.26000000,0.80000000,0.82146093,-0.00147478,-0.37892284,0.70276221,0.00382628,-0.37892284
sensor_bias_02,sensor_bias,2811,6.28000000,0.80000000,0.82121996,-0.01005170,-0.33170081,0.70270827,-0.00269697,-0.33170081
sensor_bias_02,sensor_bias,2811,6.30000000,0.80000000,0.81872184,-0.01600898,-0.25694827,0.70254408,-0.00820957,-0.25694827
sensor_bias_02,sensor_bias,2811,6.32000000,0.80000000,0.82771577,-0.01259979,-0.43588499,0.70229848,-0.01227971,-0.43588499
sensor_bias_02,sensor_bias,2811,6.34000000,0.80000000,0.81949635,-0.01830050,-0.25943174,0.70191372,-0.01923812,-0.25943174
sensor_bias_02,sensor_bias,2811,6.36000000,0.80000000,0.81573308,-0.01527179,-0.20683643,0.70145393,-0.02298958,-0.20683643
sensor_bias_02,sensor_bias,2811,6.38000000,0.80000000,0.82451598,-0.02103481,-0.33611366,0.70093932,-0.02573029,-0.33611366
sensor_bias_02,sensor_bias,2811,6.40000000,0.80000000,0.82300718,-0.03815987,-0.22332993,0.70032804,-0.03056424,-0.22332993
sensor_bias_02,sensor_bias,2811,6.42000000,0.80000000,0.81947171,-0.03879206,-0.15653050,0.69966132,-0.03333576,-0.15653050
sensor_bias_02,sensor_bias,2811,6.44000000,0.80000000,0.81895403,-0.02379713,-0.22218698,0.69896355,-0.03488875,-0.22218698
sensor_bias_02,sensor_bias,2811,6.46000000,0.80000000,0.81676448,-0.04296056,-0.08695793,0.69821356,-0.03749957,-0.08695793
sensor_bias_02,sensor_bias,2811,6.48000000,0.80000000,0.81899488,-0.04368656,-0.12347503,0.69745872,-0.03774167,-0.12347503
sensor_bias_02,sensor_bias,2811,6.50000000,0.80000000,0.81404354,-0.04257752,-0.03989619,0.69668687,-0.03859245,-0.03989619
sensor_bias_02,sensor_bias,2811,6.52000000,0.80000000,0.81814399,-0.03730405,-0.14007153,0.69592679,-0.03800417,-0.14007153
sensor_bias_02,sensor_bias,2811,6.54000000,0.80000000,0.81720772,-0.03395120,-0.13998291,0.69514426,-0.03912660,-0.13998291
sensor_bias_02,sensor_bias,2811,6.56000000,0.80000000,0.81811105,-0.03873133,-0.13234229,0.69434004,-0.04021083,-0.13234229
sensor_bias_02,sensor_bias,2811,6.58000000,0.80000000,0.81143794,-0.04048447,-0.00346050,0.69351743,-0.04113059,-0.00346050
sensor_bias_02,sensor_bias,2811,6.60000000,0.80000000,0.81375380,-0.04636291,-0.01575392,0.69272055,-0.03984410,-0.01575392
sensor_bias_02,sensor_bias,2811,6.62000000,0.80000000,0.81268627,-0.03601972,-0.04825429,0.69194440,-0.03880726,-0.04825429
sensor_bias_02,sensor_bias,2811,6.64000000,0.80000000,0.81090386,-0.03154780,-0.03853045,0.69117734,-0.03835309,-0.03853045
sensor_bias_02,sensor_bias,2811,6.66000000,0.80000000,0.81293149,-0.04657428,0.00010454,0.69042235,-0.03774958,0.00010454
sensor_bias_02,sensor_bias,2811,6.68000000,0.80000000,0.80936876,-0.05293097,0.09601722,0.68969208,-0.03651345,0.09601722
sensor_bias_02,sensor_bias,2811,6.70000000,0.80000000,0.81054749,-0.03114572,-0.03412619,0.68901812,-0.03369825,-0.03412619
sensor_bias_02,sensor_bias,2811,6.72000000,0.80000000,0.80368498,-0.04591716,0.16325617,0.68835466,-0.03317258,0.16325617
sensor_bias_02,sensor_bias,2811,6.74000000,0.80000000,0.80619926,-0.03590745,0.06795051,0.68776804,-0.02933129,0.06795051
sensor_bias_02,sensor_bias,2811,6.76000000,0.80000000,0.80438364,-0.03536061,0.09789743,0.68722354,-0.02722485,0.09789743
sensor_bias_02,sensor_bias,2811,6.78000000,0.80000000,0.81034814,-0.03478151,-0.01235900,0.68672991,-0.02468163,-0.01235900
sensor_bias_02,sensor_bias,2811,6.80000000,0.80000000,0.80700134,-0.03063426,0.02714721,0.68624824,-0.02408325,0.02714721
sensor_bias_02,sensor_bias,2811,6.82000000,0.80000000,0.80558743,-0.02142744,0.00656342,0.68579150,-0.02283738,0.00656342
sensor_bias_02,sensor_bias,2811,6.84000000,0.80000000,0.80599623,-0.01778508,-0.01900680,0.68535190,-0.02197980,-0.01900680
sensor_bias_02,sensor_bias,2811,6.86000000,0.80000000,0.80122543,-0.02353323,0.09560847,0.68492026,-0.02158202,0.09560847
sensor_bias_02,sensor_bias,2811,6.88000000,0.80000000,0.80545308,-0.02651241,0.03440661,0.68453502,-0.01926196,0.03440661
sensor_bias_02,sensor_bias,2811,6.90000000,0.80000000,0.80795277,-0.01228793,-0.08171015,0.68417400,-0.01805116,-0.08171015
sensor_bias_02,sensor_bias,2811,6.92000000,0.80000000,0.80855291,-0.01737233,-0.06709073,0.68379719,-0.01884059,-0.06709073
sensor_bias_02,sensor_bias,2811,6.94000000,0.80000000,0.80156584,-0.02963881,0.12000900,0.68341004,-0.01935736,0.12000900
sensor_bias_02,sensor_bias,2811,6.96000000,0.80000000,0.80234958,-0.02019831,0.05869913,0.68307608,-0.01669804,0.05869913
sensor_bias_02,sensor_bias,2811,6.98000000,0.80000000,0.80910582,-0.01076886,-0.11006041,0.68277286,-0.01516089,-0.11006041
sensor_bias_02,sensor_bias,2811,7.00000000,0.80000000,0.79965906,-0.01230841,0.06767890,0.68244239,-0.01652353,0.06767890
sensor_bias_02,sensor_bias,2811,7.02000000,0.80000000,0.80306957,-0.01579860,0.02374071,0.68214558,-0.01484047,0.02374071
sensor_bias_02,sensor_bias,2811,7.04000000,0.80000000,0.80417147,-0.01461882,-0.00199239,0.68186649,-0.01395434,-0.00199239
sensor_bias_02,sensor_bias,2811,7.06000000,0.80000000,0.80730803,-0.01852498,-0.03891971,0.68159586,-0.01353169,-0.03891971
sensor_bias_02,sensor_bias,2811,7.08000000,0.80000000,0.80221015,-0.02755871,0.09801094,0.68132093,-0.01374638,0.09801094
sensor_bias_02,sensor_bias,2811,7.10000000,0.80000000,0.80197739,-0.01695622,0.04918814,0.68108809,-0.01164198,0.04918814
sensor_bias_02,sensor_bias,2811,7.12000000,0.80000000,0.79560743,-0.01463632,0.15224780,0.68087948,-0.01043075,0.15224780
sensor_bias_02,sensor_bias,2811,7.14000000,0.80000000,0.80082012,-0.00968474,0.03366151,0.68072910,-0.00751897,0.03366151
sensor_bias_02,sensor_bias,2811,7.16000000,0.80000000,0.80153736,-0.00193870,-0.01797904,0.68059500,-0.00670473,-0.01797904
sensor_bias_02,sensor_bias,2811,7.18000000,0.80000000,0.80281299,0.00030947,-0.05218123,0.68045922,-0.00678907,-0.05218123
sensor_bias_02,sensor_bias,2811,7.20000000,0.80000000,0.80131014,-0.00825364,0.01768562,0.68031026,-0.00744816,0.01768562
sensor_bias_02,sensor_bias,2811,7.22000000,0.80000000,0.79555278,-0.00566290,0.10836450,0.68017214,-0.00690599,0.10836450
sensor_bias_02,sensor_bias,2811,7.24000000,0.80000000,0.80236785,-0.00553975,-0.01492249,0.68007513,-0.00485044,-0.01492249
sensor_bias_02,sensor_bias,2811,7.26000000,0.80000000,0.80258303,0.00291386,-0.06106377,0.67997625,-0.00494380,-0.06106377
sensor_bias_02,sensor_bias,2811,7.28000000,0.80000000,0.80341620,-0.00933042,-0.01483952,0.67985999,-0.00581321,-0.01483952
sensor_bias_02,sensor_bias,2811,7.30000000,0.80000000,0.80079688,-0.00849151,0.02811373,0.67974252,-0.00587369,0.02811373
sensor_bias_02,sensor_bias,2811,7.32000000,0.80000000,0.80658828,-0.00980379,-0.06957003,0.67963838,-0.00520693,-0.06957003
sensor_bias_02,sensor_bias,2811,7.34000000,0.80000000,0.80292366,-0.01221916,0.00846987,0.67951415,-0.00621136,0.00846987
sensor_bias_02,sensor_bias,2811,7.36000000,0.80000000,0.79881304,-0.00587070,0.05071875,0.67939684,-0.00586524,0.05071875
sensor_bias_02,sensor_bias,2811,7.38000000,0.80000000,0.80209938,-0.00061780,-0.03469989,0.67930050,-0.00481707,-0.03469989
sensor_bias_02,sensor_bias,2811,7.40000000,0.80000000,0.80349783,-0.01586457,0.01636184,0.67919559,-0.00524546,0.01636184
sensor_bias_02,sensor_bias,2811,7.42000000,0.80000000,0.79746290,-0.00122912,0.05181347,0.67909964,-0.00479767,0.05181347
sensor_bias_02,sensor_bias,2811,7.44000000,0.80000000,0.80017651,-0.00246207,0.00913321,0.67902432,-0.00376592,0.00913321
sensor_bias_02,sensor_bias,2811,7.46000000,0.80000000,0.80022358,-0.00487947,0.02037289,0.67895455,-0.00348857,0.02037289
sensor_bias_02,sensor_bias,2811,7.48000000,0.80000000,0.80558165,-0.00545163,-0.07321149,0.67889394,-0.00303050,-0.07321149
sensor_bias_02,sensor_bias,2811,7.50000000,0.80000000,0.80322191,0.00545342,-0.08526149,0.67881059,-0.00416758,-0.08526149
sensor_bias_02,sensor_bias,2811,7.52000000,0.80000000,0.79704893,0.00379757,0.03413141,0.67870117,-0.00547095,0.03413141
sensor_bias_02,sensor_bias,2811,7.54000000,0.80000000,0.80192835,-0.00650836,-0.00216853,0.67860686,-0.00471575,-0.00216853
sensor_bias_02,sensor_bias,2811,7.56000000,0.80000000,0.80059450,0.00046771,-0.01303959,0.67851489,-0.00459817,-0.01303959
sensor_bias_02,sensor_bias,2811,7.58000000,0.80000000,0.80111881,0.00140943,-0.02718572,0.67842153,-0.00466799,-0.02718572
sensor_bias_02,sensor_bias,2811,7.60000000,0.80000000,0.80191376,0.00272862,-0.04809085,0.67832204,-0.00497438,-0.04809085
sensor_bias_02,sensor_bias,2811,7.62000000,0.80000000,0.79810767,-0.01329482,0.10053611,0.67820957,-0.00562374,0.10053611
sensor_bias_02,sensor_bias,2811,7.64000000,0.80000000,0.79724230,-0.01195179,0.10939755,0.67813472,-0.00374230,0.10939755
sensor_bias_02,sensor_bias,2811,7.66000000,0.80000000,0.79570246,-0.00301966,0.09245413,0.67809927,-0.00177274,0.09245413
sensor_bias_02,sensor_bias,2811,7.68000000,0.80000000,0.80108610,-0.00404222,0.00066136,0.67809620,-0.00015368,0.00066136
sensor_bias_02,sensor_bias,2811,7.70000000,0.80000000,0.79677663,-0.00093710,0.06270622,0.67809345,-0.00013749,0.06270622
sensor_bias_02,sensor_bias,2811,7.72000000,0.80000000,0.79984895,-0.00252062,0.01532194,0.67811196,0.00092580,0.01532194
sensor_bias_02,sensor_bias,2811,7.74000000,0.80000000,0.80139778,0.00846764,-0.06749826,0.67813505,0.00115424,-0.06749826
sensor_bias_02,sensor_bias,2811,7.76000000,0.80000000,0.80355593,-0.00231503,-0.05243153,0.67813458,-0.00002321,-0.05243153
sensor_bias_02,sensor_bias,2811,7.78000000,0.80000000,0.79525009,-0.00356954,0.10334612,0.67811643,-0.00090776,0.10334612
sensor_bias_02,sensor_bias,2811,7.80000000,0.80000000,0.79192111,-0.00407277,0.16578383,0.67813377,0.00086692,0.16578383
sensor_bias_02,sensor_bias,2811,7.82000000,0.80000000,0.79830158,-0.00093457,0.03524442,0.67820652,0.00363785,0.03524442
sensor_bias_02,sensor_bias,2811,7.84000000,0.80000000,0.80107352,-0.00066390,-0.01600389,0.67828880,0.00411400,-0.01600389
sensor_bias_02,sensor_bias,2811,7.86000000,0.80000000,0.80006597,0.01159074,-0.05914108,0.67836299,0.00370925,-0.05914108
sensor_bias_02,sensor_bias,2811,7.88000000,0.80000000,0.79524605,0.01485988,0.01127173,0.67841477,0.00258936,0.01127173
sensor_bias_02,sensor_bias,2811,7.90000000,0.80000000,0.79420509,-0.00393771,0.12399686,0.67846867,0.00269501,0.12399686
sensor_bias_02,sensor_bias,2811,7.92000000,0.80000000,0.79222542,0.00957723,0.09205624,0.67856269,0.00470058,0.09205624
sensor_bias_02,sensor_bias,2811,7.94000000,0.80000000,0.80117562,0.00688426,-0.05558243,0.67868471,0.00610126,-0.05558243
sensor_bias_02,sensor_bias,2811,7.96000000,0.80000000,0.80157773,0.01710718,-0.11393505,0.67878398,0.00496324,-0.11393505
sensor_bias_02,sensor_bias,2811,7.98000000,0.80000000,0.79925294,0.00328852,-0.11393505,0.67884152,0.00287715,-0.11393505
sensor_bias_03,sensor_bias,2812,0.00000000,0.00000000,0.11711694,0.00306095,-2.12340967,0.00000000,0.00000000,-2.12340967
sensor_bias_03,sensor_bias,2812,0.02000000,0.00000000,0.11688906,-0.03680740,-1.91996614,-0.00068089,-0.03404442,-1.91996614
sensor_bias_03,sensor_bias,2812,0.04000000,0.00000000,0.11790206,-0.06686792,-1.78789755,-0.00195497,-0.06370387,-1.78789755
sensor_bias_03,sensor_bias,2812,0.06000000,0.00000000,0.11523244,-0.08436687,-1.65234968,-0.00376031,-0.09026737,-1.65234968
sensor_bias_03,sensor_bias,2812,0.08000000,0.00000000,0.11719573,-0.10988922,-1.56007701,-0.00603594,-0.11378129,-1.56007701
sensor_bias_03,sensor_bias,2812,0.10000000,0.00000000,0.10842899,-0.13283100,-1.28756675,-0.00873674,-0.13504004,-1.28756675
sensor_bias_03,sensor_bias,2812,0.12000000,0.00000000,0.10848560,-0.14293835,-1.23804912,-0.01176131,-0.15122832,-1.23804912
sensor_bias_03,sensor_bias,2812,0.14000000,0.00000000,0.10624116,-0.15939031,-1.11538940,-0.01508308,-0.16608860,-1.11538940
sensor_bias_03,sensor_bias,2812,0.16000000,0.00000000,0.10553007,-0.17379529,-1.03056481,-0.01865292,-0.17849204,-1.03056481
sensor_bias_03,sensor_bias,2812,0.18000000,0.00000000,0.09669702,-0.18216649,-0.82971394,-0.02243544,-0.18912628,-0.82971394
sensor_bias_03,sensor_bias,2812,0.20000000,0.00000000,0.09198518,-0.19166463,-0.69741012,-0.02635923,-0.19618947,-0.69741012
sensor_bias_03,sensor_bias,2812,0.22000000,0.00000000,0.08952734,-0.19760801,-0.62345213,-0.03037720,-0.20089841,-0.62345213
sensor_bias_03,sensor_bias,2812,0.24000000,0.00000000,0.07797331,-0.20542979,-0.37637061,-0.03446253,-0.20426624,-0.37637061
sensor_bias_03,sensor_bias,2812,0.26000000,0.00000000,0.07852842,-0.21438493,-0.34158685,-0.03853376,-0.20356153,-0.34158685
sensor_bias_03,sensor_bias,2812,0.28000000,0.00000000,0.07504075,-0.20552057,-0.32313063,-0.04258021,-0.20232238,-0.32313063
sensor_bias_03,sensor_bias,2812,0.30000000,0.00000000,0.07075529,-0.20394704,-0.25385995,-0.04659677,-0.20082821,-0.25385995
sensor_bias_03,sensor_bias,2812,0.32000000,0.00000000,0.06697280,-0.20516043,-0.17970830,-0.05056222,-0.19827272,-0.17970830
sensor_bias_03,sensor_bias,2812,0.34000000,0.00000000,0.06358560,-0.20052266,-0.14192740,-0.05445448,-0.19461268,-0.14192740
sensor_bias_03,sensor_bias,2812,0.36000000,0.00000000,0.06025170,-0.18437790,-0.16264105,-0.05826383,-0.19046764,-0.16264105
sensor_bias_03,sensor_bias,2812,0.38000000,0.00000000,0.06164258,-0.18764011,-0.17136587,-0.06199966,-0.18679146,-0.17136587
sensor_bias_03,sensor_bias,2812,0.40000000,0.00000000,0.05570154,-0.18670733,-0.06909104,-0.06566719,-0.18337645,-0.06909104
sensor_bias_03,sensor_bias,2812,0.42000000,0.00000000,0.05110971,-0.17317774,-0.05408613,-0.06923588,-0.17843433,-0.05408613
sensor_bias_03,sensor_bias,2812,0.44000000,0.00000000,0.04698647,-0.17165704,0.01252879,-0.07270417,-0.17341470,0.01252879
sensor_bias_03,sensor_bias,2812,0.46000000,0.00000000,0.04323051,-0.16969677,0.07033459,-0.07605402,-0.16749264,0.07033459
sensor_bias_03,sensor_bias,2812,0.48000000,0.00000000,0.03519863,-0.15119563,0.12240276,-0.07927081,-0.16083915,0.12240276
sensor_bias_03,sensor_bias,2812,0.50000000,0.00000000,0.03754202,-0.15965055,0.12249635,-0.08234221,-0.15357038,0.12249635
sensor_bias_03,sensor_bias,2812,0.52000000,0.00000000,0.03470928,-0.14474565,0.09896118,-0.08527301,-0.14653991,0.09896118
sensor_bias_03,sensor_bias,2812,0.54000000,0.00000000,0.03230243,-0.12730004,0.05505646,-0.08807539,-0.14011872,0.05505646
sensor_bias_03,sensor_bias,2812,0.56000000,0.00000000,0.03007339,-0.12806976,0.09902786,-0.09076765,-0.13461330,0.09902786
sensor_bias_03,sensor_bias,2812,0.58000000,0.00000000,0.02411426,-0.13212067,0.22654674,-0.09333934,-0.12858451,0.22654674
sensor_bias_03,sensor_bias,2812,0.60000000,0.00000000,0.02303707,-0.12400505,0.20535794,-0.09575354,-0.12071013,0.20535794
sensor_bias_03,sensor_bias,2812,0.62000000,0.00000000,0.01694457,-0.11602005,0.27509802,-0.09802225,-0.11343526,0.27509802
sensor_bias_03,sensor_bias,2812,0.64000000,0.00000000,0.01567018,-0.10523509,0.24411212,-0.10012789,-0.10528225,0.24411212
sensor_bias_03,sensor_bias,2812,0.66000000,0.00000000,0.01622317,-0.10081001,0.21203307,-0.10208579,-0.09789502,0.21203307
sensor_bias_03,sensor_bias,2812,0.68000000,0.00000000,0.01131887,-0.09112713,0.25189603,-0.10391111,-0.09126582,0.25189603
sensor_bias_03,sensor_bias,2812,0.70000000,0.00000000,0.01325033,-0.09579357,0.24046202,-0.10559544,-0.08421621,0.24046202
sensor_bias_03,sensor_bias,2812,0.72000000,0.00000000,0.01149675,-0.08338329,0.20997485,-0.10714709,-0.07758250,0.20997485
sensor_bias_03,sensor_bias,2812,0.74000000,0.00000000,0.01379150,-0.06926737,0.09808990,-0.10858021,-0.07165644,0.09808990
sensor_bias_03,sensor_bias,2812,0.76000000,0.00000000,0.01663942,-0.06097613,0.00537112,-0.10993461,-0.06771973,0.00537112
sensor_bias_03,sensor_bias,2812,0.78000000,0.00000000,0.01271549,-0.06017892,0.07201585,-0.11124260,-0.06539945,0.07201585
sensor_bias_03,sensor_bias,2812,0.80000000,0.00000000,0.00798341,-0.06116288,0.16211291,-0.11248434,-0.06208721,0.16211291
sensor_bias_03,sensor_bias,2812,0.82000000,0.00000000,0.00759284,-0.04752671,0.10096246,-0.11363314,-0.05743973,0.10096246
sensor_bias_03,sensor_bias,2812,0.84000000,0.00000000,0.00023333,-0.05477567,0.26967846,-0.11471166,-0.05392599,0.26967846
sensor_bias_03,sensor_bias,2812,0.86000000,0.00000000,0.00190855,-0.05598101,0.24555110,-0.11566812,-0.04782317,0.24555110
sensor_bias_03,sensor_bias,2812,0.88000000,0.00000000,0.00378301,-0.05217254,0.19276855,-0.11651429,-0.04230852,0.19276855
sensor_bias_03,sensor_bias,2812,0.90000000,0.00000000,0.00335800,-0.03008147,0.08996333,-0.11727073,-0.03782206,0.08996333
sensor_bias_03,sensor_bias,2812,0.92000000,0.00000000,0.00226192,-0.04159519,0.16726136,-0.11797337,-0.03513189,0.16726136
sensor_bias_03,sensor_bias,2812,0.94000000,0.00000000,-0.00133951,-0.03004577,0.17434004,-0.11859919,-0.03129116,0.17434004
sensor_bias_03,sensor_bias,2812,0.96000000,0.00000000,-0.00112747,-0.02621160,0.15135245,-0.11914846,-0.02746364,0.15135245
sensor_bias_03,sensor_bias,2812,0.98000000,0.00000000,0.00417013,-0.01983407,0.02410794,-0.11963108,-0.02413096,0.02410794
sensor_bias_03,sensor_bias,2812,1.00000000,0.50000000,0.00660291,-0.01914173,8.97685635,-0.12009005,-0.02294832,8.97685635
sensor_bias_03,sensor_bias,2812,1.02000000,0.50000000,0.00256896,0.12329462,8.33728563,-0.11765537,0.12173381,8.33728563
sensor_bias_03,sensor_bias,2812,1.04000000,0.50000000,0.00671251,0.24876851,7.63533225,-0.11262760,0.25138852,7.63533225
sensor_bias_03,sensor_bias,2812,1.06000000,0.50000000,0.01072186,0.37000105,6.95700132,-0.10531738,0.36551138,6.95700132
sensor_bias_03,sensor_bias,2812,1.08000000,0.50000000,0.02112190,0.47229250,6.25834329,-0.09601750,0.46499357,6.25834329
sensor_bias_03,sensor_bias,2812,1.10000000,0.50000000,0.03350083,0.54527814,5.67059428,-0.08501766,0.54999218,5.67059428
sensor_bias_03,sensor_bias,2812,1.12000000,0.50000000,0.04681928,0.62303917,5.04205703,-0.07256240,0.62276326,5.04205703
sensor_bias_03,sensor_bias,2812,1.14000000,0.50000000,0.05612402,0.68230643,4.57823545,-0.05890127,0.68305623,4.57823545
sensor_bias_03,sensor_bias,2812,1.16000000,0.50000000,0.07626516,0.73594122,3.94752105,-0.04422280,0.73392366,3.94752105
sensor_bias_03,sensor_bias,2812,1.18000000,0.50000000,0.09172804,0.77212377,3.48827638,-0.02876278,0.77300072,3.48827638
sensor_bias_03,sensor_bias,2812,1.20000000,0.50000000,0.10808017,0.79838232,3.06264535,-0.01269427,0.80342555,3.06264535
sensor_bias_03,sensor_bias,2812,1.22000000,0.50000000,0.12340522,0.82665832,2.64541448,0.00382618,0.82602252,2.64541448
sensor_bias_03,sensor_bias,2812,1.24000000,0.50000000,0.14457880,0.85015928,2.14678524,0.02064987,0.84118456,2.14678524
sensor_bias_03,sensor_bias,2812,1.26000000,0.50000000,0.16100501,0.84217448,1.89103736,0.03760691,0.84785192,1.89103736
sensor_bias_03,sensor_bias,2812,1.28000000,0.50000000,0.17372534,0.84345296,1.65567909,0.05461089,0.85019893,1.65567909
sensor_bias_03,sensor_bias,2812,1.30000000,0.50000000,0.19658121,0.85119668,1.20555484,0.07158479,0.84869503,1.20555484
sensor_bias_03,sensor_bias,2812,1.32000000,0.50000000,0.20901711,0.84826250,0.99637942,0.08838527,0.84002396,0.99637942
sensor_bias_03,sensor_bias,2812,1.34000000,0.50000000,0.21889932,0.82556292,0.93199769,0.10495097,0.82828526,0.93199769
sensor_bias_03,sensor_bias,2812,1.36000000,0.50000000,0.23909953,0.81852751,0.60357099,0.12126900,0.81590161,0.60357099
sensor_bias_03,sensor_bias,2812,1.38000000,0.50000000,0.25531753,0.78769351,0.46581685,0.13724222,0.79866089,0.46581685
sensor_bias_03,sensor_bias,2812,1.40000000,0.50000000,0.27091203,0.78237295,0.21171878,0.15283783,0.77978036,0.21171878
sensor_bias_03,sensor_bias,2812,1.42000000,0.50000000,0.28686338,0.74565585,0.10817994,0.16798680,0.75744880,0.10817994
sensor_bias_03,sensor_bias,2812,1.44000000,0.50000000,0.30235126,0.72967257,-0.09068557,0.18267068,0.73419396,-0.09068557
sensor_bias_03,sensor_bias,2812,1.46000000,0.50000000,0.31414727,0.69439695,-0.12663554,0.19684104,0.70851793,-0.12663554
sensor_bias_03,sensor_bias,2812,1.48000000,0.50000000,0.33031842,0.67757109,-0.33358698,0.21050329,0.68311262,-0.33358698
sensor_bias_03,sensor_bias,2812,1.50000000,0.50000000,0.34354795,0.65901862,-0.47895610,0.22360784,0.65522742,-0.47895610
sensor_bias_03,sensor_bias,2812,1.52000000,0.50000000,0.35603876,0.61696836,-0.49353953,0.23612647,0.62593151,-0.49353953
sensor_bias_03,sensor_bias,2812,1.54000000,0.50000000,0.37094435,0.60428042,-0.69840046,0.24807384,0.59736830,-0.69840046
sensor_bias_03,sensor_bias,2812,1.56000000,0.50000000,0.38239395,0.56677216,-0.71695195,0.25940310,0.56646291,-0.71695195
sensor_bias_03,sensor_bias,2812,1.58000000,0.50000000,0.38860214,0.53062266,-0.64795175,0.27012869,0.53627970,-0.64795175
sensor_bias_03,sensor_bias,2812,1.60000000,0.50000000,0.40617475,0.51546028,-0.88844701,0.28029266,0.50819855,-0.88844701
sensor_bias_03,sensor_bias,2812,1.62000000,0.50000000,0.41256942,0.47032110,-0.77785515,0.28983642,0.47718800,-0.77785515
sensor_bias_03,sensor_bias,2812,1.64000000,0.50000000,0.42158922,0.45303770,-0.85379450,0.29881589,0.44897363,-0.85379450
sensor_bias_03,sensor_bias,2812,1.66000000,0.50000000,0.42421190,0.42362734,-0.75395089,0.30722535,0.42047257,-0.75395089
sensor_bias_03,sensor_bias,2812,1.68000000,0.50000000,0.43873907,0.38915351,-0.84307079,0.31511560,0.39451258,-0.84307079
sensor_bias_03,sensor_bias,2812,1.70000000,0.50000000,0.44082001,0.37219938,-0.79575700,0.32247520,0.36798020,-0.79575700
sensor_bias_03,sensor_bias,2812,1.72000000,0.50000000,0.45003567,0.34424749,-0.82187944,0.32933684,0.34308173,-0.82187944
sensor_bias_03,sensor_bias,2812,1.74000000,0.50000000,0.45663298,0.32928744,-0.86583087,0.33570855,0.31858588,-0.86583087
sensor_bias_03,sensor_bias,2812,1.76000000,0.50000000,0.46773009,0.29011243,-0.86970375,0.34159242,0.29419351,-0.86970375
sensor_bias_03,sensor_bias,2812,1.78000000,0.50000000,0.47306954,0.27650054,-0.89775437,0.34700330,0.27054379,-0.89775437
sensor_bias_03,sensor_bias,2812,1.80000000,0.50000000,0.47509165,0.24183288,-0.76081414,0.35194779,0.24722457,-0.76081414
sensor_bias_03,sensor_bias,2812,1.82000000,0.50000000,0.47617601,0.21651905,-0.65376337,0.35648520,0.22687024,-0.65376337
sensor_bias_03,sensor_bias,2812,1.84000000,0.50000000,0.47987315,0.21469924,-0.71121293,0.36066327,0.20890375,-0.71121293
sensor_bias_03,sensor_bias,2812,1.86000000,0.50000000,0.48616181,0.19359928,-0.71890899,0.36447545,0.19060892,-0.71890899
sensor_bias_03,sensor_bias,2812,1.88000000,0.50000000,0.48501467,0.16929613,-0.57674480,0.36793134,0.17279428,-0.57674480
sensor_bias_03,sensor_bias,2812,1.90000000,0.50000000,0.49561986,0.16009612,-0.72163807,0.37108827,0.15784666,-0.72163807
sensor_bias_03,sensor_bias,2812,1.92000000,0.50000000,0.49499396,0.13990858,-0.60943419,0.37390965,0.14106913,-0.60943419
sensor_bias_03,sensor_bias,2812,1.94000000,0.50000000,0.49213230,0.12253644,-0.47106353,0.37644253,0.12664407,-0.47106353
sensor_bias_03,sensor_bias,2812,1.96000000,0.50000000,0.49815052,0.11165674,-0.52499306,0.37874080,0.11491339,-0.52499306
sensor_bias_03,sensor_bias,2812,1.98000000,0.50000000,0.49749289,0.08752520,-0.39249805,0.38079490,0.10270508,-0.39249805
sensor_bias_03,sensor_bias,2812,2.00000000,0.50000000,0.50493133,0.09682168,-0.57287240,0.38265538,0.09302382,-0.57287240
sensor_bias_03,sensor_bias,2812,2.02000000,0.50000000,0.50134446,0.07159333,-0.38216701,0.38427078,0.08077003,-0.38216701
sensor_bias_03,sensor_bias,2812,2.04000000,0.50000000,0.51021278,0.06992952,-0.53347759,0.38571034,0.07197807,-0.53347759
sensor_bias_03,sensor_bias,2812,2.06000000,0.50000000,0.50827110,0.05430608,-0.42041020,0.38693134,0.06105022,-0.42041020
sensor_bias_03,sensor_bias,2812,2.08000000,0.50000000,0.50488655,0.04713692,-0.32364252,0.38797726,0.05229569,-0.32364252
sensor_bias_03,sensor_bias,2812,2.10000000,0.50000000,0.50854855,0.04287908,-0.36826939,0.38888489,0.04538146,-0.36826939
sensor_bias_03,sensor_bias,2812,2.12000000,0.50000000,0.50804212,0.04809740,-0.38524524,0.38964448,0.03797983,-0.38524524
sensor_bias_03,sensor_bias,2812,2.14000000,0.50000000,0.50648430,0.02431344,-0.23828464,0.39025549,0.03055023,-0.23828464
sensor_bias_03,sensor_bias,2812,2.16000000,0.50000000,0.50937981,0.03374645,-0.33756879,0.39076993,0.02572194,-0.33756879
sensor_bias_03,sensor_bias,2812,2.18000000,0.50000000,0.51286662,0.01278719,-0.29553513,0.39115915,0.01946113,-0.29553513
sensor_bias_03,sensor_bias,2812,2.20000000,0.50000000,0.51298501,0.01189290,-0.29319465,0.39144077,0.01408080,-0.29319465
sensor_bias_03,sensor_bias,2812,2.22000000,0.50000000,0.51243869,0.01125336,-0.28016326,0.39161908,0.00891549,-0.28016326
sensor_bias_03,sensor_bias,2812,2.24000000,0.50000000,0.50932946,0.00321328,-0.18399672,0.39170167,0.00412953,-0.18399672
sensor_bias_03,sensor_bias,2812,2.26000000,0.50000000,0.51223023,0.00289450,-0.23461661,0.39172253,0.00104329,-0.23461661
sensor_bias_03,sensor_bias,2812,2.28000000,0.50000000,0.51828798,-0.00548163,-0.30177553,0.39166748,-0.00275272,-0.30177553
sensor_bias_03,sensor_bias,2812,2.30000000,0.50000000,0.51495912,-0.00554489,-0.24153980,0.39151747,-0.00750024,-0.24153980
sensor_bias_03,sensor_bias,2812,2.32000000,0.50000000,0.50921475,-0.00936243,-0.11905329,0.39129497,-0.01112538,-0.11905329
sensor_bias_03,sensor_bias,2812,2.34000000,0.50000000,0.51362153,-0.00703337,-0.21002067,0.39104162,-0.01266711,-0.21002067
sensor_bias_03,sensor_bias,2812,2.36000000,0.50000000,0.50605216,-0.01397260,-0.03907592,0.39072929,-0.01561644,-0.03907592
sensor_bias_03,sensor_bias,2812,2.38000000,0.50000000,0.50802575,-0.00890076,-0.09995961,0.39041474,-0.01572773,-0.09995961
sensor_bias_03,sensor_bias,2812,2.40000000,0.50000000,0.51384735,-0.02163921,-0.14105627,0.39007851,-0.01681150,-0.14105627
sensor_bias_03,sensor_bias,2812,2.42000000,0.50000000,0.51283346,-0.02163262,-0.12283917,0.38970814,-0.01851840,-0.12283917
sensor_bias_03,sensor_bias,2812,2.44000000,0.50000000,0.51011565,-0.02803138,-0.04192481,0.38931060,-0.01987692,-0.04192481
sensor_bias_03,sensor_bias,2812,2.46000000,0.50000000,0.50298141,-0.01492060,0.02093759,0.38891274,-0.01989333,0.02093759
sensor_bias_03,sensor_bias,2812,2.48000000,0.50000000,0.50672056,-0.01349374,-0.05350139,0.38853471,-0.01890133,-0.05350139
sensor_bias_03,sensor_bias,2812,2.50000000,0.50000000,0.50495989,-0.02217929,0.02161836,0.38815200,-0.01913554,0.02161836
sensor_bias_03,sensor_bias,2812,2.52000000,0.50000000,0.50936366,-0.02175736,-0.05975903,0.38778885,-0.01815762,-0.05975903
sensor_bias_03,sensor_bias,2812,2.54000000,0.50000000,0.49742940,-0.02768618,0.18470174,0.38741851,-0.01851669,0.18470174
sensor_bias_03,sensor_bias,2812,2.56000000,0.50000000,0.50846630,-0.01367721,-0.08400728,0.38711962,-0.01494449,-0.08400728
sensor_bias_03,sensor_bias,2812,2.58000000,0.50000000,0.51188730,-0.02669261,-0.08050844,0.38680366,-0.01579833,-0.08050844
sensor_bias_03,sensor_bias,2812,2.60000000,0.50000000,0.51059020,-0.01953396,-0.09295387,0.38647230,-0.01656791,-0.09295387
sensor_bias_03,sensor_bias,2812,2.62000000,0.50000000,0.50174173,-0.02108081,0.07405286,0.38612207,-0.01751163,0.07405286
sensor_bias_03,sensor_bias,2812,2.64000000,0.50000000,0.50414462,-0.01318430,-0.00868169,0.38580713,-0.01574662,-0.00868169
sensor_bias_03,sensor_bias,2812,2.66000000,0.50000000,0.50581186,-0.01371421,-0.03604240,0.38549981,-0.01536631,-0.03604240
sensor_bias_03,sensor_bias,2812,2.68000000,0.50000000,0.50879473,-0.01985377,-0.05903627,0.38519106,-0.01543721,-0.05903627
sensor_bias_03,sensor_bias,2812,2.70000000,0.50000000,0.50522328,-0.01666247,-0.01070664,0.38487357,-0.01587444,-0.01070664
sensor_bias_03,sensor_bias,2812,2.72000000,0.50000000,0.49599772,-0.02597177,0.20189991,0.38456313,-0.01552238,0.20189991
sensor_bias_03,sensor_bias,2812,2.74000000,0.50000000,0.50260710,-0.01452302,0.02568734,0.38432766,-0.01177324,0.02568734
sensor_bias_03,sensor_bias,2812,2.76000000,0.50000000,0.50002599,-0.01453674,0.07221594,0.38410820,-0.01097298,0.07221594
sensor_bias_03,sensor_bias,2812,2.78000000,0.50000000,0.50669704,-0.01234810,-0.05880624,0.38391914,-0.00945313,-0.05880624
sensor_bias_03,sensor_bias,2812,2.80000000,0.50000000,0.50324774,-0.01363478,0.00971453,0.38371746,-0.01008410,0.00971453
sensor_bias_03,sensor_bias,2812,2.82000000,0.50000000,0.50392757,-0.00275078,-0.05694241,0.38352555,-0.00959566,-0.05694241
sensor_bias_03,sensor_bias,2812,2.84000000,0.50000000,0.51045234,-0.01315126,-0.12238588,0.38332170,-0.01019203,-0.12238588
sensor_bias_03,sensor_bias,2812,2.86000000,0.50000000,0.50632050,0.00226152,-0.12507663,0.38308534,-0.01181798,-0.12507663
sensor_bias_03,sensor_bias,2812,2.88000000,0.50000000,0.50698555,-0.01153428,-0.06806855,0.38281668,-0.01343343,-0.06806855
sensor_bias_03,sensor_bias,2812,2.90000000,0.50000000,0.50442793,-0.00344337,-0.06248589,0.38253504,-0.01408158,-0.06248589
sensor_bias_03,sensor_bias,2812,2.92000000,0.50000000,0.50382503,-0.01700828,0.01619095,0.38224267,-0.01461884,0.01619095
sensor_bias_03,sensor_bias,2812,2.94000000,0.50000000,0.49966511,-0.00663352,0.03919553,0.38196513,-0.01387696,0.03919553
sensor_bias_03,sensor_bias,2812,2.96000000,0.50000000,0.50161120,-0.01171576,0.02957716,0.38170931,-0.01279072,0.02957716
sensor_bias_03,sensor_bias,2812,2.98000000,0.50000000,0.50130319,-0.02375598,0.09532245,0.38147142,-0.01189453,0.09532245
sensor_bias_03,sensor_bias,2812,3.00000000,-0.30000000,0.50377159,-0.00006697,-12.00000000,0.38127195,-0.00997382,-12.00000000
sensor_bias_03,sensor_bias,2812,3.02000000,-0.30000000,0.49355772,-0.20740938,-12.00000000,0.37723116,-0.20203957,-12.00000000
sensor_bias_03,sensor_bias,2812,3.04000000,-0.30000000,0.48842013,-0.38917164,-12.00000000,0.36947578,-0.38776881,-12.00000000
sensor_bias_03,sensor_bias,2812,3.06000000,-0.30000000,0.48014387,-0.57198307,-11.18267422,0.35812837,-0.56737058,-11.18267422
sensor_bias_03,sensor_bias,2812,3.08000000,-0.30000000,0.46399074,-0.72852721,-10.10919725,0.34356951,-0.72794295,-10.10919725
sensor_bias_03,sensor_bias,2812,3.10000000,-0.30000000,0.44630377,-0.86036987,-9.13161857,0.32624937,-0.86600686,-9.13161857
sensor_bias_03,sensor_bias,2812,3.12000000,-0.30000000,0.42846703,-0.97642884,-8.23026225,0.30657252,-0.98384243,-8.23026225
sensor_bias_03,sensor_bias,2812,3.14000000,-0.30000000,0.41094427,-1.07880921,-7.40295078,0.28490574,-1.08333908,-7.40295078
sensor_bias_03,sensor_bias,2812,3.16000000,-0.30000000,0.38322949,-1.16159297,-6.49016591,0.26157996,-1.16628901,-6.49016591
sensor_bias_03,sensor_bias,2812,3.18000000,-0.30000000,0.35795419,-1.22906178,-5.69786652,0.23694261,-1.23186771,-5.69786652
sensor_bias_03,sensor_bias,2812,3.20000000,-0.30000000,0.32849893,-1.28200600,-4.90295075,0.21129101,-1.28258002,-4.90295075
sensor_bias_03,sensor_bias,2812,3.22000000,-0.30000000,0.30292985,-1.31846911,-4.26039181,0.18491352,-1.31887446,-4.26039181
sensor_bias_03,sensor_bias,2812,3.24000000,-0.30000000,0.27813453,-1.34685770,-3.67213299,0.15804013,-1.34366941,-3.67213299
sensor_bias_03,sensor_bias,2812,3.26000000,-0.30000000,0.25140679,-1.35309816,-3.15983145,0.13087583,-1.35821485,-3.15983145
sensor_bias_03,sensor_bias,2812,3.28000000,-0.30000000,0.21647305,-1.36380555,-2.47748717,0.10359450,-1.36406673,-2.47748717
sensor_bias_03,sensor_bias,2812,3.30000000,-0.30000000,0.19885864,-1.36061716,-2.17636972,0.07641879,-1.35878559,-2.17636972
sensor_bias_03,sensor_bias,2812,3.32000000,-0.30000000,0.16813106,-1.34533857,-1.69966628,0.04944177,-1.34885090,-1.69966628
sensor_bias_03,sensor_bias,2812,3.34000000,-0.30000000,0.14434289,-1.31618169,-1.41726355,0.02280975,-1.33160103,-1.41726355
sensor_bias_03,sensor_bias,2812,3.36000000,-0.30000000,0.11759527,-1.31249579,-0.95423586,-0.00339810,-1.31039253,-0.95423586
sensor_bias_03,sensor_bias,2812,3.38000000,-0.30000000,0.09457288,-1.28968501,-0.65388678,-0.02904730,-1.28246004,-0.65388678
sensor_bias_03,sensor_bias,2812,3.40000000,-0.30000000,0.06220007,-1.24568771,-0.29116275,-0.05405998,-1.25063362,-0.29116275
sensor_bias_03,sensor_bias,2812,3.42000000,-0.30000000,0.04432751,-1.21991099,-0.09834029,-0.07834081,-1.21404167,-0.09834029
sensor_bias_03,sensor_bias,2812,3.44000000,-0.30000000,0.01100944,-1.18021660,0.30291311,-0.10185212,-1.17556545,0.30291311
sensor_bias_03,sensor_bias,2812,3.46000000,-0.30000000,-0.00201169,-1.14118717,0.34214629,-0.12449063,-1.13192535,0.34214629
sensor_bias_03,sensor_bias,2812,3.48000000,-0.30000000,-0.02567147,-1.08104467,0.46730975,-0.14627255,-1.08909597,0.46730975
sensor_bias_03,sensor_bias,2812,3.50000000,-0.30000000,-0.04815764,-1.04319897,0.68283242,-0.16718600,-1.04567287,0.68283242
sensor_bias_03,sensor_bias,2812,3.52000000,-0.30000000,-0.06438086,-1.01517502,0.83473066,-0.18719054,-1.00022689,0.83473066
sensor_bias_03,sensor_bias,2812,3.54000000,-0.30000000,-0.08762238,-0.96430563,0.99873107,-0.20626744,-0.95384488,0.99873107
sensor_bias_03,sensor_bias,2812,3.56000000,-0.30000000,-0.10134632,-0.90037995,0.92613357,-0.22439471,-0.90636366,0.92613357
sensor_bias_03,sensor_bias,2812,3.58000000,-0.30000000,-0.12046265,-0.86081231,1.07238927,-0.24162697,-0.86161287,1.07238927
sensor_bias_03,sensor_bias,2812,3.60000000,-0.30000000,-0.13652156,-0.82024411,1.15860869,-0.25794684,-0.81599356,1.15860869
sensor_bias_03,sensor_bias,2812,3.62000000,-0.30000000,-0.15124813,-0.77934768,1.21920472,-0.27335678,-0.77049695,1.21920472
sensor_bias_03,sensor_bias,2812,3.64000000,-0.30000000,-0.17068428,-0.73848388,1.36473648,-0.28786738,-0.72552981,1.36473648
sensor_bias_03,sensor_bias,2812,3.66000000,-0.30000000,-0.18295370,-0.68397431,1.31303812,-0.30146163,-0.67971290,1.31303812
sensor_bias_03,sensor_bias,2812,3.68000000,-0.30000000,-0.19022976,-0.64462395,1.24725536,-0.31418636,-0.63623642,1.24725536
sensor_bias_03,sensor_bias,2812,3.70000000,-0.30000000,-0.20986991,-0.60361016,1.39570909,-0.32609134,-0.59524899,1.39570909
sensor_bias_03,sensor_bias,2812,3.72000000,-0.30000000,-0.21281691,-0.55641188,1.21276385,-0.33715601,-0.55323364,1.21276385
sensor_bias_03,sensor_bias,2812,3.74000000,-0.30000000,-0.22693817,-0.50734352,1.22160458,-0.34746677,-0.51553758,1.22160458
sensor_bias_03,sensor_bias,2812,3.76000000,-0.30000000,-0.24057043,-0.47594074,1.30997135,-0.35704563,-0.47894342,1.30997135
sensor_bias_03,sensor_bias,2812,3.78000000,-0.30000000,-0.24300301,-0.44930669,1.22058758,-0.36588843,-0.44213977,1.22058758
sensor_bias_03,sensor_bias,2812,3.80000000,-0.30000000,-0.25301401,-0.39385545,1.12352949,-0.37404810,-0.40798341,1.12352949
sensor_bias_03,sensor_bias,2812,3.82000000,-0.30000000,-0.26307701,-0.37362372,1.20350479,-0.38157830,-0.37651004,1.20350479
sensor_bias_03,sensor_bias,2812,3.84000000,-0.30000000,-0.27097081,-0.34375764,1.19626278,-0.38847415,-0.34479279,1.19626278
sensor_bias_03,sensor_bias,2812,3.86000000,-0.30000000,-0.27927152,-0.32757345,1.26475468,-0.39475892,-0.31423804,1.26475468
sensor_bias_03,sensor_bias,2812,3.88000000,-0.30000000,-0.28286954,-0.27885384,1.08592091,-0.40043078,-0.28359320,1.08592091
sensor_bias_03,sensor_bias,2812,3.90000000,-0.30000000,-0.28279700,-0.25127095,0.94670082,-0.40556731,-0.25682661,0.94670082
sensor_bias_03,sensor_bias,2812,3.92000000,-0.30000000,-0.28912553,-0.24115699,1.01004448,-0.41023082,-0.23317519,1.01004448
sensor_bias_03,sensor_bias,2812,3.94000000,-0.30000000,-0.29890347,-0.20281569,0.99434092,-0.41441658,-0.20928848,0.99434092
sensor_bias_03,sensor_bias,2812,3.96000000,-0.30000000,-0.29726311,-0.17703580,0.83591499,-0.41814542,-0.18644159,0.83591499
sensor_bias_03,sensor_bias,2812,3.98000000,-0.30000000,-0.30304431,-0.16004287,0.85501195,-0.42148319,-0.16688848,0.85501195
sensor_bias_03,sensor_bias,2812,4.00000000,-0.30000000,-0.31164870,-0.14589600,0.93915662,-0.42443667,-0.14767428,0.93915662
sensor_bias_03,sensor_bias,2812,4.02000000,-0.30000000,-0.31044964,-0.12759342,0.82606063,-0.42699157,-0.12774490,0.82606063
sensor_bias_03,sensor_bias,2812,4.04000000,-0.30000000,-0.31216880,-0.11177238,0.77790039,-0.42919730,-0.11028627,0.77790039
sensor_bias_03,sensor_bias,2812,4.06000000,-0.30000000,-0.30713496,-0.08938423,0.57535044,-0.43108081,-0.09417578,0.57535044
sensor_bias_03,sensor_bias,2812,4.08000000,-0.30000000,-0.31198950,-0.08073901,0.61950598,-0.43271770,-0.08184425,0.61950598
sensor_bias_03,sensor_bias,2812,4.10000000,-0.30000000,-0.31441197,-0.06456690,0.58224994,-0.43410193,-0.06921162,0.58224994
sensor_bias_03,sensor_bias,2812,4.12000000,-0.30000000,-0.31337886,-0.05116690,0.49665398,-0.43525379,-0.05759308,0.49665398
sensor_bias_03,sensor_bias,2812,4.14000000,-0.30000000,-0.31554500,-0.05252075,0.54241378,-0.43620839,-0.04773020,0.54241378
sensor_bias_03,sensor_bias,2812,4.16000000,-0.30000000,-0.31667530,-0.03575091,0.47890991,-0.43695757,-0.03745905,0.47890991
sensor_bias_03,sensor_bias,2812,4.18000000,-0.30000000,-0.31404845,-0.03544377,0.43009086,-0.43752847,-0.02854491,0.43009086
sensor_bias_03,sensor_bias,2812,4.20000000,-0.30000000,-0.31944093,-0.02062142,0.45304378,-0.43794262,-0.02070757,0.45304378
sensor_bias_03,sensor_bias,2812,4.22000000,-0.30000000,-0.31940684,-0.01437710,0.42120858,-0.43819784,-0.01276079,0.42120858
sensor_bias_03,sensor_bias,2812,4.24000000,-0.30000000,-0.31920002,-0.00047124,0.34795646,-0.43830957,-0.00558660,0.34795646
sensor_bias_03,sensor_bias,2812,4.26000000,-0.30000000,-0.31705871,-0.00678543,0.34098393,-0.43830604,0.00017646,0.34098393
sensor_bias_03,sensor_bias,2812,4.28000000,-0.30000000,-0.31895059,0.00737560,0.30423269,-0.43819329,0.00563760,0.30423269
sensor_bias_03,sensor_bias,2812,4.30000000,-0.30000000,-0.31666123,0.01494165,0.22519390,-0.43798670,0.01032934,0.22519390
sensor_bias_03,sensor_bias,2812,4.32000000,-0.30000000,-0.32366857,0.01101088,0.37097978,-0.43771472,0.01359907,0.37097978
sensor_bias_03,sensor_bias,2812,4.34000000,-0.30000000,-0.31447286,0.01409905,0.19001616,-0.43733276,0.01909830,0.19001616
sensor_bias_03,sensor_bias,2812,4.36000000,-0.30000000,-0.31488903,0.02143654,0.16081978,-0.43690246,0.02151473,0.16081978
sensor_bias_03,sensor_bias,2812,4.38000000,-0.30000000,-0.31948434,0.00552433,0.32309653,-0.43643480,0.02338334,0.32309653
sensor_bias_03,sensor_bias,2812,4.40000000,-0.30000000,-0.31512897,0.02315297,0.15655655,-0.43587895,0.02779207,0.15655655
sensor_bias_03,sensor_bias,2812,4.42000000,-0.30000000,-0.31261843,0.03253820,0.06444081,-0.43529125,0.02938522,0.06444081
sensor_bias_03,sensor_bias,2812,4.44000000,-0.30000000,-0.31842409,0.02569986,0.20313430,-0.43470227,0.02944894,0.20313430
sensor_bias_03,sensor_bias,2812,4.46000000,-0.30000000,-0.31564762,0.02722543,0.14553009,-0.43406759,0.03173421,0.14553009
sensor_bias_03,sensor_bias,2812,4.48000000,-0.30000000,-0.31711830,0.03291809,0.14353889,-0.43340718,0.03302052,0.14353889
sensor_bias_03,sensor_bias,2812,4.50000000,-0.30000000,-0.31718277,0.02828787,0.16785056,-0.43272253,0.03423247,0.16785056
sensor_bias_03,sensor_bias,2812,4.52000000,-0.30000000,-0.30635400,0.03986583,-0.08495721,-0.43200664,0.03579423,-0.08495721
sensor_bias_03,sensor_bias,2812,4.54000000,-0.30000000,-0.30733958,0.03410785,-0.03842679,-0.43134162,0.03325122,-0.03842679
sensor_bias_03,sensor_bias,2812,4.56000000,-0.30000000,-0.31125890,0.02541395,0.07559044,-0.43071086,0.03153812,0.07559044
sensor_bias_03,sensor_bias,2812,4.58000000,-0.30000000,-0.30907047,0.02742045,0.02616622,-0.43007666,0.03170957,0.02616622
sensor_bias_03,sensor_bias,2812,4.60000000,-0.30000000,-0.30296699,0.02978020,-0.09549519,-0.42945500,0.03108295,-0.09549519
sensor_bias_03,sensor_bias,2812,4.62000000,-0.30000000,-0.30919160,0.04252686,-0.04718553,-0.42888448,0.02852641,-0.04718553
sensor_bias_03,sensor_bias,2812,4.64000000,-0.30000000,-0.30696378,0.02872671,-0.01828557,-0.42834790,0.02682877,-0.01828557
sensor_bias_03,sensor_bias,2812,4.66000000,-0.30000000,-0.31011708,0.03482761,0.00796930,-0.42783489,0.02565048,0.00796930
sensor_bias_03,sensor_bias,2812,4.68000000,-0.30000000,-0.30938600,0.01663240,0.08578597,-0.42733625,0.02493200,0.08578597
sensor_bias_03,sensor_bias,2812,4.70000000,-0.30000000,-0.30619323,0.02822047,-0.02962414,-0.42682655,0.02548486,-0.02962414
sensor_bias_03,sensor_bias,2812,4.72000000,-0.30000000,-0.31059743,0.01872506,0.09712845,-0.42634317,0.02416912,0.09712845
sensor_bias_03,sensor_bias,2812,4.74000000,-0.30000000,-0.30471202,0.02581063,-0.04423678,-0.42584459,0.02492900,-0.04423678
sensor_bias_03,sensor_bias,2812,4.76000000,-0.30000000,-0.30728912,0.02021126,0.03014787,-0.42537665,0.02339731,0.03014787
sensor_bias_03,sensor_bias,2812,4.78000000,-0.30000000,-0.30496264,0.02885597,-0.05495229,-0.42491447,0.02310876,-0.05495229
sensor_bias_03,sensor_bias,2812,4.80000000,-0.30000000,-0.30849517,0.02618189,0.02200353,-0.42448516,0.02146533,0.02200353
sensor_bias_03,sensor_bias,2812,4.82000000,-0.30000000,-0.30265645,0.01830892,-0.04372843,-0.42406297,0.02110994,-0.04372843
sensor_bias_03,sensor_bias,2812,4.84000000,-0.30000000,-0.30719656,0.01403781,0.05934910,-0.42366872,0.01971240,0.05934910
sensor_bias_03,sensor_bias,2812,4.86000000,-0.30000000,-0.30517794,0.02572288,-0.03541141,-0.42326845,0.02001360,-0.03541141
sensor_bias_03,sensor_bias,2812,4.88000000,-0.30000000,-0.30209812,0.01019449,-0.01320619,-0.42289273,0.01878557,-0.01320619
sensor_bias_03,sensor_bias,2812,4.90000000,-0.30000000,-0.30204049,0.02237699,-0.07515610,-0.42253365,0.01795408,-0.07515610
sensor_bias_03,sensor_bias,2812,4.92000000,-0.30000000,-0.30379323,0.02554489,-0.05944624,-0.42221052,0.01615678,-0.05944624
sensor_bias_03,sensor_bias,2812,4.94000000,-0.30000000,-0.30551796,0.01034118,0.04761729,-0.42191710,0.01467065,0.04761729
sensor_bias_03,sensor_bias,2812,4.96000000,-0.30000000,-0.30092496,0.01291531,-0.04792728,-0.42161810,0.01495008,-0.04792728
sensor_bias_03,sensor_bias,2812,4.98000000,-0.30000000,-0.30137211,0.01350452,-0.04282462,-0.42134433,0.01368845,-0.04282462
sensor_bias_03,sensor_bias,2812,5.00000000,0.80000000,-0.29425630,0.01440836,12.00000000,-0.42109333,0.01255024,12.00000000
sensor_bias_03,sensor_bias,2812,5.02000000,0.80000000,-0.30082705,0.20962149,12.00000000,-0.41700271,0.20453100,12.00000000
sensor_bias_03,sensor_bias,2812,5.04000000,0.80000000,-0.29089562,0.38570831,12.00000000,-0.40919915,0.39017804,12.00000000
sensor_bias_03,sensor_bias,2812,5.06000000,0.80000000,-0.27589163,0.57029480,12.00000000,-0.39780514,0.56970033,12.00000000
sensor_bias_03,sensor_bias,2812,5.08000000,0.80000000,-0.26330643,0.75085811,12.00000000,-0.38293914,0.74329994,12.00000000
sensor_bias_03,sensor_bias,2812,5.10000000,0.80000000,-0.24184213,0.91010344,12.00000000,-0.36471570,0.91117225,12.00000000
sensor_bias_03,sensor_bias,2812,5.12000000,0.80000000,-0.22887462,1.07423749,12.00000000,-0.34324557,1.07350622,12.00000000
sensor_bias_03,sensor_bias,2812,5.14000000,0.80000000,-0.19881945,1.23124416,11.82252939,-0.31863588,1.23048458,11.82252939
sensor_bias_03,sensor_bias,2812,5.16000000,0.80000000,-0.16956896,1.38656534,10.51941454,-0.29104711,1.37943863,10.51941454
sensor_bias_03,sensor_bias,2812,5.18000000,0.80000000,-0.14182632,1.51477043,9.37902154,-0.26099539,1.50258577,9.37902154
sensor_bias_03,sensor_bias,2812,5.20000000,0.80000000,-0.10522441,1.61145044,8.23678713,-0.22892767,1.60338632,8.23678713
sensor_bias_03,sensor_bias,2812,5.22000000,0.80000000,-0.07626193,1.69124778,7.31647592,-0.19527671,1.68254798,7.31647592
sensor_bias_03,sensor_bias,2812,5.24000000,0.80000000,-0.03885941,1.74918998,6.35351947,-0.16038985,1.74434273,6.35351947
sensor_bias_03,sensor_bias,2812,5.26000000,0.80000000,-0.00478041,1.78768035,5.54764558,-0.12461666,1.78865980,5.54764558
sensor_bias_03,sensor_bias,2812,5.28000000,0.80000000,0.03218564,1.81273412,4.75698785,-0.08824477,1.81859430,4.75698785
sensor_bias_03,sensor_bias,2812,5.30000000,0.80000000,0.06694303,1.83024351,4.04380783,-0.05154748,1.83486468,4.04380783
sensor_bias_03,sensor_bias,2812,5.32000000,0.80000000,0.10482519,1.84341403,3.29607642,-0.01476420,1.83916393,3.29607642
sensor_bias_03,sensor_bias,2812,5.34000000,0.80000000,0.14151992,1.83623463,2.67146830,0.02186246,1.83133305,2.67146830
sensor_bias_03,sensor_bias,2812,5.36000000,0.80000000,0.18170850,1.81214409,2.06852652,0.05813739,1.81374623,2.06852652
sensor_bias_03,sensor_bias,2812,5.38000000,0.80000000,0.21777986,1.79094800,1.52522246,0.09387884,1.78707272,1.52522246
sensor_bias_03,sensor_bias,2812,5.40000000,0.80000000,0.24622593,1.73589123,1.28847712,0.12893021,1.75256847,1.28847712
sensor_bias_03,sensor_bias,2812,5.42000000,0.80000000,0.28464786,1.71749334,0.68887192,0.16323835,1.71540685,0.68887192
sensor_bias_03,sensor_bias,2812,5.44000000,0.80000000,0.31291334,1.67974051,0.36885729,0.19663550,1.66985783,0.36885729
sensor_bias_03,sensor_bias,2812,5.46000000,0.80000000,0.34921489,1.61529871,0.03763836,0.22904912,1.62068077,0.03763836
sensor_bias_03,sensor_bias,2812,5.48000000,0.80000000,0.37972706,1.56526806,-0.26142742,0.26040543,1.56781573,-0.26142742
sensor_bias_03,sensor_bias,2812,5.50000000,0.80000000,0.40856974,1.51493416,-0.52892611,0.29064343,1.51189989,-0.52892611
sensor_bias_03,sensor_bias,2812,5.52000000,0.80000000,0.43973370,1.46316392,-0.83102622,0.31971423,1.45354001,-0.83102622
sensor_bias_03,sensor_bias,2812,5.54000000,0.80000000,0.47139192,1.40155537,-1.09283135,0.34755947,1.39226196,-1.09283135
sensor_bias_03,sensor_bias,2812,5.56000000,0.80000000,0.49370351,1.33119270,-1.14262674,0.37413563,1.32880806,-1.14262674
sensor_bias_03,sensor_bias,2812,5.58000000,0.80000000,0.52104809,1.26181706,-1.28795084,0.39946862,1.26664923,-1.28795084
sensor_bias_03,sensor_bias,2812,5.60000000,0.80000000,0.54616118,1.20355260,-1.44866418,0.42355284,1.20421114,-1.44866418
sensor_bias_03,sensor_bias,2812,5.62000000,0.80000000,0.56718681,1.13991662,-1.50894575,0.44637797,1.14125627,-1.50894575
sensor_bias_03,sensor_bias,2812,5.64000000,0.80000000,0.59032111,1.07616578,-1.60660889,0.46796620,1.07941188,-1.60660889
sensor_bias_03,sensor_bias,2812,5.66000000,0.80000000,0.60701526,1.03333827,-1.69296604,0.48832704,1.01804199,-1.69296604
sensor_bias_03,sensor_bias,2812,5.68000000,0.80000000,0.62492300,0.95570376,-1.62713290,0.50747329,0.95731223,-1.62713290
sensor_bias_03,sensor_bias,2812,5.70000000,0.80000000,0.65129367,0.90202156,-1.83339379,0.52546612,0.89964152,-1.83339379
sensor_bias_03,sensor_bias,2812,5.72000000,0.80000000,0.66087324,0.82888416,-1.64013911,0.54227745,0.84056649,-1.64013911
sensor_bias_03,sensor_bias,2812,5.74000000,0.80000000,0.67709380,0.79597589,-1.76756791,0.55800822,0.78653885,-1.76756791
sensor_bias_03,sensor_bias,2812,5.76000000,0.80000000,0.69246815,0.73640864,-1.74646985,0.57265324,0.73225061,-1.74646985
sensor_bias_03,sensor_bias,2812,5.78000000,0.80000000,0.70496094,0.68671803,-1.72288707,0.58625507,0.68009168,-1.72288707
sensor_bias_03,sensor_bias,2812,5.80000000,0.80000000,0.72017119,0.63689812,-1.74757203,0.59885570,0.63003164,-1.74757203
sensor_bias_03,sensor_bias,2812,5.82000000,0.80000000,0.72710192,0.57972036,-1.58643627,0.61048025,0.58122738,-1.58643627
sensor_bias_03,sensor_bias,2812,5.84000000,0.80000000,0.74011443,0.53696597,-1.60688956,0.62121259,0.53661671,-1.60688956
sensor_bias_03,sensor_bias,2812,5.86000000,0.80000000,0.75316032,0.50461113,-1.67994137,0.63107558,0.49314989,-1.67994137
sensor_bias_03,sensor_bias,2812,5.88000000,0.80000000,0.76138771,0.44744442,-1.54220094,0.64007450,0.44994586,-1.54220094
sensor_bias_03,sensor_bias,2812,5.90000000,0.80000000,0.76945717,0.41844553,-1.54245676,0.64828201,0.41037557,-1.54245676
sensor_bias_03,sensor_bias,2812,5.92000000,0.80000000,0.77709294,0.36914465,-1.43339609,0.65572414,0.37210666,-1.43339609
sensor_bias_03,sensor_bias,2812,5.94000000,0.80000000,0.78519806,0.33572288,-1.41217945,0.66246112,0.33684885,-1.41217945
sensor_bias_03,sensor_bias,2812,5.96000000,0.80000000,0.79257681,0.30917703,-1.41226769,0.66852301,0.30309441,-1.41226769
sensor_bias_03,sensor_bias,2812,5.98000000,0.80000000,0.79418876,0.26722159,-1.23150556,0.67393205,0.27045217,-1.23150556
sensor_bias_03,sensor_bias,2812,6.00000000,0.80000000,0.79894082,0.24071989,-1.18453415,0.67876775,0.24178497,-1.18453415
sensor_bias_03,sensor_bias,2812,6.02000000,0.80000000,0.80459334,0.21374613,-1.15141067,0.68306409,0.21481663,-1.15141067
sensor_bias_03,sensor_bias,2812,6.04000000,0.80000000,0.80236789,0.18397550,-0.96249947,0.68684947,0.18926908,-0.96249947
sensor_bias_03,sensor_bias,2812,6.06000000,0.80000000,0.80689288,0.17597089,-1.00392637,0.69020133,0.16759318,-1.00392637
sensor_bias_03,sensor_bias,2812,6.08000000,0.80000000,0.80805415,0.14426008,-0.86627518,0.69312069,0.14596820,-0.86627518
sensor_bias_03,sensor_bias,2812,6.10000000,0.80000000,0.81316037,0.13606090,-0.91719110,0.69566597,0.12726360,-0.91719110
sensor_bias_03,sensor_bias,2812,6.12000000,0.80000000,0.81479034,0.09919656,-0.76220891,0.69783316,0.10835977,-0.76220891
sensor_bias_03,sensor_bias,2812,6.14000000,0.80000000,0.82697600,0.08983860,-0.93476099,0.69968445,0.09256441,-0.93476099
sensor_bias_03,sensor_bias,2812,6.16000000,0.80000000,0.82645881,0.07868284,-0.86967270,0.70117492,0.07452365,-0.86967270
sensor_bias_03,sensor_bias,2812,6.18000000,0.80000000,0.82476198,0.05537445,-0.72258788,0.70233736,0.05812164,-0.72258788
sensor_bias_03,sensor_bias,2812,6.20000000,0.80000000,0.82548493,0.04638729,-0.69066517,0.70322973,0.04461895,-0.69066517
sensor_bias_03,sensor_bias,2812,6.22000000,0.80000000,0.82082929,0.03631302,-0.55649227,0.70387121,0.03207354,-0.55649227
sensor_bias_03,sensor_bias,2812,6.24000000,0.80000000,0.82422534,0.01093798,-0.49074592,0.70431307,0.02209320,-0.49074592
sensor_bias_03,sensor_bias,2812,6.26000000,0.80000000,0.82592131,0.01739316,-0.55354945,0.70458299,0.01349624,-0.55354945
sensor_bias_03,sensor_bias,2812,6.28000000,0.80000000,0.82317564,0.01379682,-0.48614572,0.70466651,0.00417598,-0.48614572
sensor_bias_03,sensor_bias,2812,6.30000000,0.80000000,0.82142209,0.00026500,-0.38692267,0.70459139,-0.00375612,-0.38692267
sensor_bias_03,sensor_bias,2812,6.32000000,0.80000000,0.82136756,-0.00537925,-0.35771986,0.70439468,-0.00983569,-0.35771986
sensor_bias_03,sensor_bias,2812,6.34000000,0.80000000,0.82350005,-0.01150486,-0.36547669,0.70408975,-0.01524649,-0.36547669
sensor_bias_03,sensor_bias,2812,6.36000000,0.80000000,0.82299549,-0.01451655,-0.34133613,0.70367769,-0.02060314,-0.34133613
sensor_bias_03,sensor_bias,2812,6.38000000,0.80000000,0.82562871,-0.02069805,-0.35782662,0.70316976,-0.02539602,-0.35782662
sensor_bias_03,sensor_bias,2812,6.40000000,0.80000000,0.82607065,-0.03710611,-0.28374119,0.70256386,-0.03029517,-0.28374119
sensor_bias_03,sensor_bias,2812,6.42000000,0.80000000,0.82653218,-0.01843256,-0.38541635,0.70188696,-0.03384488,-0.38541635
sensor_bias_03,sensor_bias,2812,6.44000000,0.80000000,0.82097659,-0.04674728,-0.14384227,0.70110881,-0.03890763,-0.14384227
sensor_bias_03,sensor_bias,2812,6.46000000,0.80000000,0.82380136,-0.03902606,-0.23329415,0.70031021,-0.03993023,-0.23329415
sensor_bias_03,sensor_bias,2812,6.48000000,0.80000000,0.81783640,-0.05037087,-0.06920093,0.69946314,-0.04235326,-0.06920093
sensor_bias_03,sensor_bias,2812,6.50000000,0.80000000,0.81401880,-0.05161680,0.00574557,0.69862183,-0.04206546,0.00574557
sensor_bias_03,sensor_bias,2812,6.52000000,0.80000000,0.81673528,-0.04111581,-0.09565602,0.69781012,-0.04058554,-0.09565602
sensor_bias_03,sensor_bias,2812,6.54000000,0.80000000,0.82181885,-0.04574453,-0.16401670,0.69699452,-0.04078021,-0.16401670
sensor_bias_03,sensor_bias,2812,6.56000000,0.80000000,0.81836482,-0.04001225,-0.13050558,0.69615323,-0.04206448,-0.13050558
sensor_bias_03,sensor_bias,2812,6.58000000,0.80000000,0.81925026,-0.03548072,-0.16910109,0.69529785,-0.04276910,-0.16910109
sensor_bias_03,sensor_bias,2812,6.60000000,0.80000000,0.81626037,-0.04416845,-0.07184438,0.69441646,-0.04406927,-0.07184438
sensor_bias_03,sensor_bias,2812,6.62000000,0.80000000,0.81293123,-0.03942282,-0.03564797,0.69354112,-0.04376723,-0.03564797
sensor_bias_03,sensor_bias,2812,6.64000000,0.80000000,0.81709433,-0.04343059,-0.09054492,0.69268322,-0.04289483,-0.09054492
sensor_bias_03,sensor_bias,2812,6.66000000,0.80000000,0.81191159,-0.04481377,0.00966031,0.69182459,-0.04293137,0.00966031
sensor_bias_03,sensor_bias,2812,6.68000000,0.80000000,0.81321539,-0.03618213,-0.05696633,0.69099739,-0.04136012,-0.05696633
sensor_bias_03,sensor_bias,2812,6.70000000,0.80000000,0.81075323,-0.04306633,0.02177344,0.69017921,-0.04090893,0.02177344
sensor_bias_03,sensor_bias,2812,6.72000000,0.80000000,0.80732084,-0.03907264,0.06358804,0.68939501,-0.03921020,0.06358804
sensor_bias_03,sensor_bias,2812,6.74000000,0.80000000,0.81036866,-0.03317754,-0.02074823,0.68865706,-0.03689710,-0.02074823
sensor_bias_03,sensor_bias,2812,6.76000000,0.80000000,0.80282313,-0.03499903,0.12417874,0.68793682,-0.03601247,0.12417874
sensor_bias_03,sensor_bias,2812,6.78000000,0.80000000,0.80723118,-0.04271497,0.08341361,0.68728015,-0.03283342,0.08341361
sensor_bias_03,sensor_bias,2812,6.80000000,0.80000000,0.80323965,-0.02215369,0.05245472,0.68667189,-0.03041284,0.05245472
sensor_bias_03,sensor_bias,2812,6.82000000,0.80000000,0.80757215,-0.02615645,-0.00551640,0.68610052,-0.02856848,-0.00551640
sensor_bias_03,sensor_bias,2812,6.84000000,0.80000000,0.80797110,-0.02806996,-0.00312997,0.68554623,-0.02771441,-0.00312997
sensor_bias_03,sensor_bias,2812,6.86000000,0.80000000,0.80704816,-0.02150896,-0.01932211,0.68500923,-0.02685025,-0.01932211
sensor_bias_03,sensor_bias,2812,6.88000000,0.80000000,0.80681663,-0.03135943,0.03409784,0.68448374,-0.02627422,0.03409784
sensor_bias_03,sensor_bias,2812,6.90000000,0.80000000,0.80580850,-0.01749677,-0.01706922,0.68398653,-0.02486071,-0.01706922
sensor_bias_03,sensor_bias,2812,6.92000000,0.80000000,0.80225203,-0.03142289,0.11657781,0.68350025,-0.02431419,0.11657781
sensor_bias_03,sensor_bias,2812,6.94000000,0.80000000,0.80254797,-0.03041061,0.10618963,0.68306739,-0.02164295,0.10618963
sensor_bias_03,sensor_bias,2812,6.96000000,0.80000000,0.79994302,-0.01289540,0.06550255,0.68268286,-0.01922639,0.06550255
sensor_bias_03,sensor_bias,2812,6.98000000,0.80000000,0.80113646,-0.01372708,0.04817909,0.68233202,-0.01754189,0.04817909
sensor_bias_03,sensor_bias,2812,7.00000000,0.80000000,0.80571243,-0.00781855,-0.06373093,0.68200821,-0.01619071,-0.06373093
sensor_bias_03,sensor_bias,2812,7.02000000,0.80000000,0.80494123,-0.02084393,0.01527755,0.68167464,-0.01667834,0.01527755
sensor_bias_03,sensor_bias,2812,7.04000000,0.80000000,0.80147422,-0.01598811,0.05340452,0.68135698,-0.01588316,0.05340452
sensor_bias_03,sensor_bias,2812,7.06000000,0.80000000,0.80537570,-0.01704638,-0.01153061,0.68106692,-0.01450292,-0.01153061
sensor_bias_03,sensor_bias,2812,7.08000000,0.80000000,0.79912093,-0.02128900,0.12226826,0.68078273,-0.01420932,0.12226826
sensor_bias_03,sensor_bias,2812,7.10000000,0.80000000,0.80082885,-0.00295539,-0.00014231,0.68054713,-0.01178022,-0.00014231
sensor_bias_03,sensor_bias,2812,7.12000000,0.80000000,0.80095337,-0.00156825,-0.00931942,0.68031925,-0.01139386,-0.00931942
sensor_bias_03,sensor_bias,2812,7.14000000,0.80000000,0.80411575,-0.01987473,0.02529010,0.68009590,-0.01116737,0.02529010
sensor_bias_03,sensor_bias,2812,7.16000000,0.80000000,0.79418370,-0.01949805,0.20218357,0.67988803,-0.01039347,0.20218357
sensor_bias_03,sensor_bias,2812,7.18000000,0.80000000,0.79522001,-0.01077215,0.13990063,0.67975185,-0.00680899,0.13990063
sensor_bias_03,sensor_bias,2812,7.20000000,0.80000000,0.80203071,0.00387597,-0.05593265,0.67966503,-0.00434134,-0.05593265
sensor_bias_03,sensor_bias,2812,7.22000000,0.80000000,0.80180888,-0.01946496,0.06476495,0.67956313,-0.00509487,0.06476495
sensor_bias_03,sensor_bias,2812,7.24000000,0.80000000,0.79505618,0.00041217,0.08692784,0.67948536,-0.00388842,0.08692784
sensor_bias_03,sensor_bias,2812,7.26000000,0.80000000,0.80192098,-0.00175519,-0.02580162,0.67943803,-0.00236643,-0.02580162
sensor_bias_03,sensor_bias,2812,7.28000000,0.80000000,0.79737804,0.00244366,0.03497696,0.67938399,-0.00270203,0.03497696
sensor_bias_03,sensor_bias,2812,7.30000000,0.80000000,0.80042518,-0.00989444,0.04181894,0.67934295,-0.00205211,0.04181894
sensor_bias_03,sensor_bias,2812,7.32000000,0.80000000,0.80061812,-0.01154129,0.04658025,0.67931667,-0.00131392,0.04658025
sensor_bias_03,sensor_bias,2812,7.34000000,0.80000000,0.79861934,0.00199104,0.01489677,0.67930620,-0.00052376,0.01489677
sensor_bias_03,sensor_bias,2812,7.36000000,0.80000000,0.80259567,0.00807329,-0.08708844,0.67930084,-0.00026764,-0.08708844
sensor_bias_03,sensor_bias,2812,7.38000000,0.80000000,0.80064244,-0.00790410,0.02795666,0.67926774,-0.00165509,0.02795666
sensor_bias_03,sensor_bias,2812,7.40000000,0.80000000,0.79819568,0.00505060,0.00722475,0.67924470,-0.00115226,0.00722475
sensor_bias_03,sensor_bias,2812,7.42000000,0.80000000,0.79804741,-0.00027876,0.03654046,0.67922473,-0.00099841,0.03654046
sensor_bias_03,sensor_bias,2812,7.44000000,0.80000000,0.79685480,-0.00792367,0.09623192,0.67921714,-0.00037963,0.09623192
sensor_bias_03,sensor_bias,2812,7.46000000,0.80000000,0.79929433,0.00506958,-0.01264594,0.67924065,0.00117578,-0.01264594
sensor_bias_03,sensor_bias,2812,7.48000000,0.80000000,0.80873220,-0.00284976,-0.14293084,0.67925934,0.00093423,-0.14293084
sensor_bias_03,sensor_bias,2812,7.50000000,0.80000000,0.80119856,-0.00203430,-0.01140255,0.67923157,-0.00138818,-0.01140255
sensor_bias_03,sensor_bias,2812,7.52000000,0.80000000,0.80174336,0.00642678,-0.06351444,0.67920107,-0.00152520,-0.06351444
sensor_bias_03,sensor_bias,2812,7.54000000,0.80000000,0.79742293,0.00284757,0.03214950,0.67915120,-0.00249320,0.03214950
sensor_bias_03,sensor_bias,2812,7.56000000,0.80000000,0.80127081,0.00399186,-0.04283389,0.67911329,-0.00189550,-0.04283389
sensor_bias_03,sensor_bias,2812,7.58000000,0.80000000,0.79818064,-0.01119329,0.08871490,0.67906290,-0.00251972,0.08871490
sensor_bias_03,sensor_bias,2812,7.60000000,0.80000000,0.79896382,0.00438370,-0.00326719,0.67904262,-0.00101423,-0.00326719
sensor_bias_03,sensor_bias,2812,7.62000000,0.80000000,0.79745097,-0.00724331,0.08209905,0.67902195,-0.00103315,0.08209905
sensor_bias_03,sensor_bias,2812,7.64000000,0.80000000,0.79870576,0.00255971,0.01049788,0.67902830,0.00031722,0.01049788
sensor_bias_03,sensor_bias,2812,7.66000000,0.80000000,0.79671178,0.01684505,-0.02503723,0.67903780,0.00047507,-0.02503723
sensor_bias_03,sensor_bias,2812,7.68000000,0.80000000,0.79865536,0.00193428,0.01453204,0.67903896,0.00005797,0.01453204
sensor_bias_03,sensor_bias,2812,7.70000000,0.80000000,0.79903628,-0.01742281,0.10446104,0.67904474,0.00028905,0.10446104
sensor_bias_03,sensor_bias,2812,7.72000000,0.80000000,0.79643872,0.00604091,0.03389844,0.67908382,0.00195433,0.03389844
sensor_bias_03,sensor_bias,2812,7.74000000,0.80000000,0.79606032,0.00361654,0.05283148,0.67913249,0.00243334,0.05283148
sensor_bias_03,sensor_bias,2812,7.76000000,0.80000000,0.79950794,0.00513628,-0.01682424,0.67919649,0.00320011,-0.01682424
sensor_bias_03,sensor_bias,2812,7.78000000,0.80000000,0.79897134,-0.00211246,0.02907809,0.67925299,0.00282479,0.02907809
sensor_bias_03,sensor_bias,2812,7.80000000,0.80000000,0.80103835,0.00071107,-0.02224573,0.67931695,0.00319780,-0.02224573
sensor_bias_03,sensor_bias,2812,7.82000000,0.80000000,0.79921086,0.00790596,-0.02532527,0.67937166,0.00273564,-0.02532527
sensor_bias_03,sensor_bias,2812,7.84000000,0.80000000,0.79995220,0.00939037,-0.04609135,0.67941645,0.00223935,-0.04609135
sensor_bias_03,sensor_bias,2812,7.86000000,0.80000000,0.80442038,0.00559346,-0.10753408,0.67944498,0.00142649,-0.10753408
sensor_bias_03,sensor_bias,2812,7.88000000,0.80000000,0.79774424,0.00583878,0.01140969,0.67943808,-0.00034465,0.01140969
sensor_bias_03,sensor_bias,2812,7.90000000,0.80000000,0.79496685,-0.00404774,0.11083536,0.67943507,-0.00015035,0.11083536
sensor_bias_03,sensor_bias,2812,7.92000000,0.80000000,0.79786029,-0.00860639,0.08154667,0.67946771,0.00163162,0.08154667
sensor_bias_03,sensor_bias,2812,7.94000000,0.80000000,0.79988814,0.00999907,-0.04798190,0.67952541,0.00288522,-0.04798190
sensor_bias_03,sensor_bias,2812,7.96000000,0.80000000,0.79733729,0.01204502,-0.01229632,0.67956583,0.00202074,-0.01229632
sensor_bias_03,sensor_bias,2812,7.98000000,0.80000000,0.79693626,0.00274947,-0.01229632,0.67960097,0.00175693,-0.01229632
sensor_bias_04,sensor_bias,2813,0.00000000,0.00000000,0.12011340,0.00205102,-2.17229635,0.00000000,0.00000000,-2.17229635
sensor_bias_04,sensor_bias,2813,0.02000000,0.00000000,0.11781708,-0.03183358,-1.96153954,-0.00070557,-0.03527870,-1.96153954
sensor_bias_04,sensor_bias,2813,0.04000000,0.00000000,0.11580764,-0.06737578,-1.74765866,-0.00202611,-0.06602661,-1.74765866
sensor_bias_04,sensor_bias,2813,0.06000000,0.00000000,0.11572788,-0.09969286,-1.58463761,-0.00387281,-0.09233529,-1.58463761
sensor_bias_04,sensor_bias,2813,0.08000000,0.00000000,0.11843302,-0.10462490,-1.60866997,-0.00617622,-0.11517016,-1.60866997
sensor_bias_04,sensor_bias,2813,0.10000000,0.00000000,0.11317937,-0.14503868,-1.31203525,-0.00892978,-0.13767812,-1.31203525
sensor_bias_04,sensor_bias,2813,0.12000000,0.00000000,0.10668744,-0.15534719,-1.14363794,-0.01202301,-0.15466171,-1.14363794
sensor_bias_04,sensor_bias,2813,0.14000000,0.00000000,0.10228071,-0.16748715,-1.00361707,-0.01539055,-0.16837706,-1.00361707
sensor_bias_04,sensor_bias,2813,0.16000000,0.00000000,0.10260817,-0.17594967,-0.96719875,-0.01897831,-0.17938766,-0.96719875
sensor_bias_04,sensor_bias,2813,0.18000000,0.00000000,0.09625044,-0.19685897,-0.74821307,-0.02276753,-0.18946098,-0.74821307
sensor_bias_04,sensor_bias,2813,0.20000000,0.00000000,0.08877372,-0.20049777,-0.59543813,-0.02668076,-0.19566154,-0.59543813
sensor_bias_04,sensor_bias,2813,0.22000000,0.00000000,0.09181973,-0.20001855,-0.65266230,-0.03066448,-0.19918623,-0.65266230
sensor_bias_04,sensor_bias,2813,0.24000000,0.00000000,0.08584360,-0.21194072,-0.48548113,-0.03473507,-0.20352956,-0.48548113
sensor_bias_04,sensor_bias,2813,0.26000000,0.00000000,0.08273767,-0.20490827,-0.46473670,-0.03883550,-0.20502141,-0.46473670
sensor_bias_04,sensor_bias,2813,0.28000000,0.00000000,0.07578828,-0.20629414,-0.33271831,-0.04295809,-0.20612950,-0.33271831
sensor_bias_04,sensor_bias,2813,0.30000000,0.00000000,0.07612584,-0.20607275,-0.33990131,-0.04705927,-0.20505878,-0.33990131
sensor_bias_04,sensor_bias,2813,0.32000000,0.00000000,0.06518475,-0.20205512,-0.16304984,-0.05114203,-0.20413833,-0.16304984
sensor_bias_04,sensor_bias,2813,0.34000000,0.00000000,0.06563051,-0.20387405,-0.16197900,-0.05514953,-0.20037468,-0.16197900
sensor_bias_04,sensor_bias,2813,0.36000000,0.00000000,0.05878863,-0.20165621,-0.04991420,-0.05908376,-0.19671185,-0.04991420
sensor_bias_04,sensor_bias,2813,0.38000000,0.00000000,0.05546067,-0.19808197,-0.00788212,-0.06291065,-0.19134410,-0.00788212
sensor_bias_04,sensor_bias,2813,0.40000000,0.00000000,0.05206845,-0.19236719,0.02460375,-0.06661989,-0.18546233,0.02460375
sensor_bias_04,sensor_bias,2813,0.42000000,0.00000000,0.05269219,-0.19394583,0.02126972,-0.07020465,-0.17923771,0.02126972
sensor_bias_04,sensor_bias,2813,0.44000000,0.00000000,0.04699160,-0.17559035,0.03210292,-0.07366990,-0.17326274,0.03210292
sensor_bias_04,sensor_bias,2813,0.46000000,0.00000000,0.03669148,-0.16678960,0.17350141,-0.07701589,-0.16729951,0.17350141
sensor_bias_04,sensor_bias,2813,0.48000000,0.00000000,0.03347134,-0.16097875,0.20240969,-0.08020044,-0.15922721,0.20240969
sensor_bias_04,sensor_bias,2813,0.50000000,0.00000000,0.04095817,-0.15146276,0.02006671,-0.08321922,-0.15093898,0.02006671
sensor_bias_04,sensor_bias,2813,0.52000000,0.00000000,0.03185929,-0.14441840,0.14862482,-0.08613666,-0.14587236,0.14862482
sensor_bias_04,sensor_bias,2813,0.54000000,0.00000000,0.03587759,-0.14268530,0.06762982,-0.08891420,-0.13887706,0.06762982
sensor_bias_04,sensor_bias,2813,0.56000000,0.00000000,0.03312998,-0.13048895,0.05610522,-0.09158254,-0.13341685,0.05610522
sensor_bias_04,sensor_bias,2813,0.58000000,0.00000000,0.02772470,-0.12562837,0.12909723,-0.09414885,-0.12831529,0.12909723
sensor_bias_04,sensor_bias,2813,0.60000000,0.00000000,0.02033059,-0.11917468,0.22992282,-0.09659262,-0.12218856,0.22992282
sensor_bias_04,sensor_bias,2813,0.62000000,0.00000000,0.02019766,-0.11233137,0.19809886,-0.09888495,-0.11461682,0.19809886
sensor_bias_04,sensor_bias,2813,0.64000000,0.00000000,0.01216759,-0.10375979,0.29978225,-0.10104095,-0.10779973,0.29978225
sensor_bias_04,sensor_bias,2813,0.66000000,0.00000000,0.01337869,-0.09684798,0.24342355,-0.10303186,-0.09954538,0.24342355
sensor_bias_04,sensor_bias,2813,0.68000000,0.00000000,0.01869752,-0.09358794,0.13138428,-0.10488117,-0.09246557,0.13138428
sensor_bias_04,sensor_bias,2813,0.70000000,0.00000000,0.01999268,-0.07139157,-0.00291046,-0.10662972,-0.08742767,-0.00291046
sensor_bias_04,sensor_bias,2813,0.72000000,0.00000000,0.01443959,-0.08783773,0.17927604,-0.10832430,-0.08472899,0.17927604
sensor_bias_04,sensor_bias,2813,0.74000000,0.00000000,0.00923378,-0.08796453,0.27361456,-0.10990743,-0.07915631,0.27361456
sensor_bias_04,sensor_bias,2813,0.76000000,0.00000000,0.00738789,-0.07770896,0.25556273,-0.11135196,-0.07222657,0.25556273
sensor_bias_04,sensor_bias,2813,0.78000000,0.00000000,0.00739131,-0.05269935,0.13045315,-0.11266811,-0.06580765,0.13045315
sensor_bias_04,sensor_bias,2813,0.80000000,0.00000000,0.00521802,-0.05925416,0.20234650,-0.11390055,-0.06162216,0.20234650
sensor_bias_04,sensor_bias,2813,0.82000000,0.00000000,0.00314420,-0.06566352,0.27172196,-0.11502857,-0.05640055,0.27172196
sensor_bias_04,sensor_bias,2813,0.84000000,0.00000000,0.00202761,-0.04777858,0.20239599,-0.11603289,-0.05021627,0.20239599
sensor_bias_04,sensor_bias,2813,0.86000000,0.00000000,-0.00155793,-0.03505623,0.20332388,-0.11693993,-0.04535209,0.20332388
sensor_bias_04,sensor_bias,2813,0.88000000,0.00000000,0.00210094,-0.04942190,0.20929257,-0.11775245,-0.04062563,0.20929257
sensor_bias_04,sensor_bias,2813,0.90000000,0.00000000,0.00320363,-0.04347471,0.15970822,-0.11847146,-0.03595068,0.15970822
sensor_bias_04,sensor_bias,2813,0.92000000,0.00000000,-0.00000605,-0.03364538,0.16833584,-0.11911602,-0.03222783,0.16833584
sensor_bias_04,sensor_bias,2813,0.94000000,0.00000000,0.00733116,-0.03125260,0.02430210,-0.11968565,-0.02848179,0.02430210
sensor_bias_04,sensor_bias,2813,0.96000000,0.00000000,-0.00536327,-0.02099977,0.20153767,-0.12022950,-0.02719255,0.20153767
sensor_bias_04,sensor_bias,2813,0.98000000,0.00000000,0.00218147,-0.03282358,0.12485138,-0.12069081,-0.02306545,0.12485138
sensor_bias_04,sensor_bias,2813,1.00000000,0.50000000,-0.00461899,-0.02164316,9.19135754,-0.12109708,-0.02031339,9.19135754
sensor_bias_04,sensor_bias,2813,1.02000000,0.50000000,0.00275613,0.13818291,8.25947518,-0.11850518,0.12959484,8.25947518
sensor_bias_04,sensor_bias,2813,1.04000000,0.50000000,-0.00250509,0.25011336,7.79452486,-0.11331197,0.25966068,7.79452486
sensor_bias_04,sensor_bias,2813,1.06000000,0.50000000,0.01128656,0.38007395,6.89647225,-0.10575016,0.37809045,6.89647225
sensor_bias_04,sensor_bias,2813,1.08000000,0.50000000,0.02884875,0.48022402,6.07960232,-0.09618584,0.47821594,6.07960232
sensor_bias_04,sensor_bias,2813,1.10000000,0.50000000,0.03565509,0.56361778,5.54011947,-0.08494723,0.56193046,5.54011947
sensor_bias_04,sensor_bias,2813,1.12000000,0.50000000,0.04192287,0.64365443,5.02711622,-0.07226215,0.63425430,5.02711622
sensor_bias_04,sensor_bias,2813,1.14000000,0.50000000,0.06177727,0.68860554,4.44498141,-0.05834264,0.69597526,4.44498141
sensor_bias_04,sensor_bias,2813,1.16000000,0.50000000,0.07720419,0.74823732,3.86913805,-0.04341657,0.74630365,3.86913805
sensor_bias_04,sensor_bias,2813,1.18000000,0.50000000,0.09553435,0.80163695,3.27219692,-0.02770258,0.78569945,3.27219692
sensor_bias_04,sensor_bias,2813,1.20000000,0.50000000,0.10767775,0.81960635,2.96376867,-0.01141931,0.81416341,2.96376867
sensor_bias_04,sensor_bias,2813,1.22000000,0.50000000,0.13179233,0.83496715,2.45290231,0.00531518,0.83672440,2.45290231
sensor_bias_04,sensor_bias,2813,1.24000000,0.50000000,0.14697136,0.84474110,2.13080997,0.02232078,0.85028018,2.13080997
sensor_bias_04,sensor_bias,2813,1.26000000,0.50000000,0.15425953,0.85196710,1.96349300,0.03948437,0.85817933,1.96349300
sensor_bias_04,sensor_bias,2813,1.28000000,0.50000000,0.17570256,0.85777628,1.54847243,0.05674663,0.86311310,1.54847243
sensor_bias_04,sensor_bias,2813,1.30000000,0.50000000,0.19447115,0.86546344,1.17220217,0.07396967,0.86115187,1.17220217
sensor_bias_04,sensor_bias,2813,1.32000000,0.50000000,0.21383138,0.85363158,0.88287731,0.09103250,0.85314150,0.88287731
sensor_bias_04,sensor_bias,2813,1.34000000,0.50000000,0.22916766,0.83797167,0.68512378,0.10784618,0.84068400,0.68512378
sensor_bias_04,sensor_bias,2813,1.36000000,0.50000000,0.24639893,0.82485812,0.44052872,0.12435430,0.82540620,0.44052872
sensor_bias_04,sensor_bias,2813,1.38000000,0.50000000,0.25601308,0.80946529,0.34443815,0.14048702,0.80663595,0.34443815
sensor_bias_04,sensor_bias,2813,1.40000000,0.50000000,0.27213641,0.78397681,0.18166050,0.15622491,0.78689471,0.18166050
sensor_bias_04,sensor_bias,2813,1.42000000,0.50000000,0.29626733,0.75276740,-0.09664902,0.17152751,0.76512995,-0.09664902
sensor_bias_04,sensor_bias,2813,1.44000000,0.50000000,0.30807045,0.74663838,-0.27846003,0.18631809,0.73952896,-0.27846003
sensor_bias_04,sensor_bias,2813,1.46000000,0.50000000,0.31692626,0.71292133,-0.26927930,0.20055368,0.71177939,-0.26927930
sensor_bias_04,sensor_bias,2813,1.48000000,0.50000000,0.33375685,0.68870519,-0.45114920,0.21425469,0.68505049,-0.45114920
sensor_bias_04,sensor_bias,2813,1.50000000,0.50000000,0.34770696,0.66283224,-0.57288652,0.22737884,0.65620747,-0.57288652
sensor_bias_04,sensor_bias,2813,1.52000000,0.50000000,0.35468697,0.63014067,-0.53506876,0.23990471,0.62629331,-0.53506876
sensor_bias_04,sensor_bias,2813,1.54000000,0.50000000,0.37458626,0.59313455,-0.70822540,0.25186336,0.59793288,-0.70822540
sensor_bias_04,sensor_bias,2813,1.56000000,0.50000000,0.38135057,0.56720770,-0.70034879,0.26321638,0.56765108,-0.70034879
sensor_bias_04,sensor_bias,2813,1.58000000,0.50000000,0.39326418,0.53371238,-0.74731707,0.27398535,0.53844830,-0.74731707
sensor_bias_04,sensor_bias,2813,1.60000000,0.50000000,0.40532302,0.51127515,-0.85219018,0.28417335,0.50939995,-0.85219018
sensor_bias_04,sensor_bias,2813,1.62000000,0.50000000,0.41018064,0.48569837,-0.81174327,0.29376457,0.47956079,-0.81174327
sensor_bias_04,sensor_bias,2813,1.64000000,0.50000000,0.42025840,0.46133777,-0.87134009,0.30279088,0.45131569,-0.87134009
sensor_bias_04,sensor_bias,2813,1.66000000,0.50000000,0.43334188,0.42179787,-0.90914317,0.31125068,0.42298986,-0.90914317
sensor_bias_04,sensor_bias,2813,1.68000000,0.50000000,0.43696834,0.39815834,-0.85622177,0.31914947,0.39493975,-0.85622177
sensor_bias_04,sensor_bias,2813,1.70000000,0.50000000,0.44634987,0.37848321,-0.92671381,0.32652207,0.36863011,-0.92671381
sensor_bias_04,sensor_bias,2813,1.72000000,0.50000000,0.45167280,0.33679234,-0.81407208,0.33336211,0.34200200,-0.81407208
sensor_bias_04,sensor_bias,2813,1.74000000,0.50000000,0.45280402,0.31309827,-0.71596374,0.33972290,0.31803956,-0.71596374
sensor_bias_04,sensor_bias,2813,1.76000000,0.50000000,0.46813840,0.29565918,-0.90478707,0.34565137,0.29642305,-0.90478707
sensor_bias_04,sensor_bias,2813,1.78000000,0.50000000,0.47259062,0.26491578,-0.83121012,0.35109974,0.27241893,-0.83121012
sensor_bias_04,sensor_bias,2813,1.80000000,0.50000000,0.47735066,0.24877406,-0.83618211,0.35610702,0.25036364,-0.83618211
sensor_bias_04,sensor_bias,2813,1.82000000,0.50000000,0.48293874,0.23200337,-0.85291413,0.36068542,0.22892033,-0.85291413
sensor_bias_04,sensor_bias,2813,1.84000000,0.50000000,0.48334875,0.20779482,-0.73925161,0.36484300,0.20787878,-0.73925161
sensor_bias_04,sensor_bias,2813,1.86000000,0.50000000,0.48566833,0.18740324,-0.67904619,0.36862988,0.18934402,-0.67904619
sensor_bias_04,sensor_bias,2813,1.88000000,0.50000000,0.49046358,0.17247403,-0.69071466,0.37207726,0.17236916,-0.69071466
sensor_bias_04,sensor_bias,2813,1.90000000,0.50000000,0.49785418,0.15222388,-0.72249474,0.37519202,0.15573795,-0.72249474
sensor_bias_04,sensor_bias,2813,1.92000000,0.50000000,0.49510910,0.13889256,-0.60642666,0.37797428,0.13911298,-0.60642666
sensor_bias_04,sensor_bias,2813,1.94000000,0.50000000,0.49702407,0.13805930,-0.63672977,0.38047218,0.12489515,-0.63672977
sensor_bias_04,sensor_bias,2813,1.96000000,0.50000000,0.50437485,0.10808284,-0.61916141,0.38268482,0.11063174,-0.61916141
sensor_bias_04,sensor_bias,2813,1.98000000,0.50000000,0.50718564,0.09235633,-0.59112314,0.38462685,0.09710164,-0.59112314
sensor_bias_04,sensor_bias,2813,2.00000000,0.50000000,0.50533365,0.08330768,-0.51254416,0.38631589,0.08445184,-0.51254416
sensor_bias_04,sensor_bias,2813,2.02000000,0.50000000,0.51117970,0.07562148,-0.57934203,0.38778540,0.07347550,-0.57934203
sensor_bias_04,sensor_bias,2813,2.04000000,0.50000000,0.51371720,0.07827313,-0.63827524,0.38902058,0.06175909,-0.63827524
sensor_bias_04,sensor_bias,2813,2.06000000,0.50000000,0.51246631,0.04179598,-0.43337354,0.39000965,0.04945358,-0.43337354
sensor_bias_04,sensor_bias,2813,2.08000000,0.50000000,0.51304190,0.03560178,-0.41276303,0.39082690,0.04086222,-0.41276303
sensor_bias_04,sensor_bias,2813,2.10000000,0.50000000,0.51257193,0.02245560,-0.33857278,0.39148441,0.03287542,-0.33857278
sensor_bias_04,sensor_bias,2813,2.12000000,0.50000000,0.51058530,0.02612434,-0.32115705,0.39201129,0.02634435,-0.32115705
sensor_bias_04,sensor_bias,2813,2.14000000,0.50000000,0.50887409,0.02157869,-0.26762708,0.39241732,0.02030124,-0.26762708
sensor_bias_04,sensor_bias,2813,2.16000000,0.50000000,0.51300536,0.02292185,-0.34870567,0.39272366,0.01531727,-0.34870567
sensor_bias_04,sensor_bias,2813,2.18000000,0.50000000,0.50674250,-0.00170821,-0.11282392,0.39290712,0.00917311,-0.11282392
sensor_bias_04,sensor_bias,2813,2.20000000,0.50000000,0.51252740,0.00020413,-0.22651377,0.39304818,0.00705270,-0.22651377
sensor_bias_04,sensor_bias,2813,2.22000000,0.50000000,0.51615021,-0.00202842,-0.28056163,0.39311123,0.00315254,-0.28056163
sensor_bias_04,sensor_bias,2813,2.24000000,0.50000000,0.51512602,-0.01109585,-0.21678912,0.39308117,-0.00150287,-0.21678912
sensor_bias_04,sensor_bias,2813,2.26000000,0.50000000,0.50955894,-0.01386939,-0.10271395,0.39298164,-0.00497639,-0.10271395
sensor_bias_04,sensor_bias,2813,2.28000000,0.50000000,0.51604101,-0.01172113,-0.23013256,0.39285188,-0.00648819,-0.23013256
sensor_bias_04,sensor_bias,2813,2.30000000,0.50000000,0.51537404,-0.00840113,-0.23472708,0.39265144,-0.01002182,-0.23472708
sensor_bias_04,sensor_bias,2813,2.32000000,0.50000000,0.50757165,-0.01114317,-0.08057388,0.39238106,-0.01351909,-0.08057388
sensor_bias_04,sensor_bias,2813,2.34000000,0.50000000,0.51452798,-0.00844422,-0.21928250,0.39209300,-0.01440302,-0.21928250
sensor_bias_04,sensor_bias,2813,2.36000000,0.50000000,0.51132813,-0.01286025,-0.13960513,0.39174277,-0.01751186,-0.13960513
sensor_bias_04,sensor_bias,2813,2.38000000,0.50000000,0.51052011,-0.01462977,-0.11621312,0.39135818,-0.01922907,-0.11621312
sensor_bias_04,sensor_bias,2813,2.40000000,0.50000000,0.51419321,-0.02400331,-0.13546120,0.39094793,-0.02051245,-0.13546120
sensor_bias_04,sensor_bias,2813,2.42000000,0.50000000,0.50799750,-0.02619696,-0.01297015,0.39050657,-0.02206812,-0.01297015
sensor_bias_04,sensor_bias,2813,2.44000000,0.50000000,0.51143270,-0.01424680,-0.13455454,0.39007486,-0.02158563,-0.13455454
sensor_bias_04,sensor_bias,2813,2.46000000,0.50000000,0.51168832,-0.02123790,-0.10420027,0.38961300,-0.02309287,-0.10420027
sensor_bias_04,sensor_bias,2813,2.48000000,0.50000000,0.50830669,-0.02689644,-0.01503819,0.38913181,-0.02405981,-0.01503819
sensor_bias_04,sensor_bias,2813,2.50000000,0.50000000,0.50830723,-0.02137857,-0.04263738,0.38866084,-0.02354835,-0.04263738
sensor_bias_04,sensor_bias,2813,2.52000000,0.50000000,0.51243209,-0.01833084,-0.13212345,0.38819082,-0.02350119,-0.13212345
sensor_bias_04,sensor_bias,2813,2.54000000,0.50000000,0.50413799,-0.01905680,0.02080011,0.38769264,-0.02490878,0.02080011
sensor_bias_04,sensor_bias,2813,2.56000000,0.50000000,0.50523077,-0.01198823,-0.03421275,0.38721687,-0.02378864,-0.03421275
sensor_bias_04,sensor_bias,2813,2.58000000,0.50000000,0.50800465,-0.00740092,-0.10707903,0.38674493,-0.02359710,-0.10707903
sensor_bias_04,sensor_bias,2813,2.60000000,0.50000000,0.50829987,-0.03635965,0.03240063,0.38625303,-0.02459495,0.03240063
sensor_bias_04,sensor_bias,2813,2.62000000,0.50000000,0.50766009,-0.02434592,-0.01615201,0.38578710,-0.02329627,-0.01615201
sensor_bias_04,sensor_bias,2813,2.64000000,0.50000000,0.50382547,-0.02032524,0.03276770,0.38533056,-0.02282689,0.03276770
sensor_bias_04,sensor_bias,2813,2.66000000,0.50000000,0.50589976,-0.02605329,0.02407074,0.38489901,-0.02157778,0.02407074
sensor_bias_04,sensor_bias,2813,2.68000000,0.50000000,0.49974085,-0.02471437,0.12823648,0.38448882,-0.02050915,0.12823648
sensor_bias_04,sensor_bias,2813,2.70000000,0.50000000,0.50420817,-0.01775815,0.01304369,0.38413318,-0.01778239,0.01304369
sensor_bias_04,sensor_bias,2813,2.72000000,0.50000000,0.50460018,-0.01533521,-0.00612722,0.38379294,-0.01701205,-0.00612722
sensor_bias_04,sensor_bias,2813,2.74000000,0.50000000,0.50564553,-0.00656879,-0.06877552,0.38346139,-0.01657724,-0.06877552
sensor_bias_04,sensor_bias,2813,2.76000000,0.50000000,0.50620859,-0.01582636,-0.03262279,0.38311792,-0.01717351,-0.03262279
sensor_bias_04,sensor_bias,2813,2.78000000,0.50000000,0.49743980,-0.02564425,0.17430481,0.38277464,-0.01716392,0.17430481
sensor_bias_04,sensor_bias,2813,2.80000000,0.50000000,0.49665455,-0.00797750,0.10010555,0.38249876,-0.01379407,0.10010555
sensor_bias_04,sensor_bias,2813,2.82000000,0.50000000,0.50825357,-0.02375600,-0.02978434,0.38226406,-0.01173508,-0.02978434
sensor_bias_04,sensor_bias,2813,2.84000000,0.50000000,0.49860607,-0.01713131,0.11074724,0.38202705,-0.01185021,0.11074724
sensor_bias_04,sensor_bias,2813,2.86000000,0.50000000,0.50019428,-0.00809133,0.03695962,0.38183347,-0.00967945,0.03695962
sensor_bias_04,sensor_bias,2813,2.88000000,0.50000000,0.49981143,-0.01620809,0.08443475,0.38165796,-0.00877520,0.08443475
sensor_bias_04,sensor_bias,2813,2.90000000,0.50000000,0.50070919,-0.00409581,0.00771358,0.38151539,-0.00712835,0.00771358
sensor_bias_04,sensor_bias,2813,2.92000000,0.50000000,0.50004769,-0.00036895,0.00098629,0.38137981,-0.00677919,0.00098629
sensor_bias_04,sensor_bias,2813,2.94000000,0.50000000,0.50560734,-0.00512913,-0.07528641,0.38124881,-0.00655025,-0.07528641
sensor_bias_04,sensor_bias,2813,2.96000000,0.50000000,0.50049259,-0.01105938,0.04643032,0.38109746,-0.00756719,0.04643032
sensor_bias_04,sensor_bias,2813,2.98000000,0.50000000,0.50344811,-0.01009477,-0.01159215,0.38096595,-0.00657547,-0.01159215
sensor_bias_04,sensor_bias,2813,3.00000000,-0.30000000,0.49789822,-0.00382422,-12.00000000,0.38083481,-0.00655721,-12.00000000
sensor_bias_04,sensor_bias,2813,3.02000000,-0.30000000,0.50218127,-0.19428164,-12.00000000,0.37681012,-0.20123461,-12.00000000
sensor_bias_04,sensor_bias,2813,3.04000000,-0.30000000,0.49091493,-0.38511276,-12.00000000,0.36901417,-0.38979754,-12.00000000
sensor_bias_04,sensor_bias,2813,3.06000000,-0.30000000,0.47587691,-0.56883371,-11.12161580,0.35756540,-0.57243804,-11.12161580
sensor_bias_04,sensor_bias,2813,3.08000000,-0.30000000,0.46476512,-0.73594525,-10.08604597,0.34286387,-0.73507692,-10.08604597
sensor_bias_04,sensor_bias,2813,3.10000000,-0.30000000,0.44890311,-0.87810748,-9.08971858,0.32534807,-0.87578965,-9.08971858
sensor_bias_04,sensor_bias,2813,3.12000000,-0.30000000,0.43055537,-0.98807953,-8.20959894,0.30543003,-0.99590221,-8.20959894
sensor_bias_04,sensor_bias,2813,3.14000000,-0.30000000,0.40042942,-1.08694821,-7.17298846,0.28347105,-1.09794886,-7.17298846
sensor_bias_04,sensor_bias,2813,3.16000000,-0.30000000,0.38401460,-1.17498177,-6.43735391,0.25987194,-1.17995556,-6.43735391
sensor_bias_04,sensor_bias,2813,3.18000000,-0.30000000,0.35476393,-1.24595685,-5.55596652,0.23492315,-1.24743966,-5.55596652
sensor_bias_04,sensor_bias,2813,3.20000000,-0.30000000,0.32729631,-1.30395749,-4.77154619,0.20895334,-1.29849023,-4.77154619
sensor_bias_04,sensor_bias,2813,3.22000000,-0.30000000,0.29986108,-1.33286975,-4.13315073,0.18224938,-1.33519818,-4.13315073
sensor_bias_04,sensor_bias,2813,3.24000000,-0.30000000,0.27759585,-1.36792157,-3.55711744,0.15504167,-1.36038549,-3.55711744
sensor_bias_04,sensor_bias,2813,3.26000000,-0.30000000,0.24374202,-1.36862377,-2.94423748,0.12753313,-1.37542676,-2.94423748
sensor_bias_04,sensor_bias,2813,3.28000000,-0.30000000,0.22070309,-1.39315644,-2.40687351,0.09993229,-1.38004227,-2.40687351
sensor_bias_04,sensor_bias,2813,3.30000000,-0.30000000,0.19331101,-1.37684377,-1.99537938,0.07241657,-1.37578587,-1.99537938
sensor_bias_04,sensor_bias,2813,3.32000000,-0.30000000,0.15969191,-1.36498552,-1.44952674,0.04511696,-1.36498038,-1.44952674
sensor_bias_04,sensor_bias,2813,3.34000000,-0.30000000,0.13849371,-1.33300149,-1.22787925,0.01820397,-1.34564947,-1.22787925
sensor_bias_04,sensor_bias,2813,3.36000000,-0.30000000,0.10745441,-1.31593024,-0.75452811,-0.00826255,-1.32332610,-0.75452811
sensor_bias_04,sensor_bias,2813,3.38000000,-0.30000000,0.08256850,-1.29542483,-0.40910887,-0.03414288,-1.29401650,-0.40910887
sensor_bias_04,sensor_bias,2813,3.40000000,-0.30000000,0.06067447,-1.26582380,-0.16302139,-0.05934323,-1.26001777,-0.16302139
sensor_bias_04,sensor_bias,2813,3.42000000,-0.30000000,0.03375828,-1.22508167,0.11775921,-0.08380504,-1.22309034,0.11775921
sensor_bias_04,sensor_bias,2813,3.44000000,-0.30000000,0.01290054,-1.18147248,0.27515279,-0.10746030,-1.18276279,0.27515279
sensor_bias_04,sensor_bias,2813,3.46000000,-0.30000000,-0.00610029,-1.13744386,0.39702453,-0.13028321,-1.14114574,0.39702453
sensor_bias_04,sensor_bias,2813,3.48000000,-0.30000000,-0.02873119,-1.09060388,0.57018085,-0.15226034,-1.09885657,0.57018085
sensor_bias_04,sensor_bias,2813,3.50000000,-0.30000000,-0.05756584,-1.05067119,0.88954110,-0.17336201,-1.05508353,0.88954110
sensor_bias_04,sensor_bias,2813,3.52000000,-0.30000000,-0.06992471,-1.02007292,0.95900944,-0.19351199,-1.00749882,0.95900944
sensor_bias_04,sensor_bias,2813,3.54000000,-0.30000000,-0.09202735,-0.95439477,1.02846624,-0.21271760,-0.96028048,1.02846624
sensor_bias_04,sensor_bias,2813,3.56000000,-0.30000000,-0.11019775,-0.90675208,1.11731990,-0.23098594,-0.91341718,1.11731990
sensor_bias_04,sensor_bias,2813,3.58000000,-0.30000000,-0.13212731,-0.87535228,1.35505297,-0.24831760,-0.86658277,1.35505297
sensor_bias_04,sensor_bias,2813,3.60000000,-0.30000000,-0.14923747,-0.82222244,1.39738668,-0.26466477,-0.81735849,1.39738668
sensor_bias_04,sensor_bias,2813,3.62000000,-0.30000000,-0.16094258,-0.77283120,1.36112254,-0.28004462,-0.76899275,1.36112254
sensor_bias_04,sensor_bias,2813,3.64000000,-0.30000000,-0.17165742,-0.72442372,1.31195219,-0.29449932,-0.72273504,1.31195219
sensor_bias_04,sensor_bias,2813,3.66000000,-0.30000000,-0.18722107,-0.68464049,1.39318171,-0.30807390,-0.67872873,1.39318171
sensor_bias_04,sensor_bias,2813,3.68000000,-0.30000000,-0.19827202,-0.63597169,1.34875471,-0.32076961,-0.63478540,1.34875471
sensor_bias_04,sensor_bias,2813,3.70000000,-0.30000000,-0.21667933,-0.59117611,1.45610855,-0.33262848,-0.59294376,1.45610855
sensor_bias_04,sensor_bias,2813,3.72000000,-0.30000000,-0.22102947,-0.55190101,1.33803557,-0.34364194,-0.55067283,1.33803557
sensor_bias_04,sensor_bias,2813,3.74000000,-0.30000000,-0.23160135,-0.51670319,1.35234021,-0.35387488,-0.51164709,1.35234021
sensor_bias_04,sensor_bias,2813,3.76000000,-0.30000000,-0.24348650,-0.47683200,1.36691705,-0.36334717,-0.47361478,1.36691705
sensor_bias_04,sensor_bias,2813,3.78000000,-0.30000000,-0.25117101,-0.43090836,1.27562002,-0.37207798,-0.43654026,1.27562002
sensor_bias_04,sensor_bias,2813,3.80000000,-0.30000000,-0.26053223,-0.40066488,1.29290460,-0.38012024,-0.40211287,1.29290460
sensor_bias_04,sensor_bias,2813,3.82000000,-0.30000000,-0.27072702,-0.36077776,1.27697511,-0.38748996,-0.36848608,1.27697511
sensor_bias_04,sensor_bias,2813,3.84000000,-0.30000000,-0.27008919,-0.34318445,1.17752765,-0.39421344,-0.33617415,1.17752765
sensor_bias_04,sensor_bias,2813,3.86000000,-0.30000000,-0.27913099,-0.30038224,1.12626897,-0.40034328,-0.30649214,1.12626897
sensor_bias_04,sensor_bias,2813,3.88000000,-0.30000000,-0.28818699,-0.28521076,1.21341953,-0.40591478,-0.27857484,1.21341953
sensor_bias_04,sensor_bias,2813,3.90000000,-0.30000000,-0.29755394,-0.25820455,1.24699370,-0.41091716,-0.25011902,1.24699370
sensor_bias_04,sensor_bias,2813,3.92000000,-0.30000000,-0.29612788,-0.22632318,1.06191772,-0.41535740,-0.22201170,1.06191772
sensor_bias_04,sensor_bias,2813,3.94000000,-0.30000000,-0.30227791,-0.19542773,1.01814097,-0.41931325,-0.19779286,1.01814097
sensor_bias_04,sensor_bias,2813,3.96000000,-0.30000000,-0.30012480,-0.17205184,0.86250556,-0.42281417,-0.17504564,0.86250556
sensor_bias_04,sensor_bias,2813,3.98000000,-0.30000000,-0.30518944,-0.15035738,0.84519684,-0.42592497,-0.15554043,0.84519684
sensor_bias_04,sensor_bias,2813,4.00000000,-0.30000000,-0.30916421,-0.11998994,0.76490545,-0.42866355,-0.13692895,0.76490545
sensor_bias_04,sensor_bias,2813,4.02000000,-0.30000000,-0.31229343,-0.11799311,0.81124728,-0.43106767,-0.12020598,0.81124728
sensor_bias_04,sensor_bias,2813,4.04000000,-0.30000000,-0.31691398,-0.10356461,0.82227465,-0.43313279,-0.10325564,0.82227465
sensor_bias_04,sensor_bias,2813,4.06000000,-0.30000000,-0.31479068,-0.08460309,0.68924768,-0.43486596,-0.08665859,0.68924768
sensor_bias_04,sensor_bias,2813,4.08000000,-0.30000000,-0.32349344,-0.07027508,0.77425730,-0.43632082,-0.07274322,0.77425730
sensor_bias_04,sensor_bias,2813,4.10000000,-0.30000000,-0.32259636,-0.05234253,0.66844714,-0.43747851,-0.05788433,0.66844714
sensor_bias_04,sensor_bias,2813,4.12000000,-0.30000000,-0.31805440,-0.03515022,0.50073039,-0.43838272,-0.04521051,0.50073039
sensor_bias_04,sensor_bias,2813,4.14000000,-0.30000000,-0.32196322,-0.03695011,0.58008844,-0.43909589,-0.03565853,0.58008844
sensor_bias_04,sensor_bias,2813,4.16000000,-0.30000000,-0.31998400,-0.02591963,0.48931012,-0.43959824,-0.02511776,0.48931012
sensor_bias_04,sensor_bias,2813,4.18000000,-0.30000000,-0.32081577,-0.01559909,0.45267934,-0.43992589,-0.01638232,0.45267934
sensor_bias_04,sensor_bias,2813,4.20000000,-0.30000000,-0.31960069,-0.01174540,0.41153946,-0.44009621,-0.00851614,0.41153946
sensor_bias_04,sensor_bias,2813,4.22000000,-0.30000000,-0.32174831,0.01035821,0.33967847,-0.44012752,-0.00156515,0.33967847
sensor_bias_04,sensor_bias,2813,4.24000000,-0.30000000,-0.32081350,0.01004596,0.32441325,-0.44004751,0.00400048,0.32441325
sensor_bias_04,sensor_bias,2813,4.26000000,-0.30000000,-0.31751944,-0.00016411,0.31617047,-0.43986464,0.00914339,0.31617047
sensor_bias_04,sensor_bias,2813,4.28000000,-0.30000000,-0.32428600,0.01301672,0.37206444,-0.43958482,0.01399091,0.37206444
sensor_bias_04,sensor_bias,2813,4.30000000,-0.30000000,-0.31842064,0.02530365,0.20505319,-0.43919294,0.01959391,0.20505319
sensor_bias_04,sensor_bias,2813,4.32000000,-0.30000000,-0.31192850,0.02739253,0.07775038,-0.43874677,0.02230862,0.07775038
sensor_bias_04,sensor_bias,2813,4.34000000,-0.30000000,-0.32145439,0.01609386,0.30570966,-0.43828936,0.02287064,0.30570966
sensor_bias_04,sensor_bias,2813,4.36000000,-0.30000000,-0.31725910,0.03789811,0.12117322,-0.43774701,0.02711712,0.12117322
sensor_bias_04,sensor_bias,2813,4.38000000,-0.30000000,-0.32137644,0.02016117,0.28397014,-0.43718235,0.02823331,0.28397014
sensor_bias_04,sensor_bias,2813,4.40000000,-0.30000000,-0.31632245,0.03277649,0.12992167,-0.43654318,0.03195830,0.12992167
sensor_bias_04,sensor_bias,2813,4.42000000,-0.30000000,-0.31273965,0.03250101,0.06680866,-0.43588189,0.03306451,0.06680866
sensor_bias_04,sensor_bias,2813,4.44000000,-0.30000000,-0.30928404,0.03476016,-0.00668812,-0.43521967,0.03311101,-0.00668812
sensor_bias_04,sensor_bias,2813,4.46000000,-0.30000000,-0.30980736,0.04426464,-0.04479065,-0.43458042,0.03196243,-0.04479065
sensor_bias_04,sensor_bias,2813,4.48000000,-0.30000000,-0.30642484,0.03169932,-0.04284945,-0.43397580,0.03023114,-0.04284945
sensor_bias_04,sensor_bias,2813,4.50000000,-0.30000000,-0.30872852,0.02183656,0.04793057,-0.43340409,0.02858574,0.04793057
sensor_bias_04,sensor_bias,2813,4.52000000,-0.30000000,-0.31878588,0.02793656,0.19846299,-0.43283476,0.02846632,0.19846299
sensor_bias_04,sensor_bias,2813,4.54000000,-0.30000000,-0.31188210,0.02108433,0.10845606,-0.43221885,0.03079534,0.10845606
sensor_bias_04,sensor_bias,2813,4.56000000,-0.30000000,-0.31402367,0.03357174,0.08456744,-0.43158706,0.03158947,0.08456744
sensor_bias_04,sensor_bias,2813,4.58000000,-0.30000000,-0.31388186,0.04148993,0.04242373,-0.43094765,0.03197070,0.04242373
sensor_bias_04,sensor_bias,2813,4.60000000,-0.30000000,-0.31181647,0.03014933,0.06194987,-0.43031454,0.03165553,0.06194987
sensor_bias_04,sensor_bias,2813,4.62000000,-0.30000000,-0.30793543,0.03248746,-0.01959959,-0.42968119,0.03166737,-0.01959959
sensor_bias_04,sensor_bias,2813,4.64000000,-0.30000000,-0.30665522,0.04070554,-0.08373367,-0.42907410,0.03035445,-0.08373367
sensor_bias_04,sensor_bias,2813,4.66000000,-0.30000000,-0.30490485,0.02885374,-0.05598132,-0.42851328,0.02804121,-0.05598132
sensor_bias_04,sensor_bias,2813,4.68000000,-0.30000000,-0.30905073,0.02387531,0.04353665,-0.42798825,0.02625133,0.04353665
sensor_bias_04,sensor_bias,2813,4.70000000,-0.30000000,-0.30678239,0.02851515,-0.02049279,-0.42746557,0.02613387,-0.02049279
sensor_bias_04,sensor_bias,2813,4.72000000,-0.30000000,-0.30768735,0.03720886,-0.04767201,-0.42696597,0.02498024,-0.04767201
sensor_bias_04,sensor_bias,2813,4.74000000,-0.30000000,-0.30550727,0.02573096,-0.02952394,-0.42649754,0.02342145,-0.02952394
sensor_bias_04,sensor_bias,2813,4.76000000,-0.30000000,-0.30645731,0.02013414,0.01556085,-0.42605341,0.02220635,0.01556085
sensor_bias_04,sensor_bias,2813,4.78000000,-0.30000000,-0.30248314,0.02082096,-0.05940828,-0.42561818,0.02176160,-0.05940828
sensor_bias_04,sensor_bias,2813,4.80000000,-0.30000000,-0.30613988,0.02064030,0.00731625,-0.42521592,0.02011330,0.00731625
sensor_bias_04,sensor_bias,2813,4.82000000,-0.30000000,-0.30088691,0.00666618,-0.01736648,-0.42482391,0.01960039,-0.01736648
sensor_bias_04,sensor_bias,2813,4.84000000,-0.30000000,-0.30167615,0.01253376,-0.03249809,-0.42444985,0.01870274,-0.03249809
sensor_bias_04,sensor_bias,2813,4.86000000,-0.30000000,-0.30503719,0.02199989,-0.01933005,-0.42409810,0.01758754,-0.01933005
sensor_bias_04,sensor_bias,2813,4.88000000,-0.30000000,-0.30459982,0.01660104,-0.00020849,-0.42376368,0.01672122,-0.00020849
sensor_bias_04,sensor_bias,2813,4.90000000,-0.30000000,-0.30592044,0.00760384,0.06854865,-0.42343982,0.01619265,0.06854865
sensor_bias_04,sensor_bias,2813,4.92000000,-0.30000000,-0.30240727,0.01507430,-0.03204074,-0.42310388,0.01679732,-0.03204074
sensor_bias_04,sensor_bias,2813,4.94000000,-0.30000000,-0.30049848,0.00721406,-0.02709766,-0.42278889,0.01574940,-0.02709766
sensor_bias_04,sensor_bias,2813,4.96000000,-0.30000000,-0.29946956,0.01036081,-0.06135201,-0.42249260,0.01481466,-0.06135201
sensor_bias_04,sensor_bias,2813,4.98000000,-0.30000000,-0.30438567,0.01218557,0.01801415,-0.42222554,0.01335299,0.01801415
sensor_bias_04,sensor_bias,2813,5.00000000,0.80000000,-0.30269793,0.01739017,12.00000000,-0.42196101,0.01322615,12.00000000
sensor_bias_04,sensor_bias,2813,5.02000000,0.80000000,-0.30098063,0.20757232,12.00000000,-0.41780713,0.20769409,12.00000000
sensor_bias_04,sensor_bias,2813,5.04000000,0.80000000,-0.28952076,0.39398935,12.00000000,-0.40988605,0.39605414,12.00000000
sensor_bias_04,sensor_bias,2813,5.06000000,0.80000000,-0.27986394,0.58414122,12.00000000,-0.39831609,0.57849813,12.00000000
sensor_bias_04,sensor_bias,2813,5.08000000,0.80000000,-0.26488404,0.74448669,12.00000000,-0.38321185,0.75521187,12.00000000
sensor_bias_04,sensor_bias,2813,5.10000000,0.80000000,-0.24497570,0.93354056,12.00000000,-0.36468434,0.92637535,12.00000000
sensor_bias_04,sensor_bias,2813,5.12000000,0.80000000,-0.22295840,1.07781524,12.00000000,-0.34284109,1.09216289,12.00000000
sensor_bias_04,sensor_bias,2813,5.14000000,0.80000000,-0.20069004,1.25273323,11.74875451,-0.31778622,1.25274333,11.74875451
sensor_bias_04,sensor_bias,2813,5.16000000,0.80000000,-0.17194809,1.40336036,10.47826389,-0.28970222,1.40419993,10.47826389
sensor_bias_04,sensor_bias,2813,5.18000000,0.80000000,-0.14041728,1.53006105,9.27720569,-0.25909689,1.53026642,9.27720569
sensor_bias_04,sensor_bias,2813,5.20000000,0.80000000,-0.10881716,1.63675801,8.17491874,-0.22643953,1.63286786,8.17491874
sensor_bias_04,sensor_bias,2813,5.22000000,0.80000000,-0.07299550,1.70775552,7.17514134,-0.19215263,1.71434532,7.17514134
sensor_bias_04,sensor_bias,2813,5.24000000,0.80000000,-0.03905565,1.77810879,6.21245773,-0.15661209,1.77702706,6.21245773
sensor_bias_04,sensor_bias,2813,5.26000000,0.80000000,-0.00357088,1.81959844,5.36628358,-0.12016997,1.82210582,5.36628358
sensor_bias_04,sensor_bias,2813,5.28000000,0.80000000,0.03826619,1.85529706,4.43472332,-0.08312944,1.85202663,4.43472332
sensor_bias_04,sensor_bias,2813,5.30000000,0.80000000,0.08200210,1.86370273,3.60544848,-0.04581186,1.86587889,3.60544848
sensor_bias_04,sensor_bias,2813,5.32000000,0.80000000,0.11076532,1.87938267,3.00931088,-0.00849529,1.86582841,3.00931088
sensor_bias_04,sensor_bias,2813,5.34000000,0.80000000,0.14764910,1.86401334,2.42224951,0.02862667,1.85609808,2.42224951
sensor_bias_04,sensor_bias,2813,5.36000000,0.80000000,0.18634622,1.83849572,1.85328949,0.06536946,1.83713932,1.85328949
sensor_bias_04,sensor_bias,2813,5.38000000,0.80000000,0.21499982,1.81402098,1.45989844,0.10156018,1.80953595,1.45989844
sensor_bias_04,sensor_bias,2813,5.40000000,0.80000000,0.25484531,1.78561787,0.88469517,0.13708839,1.77641078,0.88469517
sensor_bias_04,sensor_bias,2813,5.42000000,0.80000000,0.29312433,1.73123775,0.46757321,0.17178808,1.73498454,0.46757321
sensor_bias_04,sensor_bias,2813,5.44000000,0.80000000,0.32690571,1.68409749,0.09520969,0.20554979,1.68808526,0.09520969
sensor_bias_04,sensor_bias,2813,5.46000000,0.80000000,0.35972748,1.64905442,-0.32036668,0.23828202,1.63661171,-0.32036668
sensor_bias_04,sensor_bias,2813,5.48000000,0.80000000,0.39067508,1.57999365,-0.53211974,0.26988214,1.58000577,-0.53211974
sensor_bias_04,sensor_bias,2813,5.50000000,0.80000000,0.42008528,1.53326798,-0.82787491,0.30031691,1.52173880,-0.82787491
sensor_bias_04,sensor_bias,2813,5.52000000,0.80000000,0.45086842,1.45490172,-0.99014010,0.32952689,1.46049875,-0.99014010
sensor_bias_04,sensor_bias,2813,5.54000000,0.80000000,0.47544927,1.40374431,-1.17680836,0.35749783,1.39854691,-1.17680836
sensor_bias_04,sensor_bias,2813,5.56000000,0.80000000,0.50967878,1.33897762,-1.46910613,0.38420801,1.33550932,-1.46910613
sensor_bias_04,sensor_bias,2813,5.58000000,0.80000000,0.53056560,1.27232608,-1.51181113,0.40960210,1.26970463,-1.51181113
sensor_bias_04,sensor_bias,2813,5.60000000,0.80000000,0.55392990,1.21036328,-1.62255461,0.43370757,1.20527321,-1.62255461
sensor_bias_04,sensor_bias,2813,5.62000000,0.80000000,0.57429106,1.13106945,-1.59258632,0.45652891,1.14106696,-1.59258632
sensor_bias_04,sensor_bias,2813,5.64000000,0.80000000,0.60046730,1.07254701,-1.77114651,0.47811619,1.07936401,-1.77114651
sensor_bias_04,sensor_bias,2813,5.66000000,0.80000000,0.61311626,1.00989957,-1.68559054,0.49845017,1.01669918,-1.68559054
sensor_bias_04,sensor_bias,2813,5.68000000,0.80000000,0.63479701,0.95274123,-1.79005233,0.51759801,0.95739199,-1.79005233
sensor_bias_04,sensor_bias,2813,5.70000000,0.80000000,0.65787253,0.89681485,-1.92577976,0.53556303,0.89825104,-1.92577976
sensor_bias_04,sensor_bias,2813,5.72000000,0.80000000,0.66744087,0.83586648,-1.79326811,0.55233830,0.83876336,-1.79326811
sensor_bias_04,sensor_bias,2813,5.74000000,0.80000000,0.69218426,0.78743910,-1.99651212,0.56800422,0.78329611,-1.99651212
sensor_bias_04,sensor_bias,2813,5.76000000,0.80000000,0.70659071,0.71962468,-1.91675619,0.58252963,0.72627024,-1.91675619
sensor_bias_04,sensor_bias,2813,5.78000000,0.80000000,0.71617935,0.66978205,-1.84013848,0.59597624,0.67233072,-1.84013848
sensor_bias_04,sensor_bias,2813,5.80000000,0.80000000,0.72804391,0.62035957,-1.80658827,0.60840283,0.62132963,-1.80658827
sensor_bias_04,sensor_bias,2813,5.82000000,0.80000000,0.73872425,0.56242355,-1.70915428,0.61985234,0.57247527,-1.70915428
sensor_bias_04,sensor_bias,2813,5.84000000,0.80000000,0.74591542,0.52735957,-1.66327533,0.63038709,0.52673768,-1.66327533
sensor_bias_04,sensor_bias,2813,5.86000000,0.80000000,0.76167178,0.48199902,-1.72008724,0.64005073,0.48318173,-1.72008724
sensor_bias_04,sensor_bias,2813,5.88000000,0.80000000,0.77010063,0.44492179,-1.68642032,0.64885215,0.44007114,-1.68642032
sensor_bias_04,sensor_bias,2813,5.90000000,0.80000000,0.77611709,0.41131228,-1.62666895,0.65682938,0.39886135,-1.62666895
sensor_bias_04,sensor_bias,2813,5.92000000,0.80000000,0.78326787,0.36300864,-1.51386478,0.66402770,0.35991626,-1.51386478
sensor_bias_04,sensor_bias,2813,5.94000000,0.80000000,0.78932120,0.30847382,-1.35015067,0.67050823,0.32402633,-1.35015067
sensor_bias_04,sensor_bias,2813,5.96000000,0.80000000,0.80459171,0.30165593,-1.59093038,0.67634668,0.29192241,-1.59093038
sensor_bias_04,sensor_bias,2813,5.98000000,0.80000000,0.79927915,0.26195442,-1.29679685,0.68148501,0.25691649,-1.29679685
sensor_bias_04,sensor_bias,2813,6.00000000,0.80000000,0.80827482,0.22714861,-1.28468973,0.68604074,0.22778685,-1.28468973
sensor_bias_04,sensor_bias,2813,6.02000000,0.80000000,0.80856219,0.20235017,-1.16587029,0.69003612,0.19976875,-1.16587029
sensor_bias_04,sensor_bias,2813,6.04000000,0.80000000,0.81763476,0.17239731,-1.17941230,0.69352733,0.17456031,-1.17941230
sensor_bias_04,sensor_bias,2813,6.06000000,0.80000000,0.81523305,0.15451574,-1.04677354,0.69652580,0.14992369,-1.04677354
sensor_bias_04,sensor_bias,2813,6.08000000,0.80000000,0.82049682,0.12270523,-0.98246885,0.69909010,0.12821496,-0.98246885
sensor_bias_04,sensor_bias,2813,6.10000000,0.80000000,0.82565797,0.10096062,-0.96664649,0.70125475,0.10823238,-0.96664649
sensor_bias_04,sensor_bias,2813,6.12000000,0.80000000,0.82131033,0.08365345,-0.80185311,0.70303743,0.08913438,-0.80185311
sensor_bias_04,sensor_bias,2813,6.14000000,0.80000000,0.82693107,0.07492661,-0.85939239,0.70450368,0.07331251,-0.85939239
sensor_bias_04,sensor_bias,2813,6.16000000,0.80000000,0.82244379,0.06251741,-0.71657520,0.70564475,0.05705312,-0.71657520
sensor_bias_04,sensor_bias,2813,6.18000000,0.80000000,0.82066154,0.04420903,-0.59295289,0.70651722,0.04362380,-0.59295289
sensor_bias_04,sensor_bias,2813,6.20000000,0.80000000,0.82736502,0.03422568,-0.66369884,0.70716970,0.03262394,-0.66369884
sensor_bias_04,sensor_bias,2813,6.22000000,0.80000000,0.82779164,0.02152032,-0.60785108,0.70758611,0.02082062,-0.60785108
sensor_bias_04,sensor_bias,2813,6.24000000,0.80000000,0.82993561,0.01091027,-0.59339227,0.70779201,0.01029501,-0.59339227
sensor_bias_04,sensor_bias,2813,6.26000000,0.80000000,0.82735355,-0.00235059,-0.48061099,0.70779871,0.00033481,-0.48061099
sensor_bias_04,sensor_bias,2813,6.28000000,0.80000000,0.83196263,-0.00664601,-0.54209724,0.70764909,-0.00748097,-0.54209724
sensor_bias_04,sensor_bias,2813,6.30000000,0.80000000,0.82443574,-0.00967786,-0.39145409,0.70732809,-0.01604981,-0.39145409
sensor_bias_04,sensor_bias,2813,6.32000000,0.80000000,0.82283259,-0.02134658,-0.30425381,0.70689003,-0.02190304,-0.30425381
sensor_bias_04,sensor_bias,2813,6.34000000,0.80000000,0.82607903,-0.02090957,-0.36487467,0.70636691,-0.02615627,-0.36487467
sensor_bias_04,sensor_bias,2813,6.36000000,0.80000000,0.82737296,-0.03299236,-0.32775151,0.70574170,-0.03126042,-0.32775151
sensor_bias_04,sensor_bias,2813,6.38000000,0.80000000,0.82453887,-0.03457547,-0.26882224,0.70502967,-0.03560136,-0.26882224
sensor_bias_04,sensor_bias,2813,6.40000000,0.80000000,0.82274073,-0.03927518,-0.21295732,0.70425269,-0.03884893,-0.21295732
sensor_bias_04,sensor_bias,2813,6.42000000,0.80000000,0.82213441,-0.04009540,-0.19794241,0.70343095,-0.04108724,-0.19794241
sensor_bias_04,sensor_bias,2813,6.44000000,0.80000000,0.82423666,-0.02289468,-0.32178644,0.70257072,-0.04301140,-0.32178644
sensor_bias_04,sensor_bias,2813,6.46000000,0.80000000,0.82403071,-0.05749976,-0.14505398,0.70163299,-0.04688639,-0.14505398
sensor_bias_04,sensor_bias,2813,6.48000000,0.80000000,0.82204403,-0.04570781,-0.16825354,0.70067760,-0.04776949,-0.16825354
sensor_bias_04,sensor_bias,2813,6.50000000,0.80000000,0.82051387,-0.04618738,-0.13831269,0.69969757,-0.04900162,-0.13831269
sensor_bias_04,sensor_bias,2813,6.52000000,0.80000000,0.81549706,-0.05847940,0.01344996,0.69870340,-0.04970880,0.01344996
sensor_bias_04,sensor_bias,2813,6.54000000,0.80000000,0.81596715,-0.05062198,-0.03429883,0.69774481,-0.04792910,-0.03429883
sensor_bias_04,sensor_bias,2813,6.56000000,0.80000000,0.81665247,-0.05047340,-0.04737739,0.69680520,-0.04698076,-0.04737739
sensor_bias_04,sensor_bias,2813,6.58000000,0.80000000,0.81329867,-0.05297632,0.02550562,0.69587971,-0.04627460,0.02550562
sensor_bias_04,sensor_bias,2813,6.60000000,0.80000000,0.81695618,-0.04957443,-0.05733899,0.69499157,-0.04440698,-0.05733899
sensor_bias_04,sensor_bias,2813,6.62000000,0.80000000,0.81653084,-0.04566596,-0.06922540,0.69411270,-0.04394343,-0.06922540
sensor_bias_04,sensor_bias,2813,6.64000000,0.80000000,0.81614649,-0.04385951,-0.07133925,0.69323895,-0.04368749,-0.07133925
sensor_bias_04,sensor_bias,2813,6.66000000,0.80000000,0.81388956,-0.03569508,-0.07153669,0.69236947,-0.04347391,-0.07153669
sensor_bias_04,sensor_bias,2813,6.68000000,0.80000000,0.81049127,-0.03417818,-0.01795198,0.69150407,-0.04327025,-0.01795198
sensor_bias_04,sensor_bias,2813,6.70000000,0.80000000,0.80621336,-0.03677933,0.07205616,0.69066001,-0.04220275,0.07205616
sensor_bias_04,sensor_bias,2813,6.72000000,0.80000000,0.81364443,-0.04298694,-0.03066503,0.68986587,-0.03970702,-0.03066503
sensor_bias_04,sensor_bias,2813,6.74000000,0.80000000,0.81632806,-0.03623327,-0.11273875,0.68908671,-0.03895790,-0.11273875
sensor_bias_04,sensor_bias,2813,6.76000000,0.80000000,0.81552081,-0.03901791,-0.08428508,0.68829541,-0.03956521,-0.08428508
sensor_bias_04,sensor_bias,2813,6.78000000,0.80000000,0.80698473,-0.03697202,0.05913498,0.68750158,-0.03969135,0.05913498
sensor_bias_04,sensor_bias,2813,6.80000000,0.80000000,0.80168892,-0.03332531,0.13622592,0.68675189,-0.03748435,0.13622592
sensor_bias_04,sensor_bias,2813,6.82000000,0.80000000,0.80679555,-0.03791352,0.06724774,0.68607000,-0.03409468,0.06724774
sensor_bias_04,sensor_bias,2813,6.84000000,0.80000000,0.80844734,-0.02796608,-0.01222174,0.68543137,-0.03193171,-0.01222174
sensor_bias_04,sensor_bias,2813,6.86000000,0.80000000,0.80912333,-0.03112732,-0.00858338,0.68480882,-0.03112727,-0.00858338
sensor_bias_04,sensor_bias,2813,6.88000000,0.80000000,0.80183732,-0.04341104,0.18398348,0.68420304,-0.03028902,0.18398348
sensor_bias_04,sensor_bias,2813,6.90000000,0.80000000,0.80197660,-0.02365602,0.08270126,0.68367604,-0.02634975,0.08270126
sensor_bias_04,sensor_bias,2813,6.92000000,0.80000000,0.80520455,-0.02655649,0.03910058,0.68319246,-0.02417906,0.03910058
sensor_bias_04,sensor_bias,2813,6.94000000,0.80000000,0.80770872,-0.02362146,-0.02064967,0.68273677,-0.02278463,-0.02064967
sensor_bias_04,sensor_bias,2813,6.96000000,0.80000000,0.79517392,-0.02676486,0.22069369,0.68228868,-0.02240436,0.22069369
sensor_bias_04,sensor_bias,2813,6.98000000,0.80000000,0.80509253,-0.02213797,0.01902433,0.68192635,-0.01811656,0.01902433
sensor_bias_04,sensor_bias,2813,7.00000000,0.80000000,0.80391173,-0.01676496,0.01341368,0.68158158,-0.01723859,0.01341368
sensor_bias_04,sensor_bias,2813,7.02000000,0.80000000,0.80029947,-0.01251828,0.05720100,0.68125199,-0.01647931,0.05720100
sensor_bias_04,sensor_bias,2813,7.04000000,0.80000000,0.80311274,-0.00534913,-0.02928369,0.68095134,-0.01503276,-0.02928369
sensor_bias_04,sensor_bias,2813,7.06000000,0.80000000,0.80262908,-0.00026276,-0.04600956,0.68065062,-0.01503619,-0.04600956
sensor_bias_04,sensor_bias,2813,7.08000000,0.80000000,0.80501950,-0.01791618,-0.00077017,0.68034439,-0.01531114,-0.00077017
sensor_bias_04,sensor_bias,2813,7.10000000,0.80000000,0.80001693,-0.00746028,0.03699657,0.68004754,-0.01484275,0.03699657
sensor_bias_04,sensor_bias,2813,7.12000000,0.80000000,0.80222080,-0.01715125,0.04578189,0.67977202,-0.01377573,0.04578189
sensor_bias_04,sensor_bias,2813,7.14000000,0.80000000,0.79954271,-0.01529214,0.08469194,0.67952003,-0.01259955,0.08469194
sensor_bias_04,sensor_bias,2813,7.16000000,0.80000000,0.80290927,-0.00547043,-0.02501462,0.67930346,-0.01082840,-0.02501462
sensor_bias_04,sensor_bias,2813,7.18000000,0.80000000,0.80555789,0.00423474,-0.12121579,0.67908557,-0.01089454,-0.12121579
sensor_bias_04,sensor_bias,2813,7.20000000,0.80000000,0.80192024,-0.02059073,0.06838923,0.67883516,-0.01252094,0.06838923
sensor_bias_04,sensor_bias,2813,7.22000000,0.80000000,0.79920396,-0.02044620,0.11655981,0.67861481,-0.01101702,0.11655981
sensor_bias_04,sensor_bias,2813,7.24000000,0.80000000,0.79836759,-0.01734531,0.11610988,0.67843925,-0.00877803,0.11610988
sensor_bias_04,sensor_bias,2813,7.26000000,0.80000000,0.79736709,0.00198457,0.03746958,0.67830692,-0.00661667,0.03746958
sensor_bias_04,sensor_bias,2813,7.28000000,0.80000000,0.79254163,0.00281388,0.12018126,0.67819091,-0.00580034,0.12018126
sensor_bias_04,sensor_bias,2813,7.30000000,0.80000000,0.79341802,0.00893674,0.07379190,0.67811759,-0.00366638,0.07379190
sensor_bias_04,sensor_bias,2813,7.32000000,0.80000000,0.79541980,-0.00780547,0.12147091,0.67807053,-0.00235282,0.12147091
sensor_bias_04,sensor_bias,2813,7.34000000,0.80000000,0.79698371,-0.00611043,0.08484536,0.67806441,-0.00030621,0.08484536
sensor_bias_04,sensor_bias,2813,7.36000000,0.80000000,0.79548826,-0.00843790,0.12340077,0.67808603,0.00108132,0.12340077
sensor_bias_04,sensor_bias,2813,7.38000000,0.80000000,0.79646221,0.00207843,0.05328805,0.67814706,0.00305143,0.05328805
sensor_bias_04,sensor_bias,2813,7.40000000,0.80000000,0.79557363,0.00535002,0.05292448,0.67822348,0.00382100,0.05292448
sensor_bias_04,sensor_bias,2813,7.42000000,0.80000000,0.79675689,0.00476494,0.03455133,0.67831469,0.00456050,0.03455133
sensor_bias_04,sensor_bias,2813,7.44000000,0.80000000,0.80012530,0.00957751,-0.05014298,0.67841426,0.00497838,-0.05014298
sensor_bias_04,sensor_bias,2813,7.46000000,0.80000000,0.79849664,-0.00465286,0.05032483,0.67849441,0.00400768,0.05032483
sensor_bias_04,sensor_bias,2813,7.48000000,0.80000000,0.79694103,0.00172938,0.04641452,0.67858839,0.00469910,0.04641452
sensor_bias_04,sensor_bias,2813,7.50000000,0.80000000,0.79760344,0.00491704,0.01855296,0.67869450,0.00530529,0.01855296
sensor_bias_04,sensor_bias,2813,7.52000000,0.80000000,0.80476465,0.00761793,-0.12385338,0.67880330,0.00543997,-0.12385338
sensor_bias_04,sensor_bias,2813,7.54000000,0.80000000,0.80025524,-0.00580967,0.02445407,0.67886845,0.00325769,0.02445407
sensor_bias_04,sensor_bias,2813,7.56000000,0.80000000,0.79744816,-0.00451859,0.06852602,0.67893950,0.00355252,0.06852602
sensor_bias_04,sensor_bias,2813,7.58000000,0.80000000,0.79869055,0.00513734,-0.00211667,0.67903058,0.00455382,-0.00211667
sensor_bias_04,sensor_bias,2813,7.60000000,0.80000000,0.79466043,-0.00456445,0.11893443,0.67911811,0.00437642,0.11893443
sensor_bias_04,sensor_bias,2813,7.62000000,0.80000000,0.79798386,0.00264445,0.02306829,0.67924152,0.00617049,0.02306829
sensor_bias_04,sensor_bias,2813,7.64000000,0.80000000,0.79605815,0.01049809,0.01846293,0.67936854,0.00635132,0.01846293
sensor_bias_04,sensor_bias,2813,7.66000000,0.80000000,0.79485181,0.00807197,0.05230751,0.67949758,0.00645168,0.05230751
sensor_bias_04,sensor_bias,2813,7.68000000,0.80000000,0.79746713,0.00438727,0.02365541,0.67963955,0.00709853,0.02365541
sensor_bias_04,sensor_bias,2813,7.70000000,0.80000000,0.80232868,0.01748345,-0.12933349,0.67978474,0.00725975,-0.12933349
sensor_bias_04,sensor_bias,2813,7.72000000,0.80000000,0.80044760,0.00468338,-0.03147379,0.67988337,0.00493132,-0.03147379
sensor_bias_04,sensor_bias,2813,7.74000000,0.80000000,0.80307891,0.00155638,-0.06320227,0.67996868,0.00426530,-0.06320227
sensor_bias_04,sensor_bias,2813,7.76000000,0.80000000,0.79619557,0.01620056,-0.01252310,0.68003077,0.00310491,-0.01252310
sensor_bias_04,sensor_bias,2813,7.78000000,0.80000000,0.80233807,0.00198382,-0.05200435,0.68008685,0.00280401,-0.05200435
sensor_bias_04,sensor_bias,2813,7.80000000,0.80000000,0.80318131,-0.00094646,-0.05253127,0.68012428,0.00187138,-0.05253127
sensor_bias_04,sensor_bias,2813,7.82000000,0.80000000,0.80334948,-0.00223008,-0.04914014,0.68014347,0.00095948,-0.04914014
sensor_bias_04,sensor_bias,2813,7.84000000,0.80000000,0.80237418,-0.00348854,-0.02529259,0.68014610,0.00013129,-0.02529259
sensor_bias_04,sensor_bias,2813,7.86000000,0.80000000,0.80236035,-0.00765927,-0.00418998,0.68014043,-0.00028359,-0.00418998
sensor_bias_04,sensor_bias,2813,7.88000000,0.80000000,0.80095603,-0.00344899,0.00003647,0.68013357,-0.00034273,0.00003647
sensor_bias_04,sensor_bias,2813,7.90000000,0.80000000,0.79471289,0.00976356,0.04635022,0.68012694,-0.00033137,0.04635022
sensor_bias_04,sensor_bias,2813,7.92000000,0.80000000,0.79785917,0.00058248,0.03562255,0.68013558,0.00043178,0.03562255
sensor_bias_04,sensor_bias,2813,7.94000000,0.80000000,0.80120664,0.00249005,-0.03416973,0.68015551,0.00099673,-0.03416973
sensor_bias_04,sensor_bias,2813,7.96000000,0.80000000,0.79994802,0.00361564,-0.01714246,0.68016372,0.00041050,-0.01714246
sensor_bias_04,sensor_bias,2813,7.98000000,0.80000000,0.79565132,-0.00423776,-0.01714246,0.68016611,0.00011921,-0.01714246
sensor_bias_05,sensor_bias,2814,0.00000000,0.00000000,0.12092712,0.00303194,-2.19184780,0.00000000,0.00000000,-2.19184780
sensor_bias_05,sensor_bias,2814,0.02000000,0.00000000,0.12113805,-0.03843904,-1.98828980,-0.00075408,-0.03770418,-1.98828980
sensor_bias_05,sensor_bias,2814,0.04000000,0.00000000,0.11532411,-0.06937258,-1.72897100,-0.00216761,-0.07067639,-1.72897100
sensor_bias_05,sensor_bias,2814,0.06000000,0.00000000,0.11305399,-0.09130078,-1.57846799,-0.00412985,-0.09811183,-1.57846799
sensor_bias_05,sensor_bias,2814,0.08000000,0.00000000,0.11046655,-0.13350939,-1.32085094,-0.00657111,-0.12206303,-1.32085094
sensor_bias_05,sensor_bias,2814,0.10000000,0.00000000,0.11205722,-0.13635130,-1.33527347,-0.00938713,-0.14080112,-1.33527347
sensor_bias_05,sensor_bias,2814,0.12000000,0.00000000,0.10596069,-0.15661244,-1.12423019,-0.01257065,-0.15917585,-1.12423019
sensor_bias_05,sensor_bias,2814,0.14000000,0.00000000,0.10509851,-0.17991985,-0.99217390,-0.01603706,-0.17332059,-0.99217390
sensor_bias_05,sensor_bias,2814,0.16000000,0.00000000,0.09993989,-0.19007549,-0.84854059,-0.01973170,-0.18473213,-0.84854059
sensor_bias_05,sensor_bias,2814,0.18000000,0.00000000,0.10099012,-0.19844455,-0.82559940,-0.02359771,-0.19330050,-0.82559940
sensor_bias_05,sensor_bias,2814,0.20000000,0.00000000,0.09018702,-0.20676829,-0.58952492,-0.02762160,-0.20119462,-0.58952492
sensor_bias_05,sensor_bias,2814,0.22000000,0.00000000,0.08924279,-0.21127477,-0.54999637,-0.03171701,-0.20477020,-0.54999637
sensor_bias_05,sensor_bias,2814,0.24000000,0.00000000,0.08531619,-0.20712614,-0.50006076,-0.03586799,-0.20754912,-0.50006076
sensor_bias_05,sensor_bias,2814,0.26000000,0.00000000,0.07648819,-0.20723743,-0.34060034,-0.04005556,-0.20937836,-0.34060034
sensor_bias_05,sensor_bias,2814,0.28000000,0.00000000,0.07029375,-0.20884403,-0.22106738,-0.04422366,-0.20840488,-0.22106738
sensor_bias_05,sensor_bias,2814,0.30000000,0.00000000,0.07411308,-0.20234743,-0.32229833,-0.04833179,-0.20540695,-0.32229833
sensor_bias_05,sensor_bias,2814,0.32000000,0.00000000,0.06171808,-0.20787260,-0.07156252,-0.05241676,-0.20424823,-0.07156252
sensor_bias_05,sensor_bias,2814,0.34000000,0.00000000,0.06637634,-0.19623887,-0.21357982,-0.05639304,-0.19881416,-0.21357982
sensor_bias_05,sensor_bias,2814,0.36000000,0.00000000,0.06093093,-0.20040475,-0.09473308,-0.06031305,-0.19600040,-0.09473308
sensor_bias_05,sensor_bias,2814,0.38000000,0.00000000,0.05529948,-0.17831385,-0.10382138,-0.06413773,-0.19123406,-0.10382138
sensor_bias_05,sensor_bias,2814,0.40000000,0.00000000,0.04877203,-0.19321974,0.08820209,-0.06787332,-0.18677959,0.08820209
sensor_bias_05,sensor_bias,2814,0.42000000,0.00000000,0.04240026,-0.17670509,0.12032072,-0.07145667,-0.17916729,0.12032072
sensor_bias_05,sensor_bias,2814,0.44000000,0.00000000,0.04536684,-0.17529521,0.05987302,-0.07488169,-0.17125089,0.05987302
sensor_bias_05,sensor_bias,2814,0.46000000,0.00000000,0.03637113,-0.18207511,0.25569529,-0.07817434,-0.16463265,0.25569529
sensor_bias_05,sensor_bias,2814,0.48000000,0.00000000,0.03707757,-0.15131410,0.08917421,-0.08127158,-0.15486184,0.08917421
sensor_bias_05,sensor_bias,2814,0.50000000,0.00000000,0.03464906,-0.14480934,0.10036358,-0.08423706,-0.14827436,0.10036358
sensor_bias_05,sensor_bias,2814,0.52000000,0.00000000,0.03446937,-0.14295394,0.09432108,-0.08707125,-0.14170938,0.09432108
sensor_bias_05,sensor_bias,2814,0.54000000,0.00000000,0.02991260,-0.13954262,0.15928621,-0.08978050,-0.13546256,0.15928621
sensor_bias_05,sensor_bias,2814,0.56000000,0.00000000,0.02452825,-0.12323437,0.17466330,-0.09234654,-0.12830207,0.17466330
sensor_bias_05,sensor_bias,2814,0.58000000,0.00000000,0.02720017,-0.12417024,0.13124818,-0.09476876,-0.12111072,0.13124818
sensor_bias_05,sensor_bias,2814,0.60000000,0.00000000,0.02043486,-0.11206527,0.19249884,-0.09706678,-0.11490086,0.19249884
sensor_bias_05,sensor_bias,2814,0.62000000,0.00000000,0.01710943,-0.10721773,0.22811888,-0.09922358,-0.10784002,0.22811888
sensor_bias_05,sensor_bias,2814,0.64000000,0.00000000,0.01521942,-0.10526239,0.25236233,-0.10123151,-0.10039685,0.25236233
sensor_bias_05,sensor_bias,2814,0.66000000,0.00000000,0.01901763,-0.09443224,0.12984382,-0.10308710,-0.09277953,0.12984382
sensor_bias_05,sensor_bias,2814,0.68000000,0.00000000,0.01460129,-0.09327046,0.20352904,-0.10483747,-0.08751835,0.20352904
sensor_bias_05,sensor_bias,2814,0.70000000,0.00000000,0.01212255,-0.08126629,0.18812560,-0.10646070,-0.08116132,0.18812560
sensor_bias_05,sensor_bias,2814,0.72000000,0.00000000,0.01228837,-0.08385614,0.19808998,-0.10796623,-0.07527670,0.19808998
sensor_bias_05,sensor_bias,2814,0.74000000,0.00000000,0.01330107,-0.06352065,0.07818405,-0.10935449,-0.06941270,0.07818405
sensor_bias_05,sensor_bias,2814,0.76000000,0.00000000,0.00815358,-0.05924428,0.14945697,-0.11067054,-0.06580268,0.14945697
sensor_bias_05,sensor_bias,2814,0.78000000,0.00000000,0.01139222,-0.06245095,0.10719477,-0.11189223,-0.06108443,0.10719477
sensor_bias_05,sensor_bias,2814,0.80000000,0.00000000,0.00478050,-0.05333256,0.18061381,-0.11303717,-0.05724714,0.18061381
sensor_bias_05,sensor_bias,2814,0.82000000,0.00000000,0.00311001,-0.06034683,0.24575392,-0.11408261,-0.05227212,0.24575392
sensor_bias_05,sensor_bias,2814,0.84000000,0.00000000,-0.00087909,-0.04038340,0.21774066,-0.11500939,-0.04633890,0.21774066
sensor_bias_05,sensor_bias,2814,0.86000000,0.00000000,0.01386130,-0.03844511,-0.05727784,-0.11583101,-0.04108117,-0.05727784
sensor_bias_05,sensor_bias,2814,0.88000000,0.00000000,0.00393408,-0.03641228,0.11124789,-0.11664553,-0.04072590,0.11124789
sensor_bias_05,sensor_bias,2814,0.90000000,0.00000000,0.00192105,-0.03704210,0.15063155,-0.11739520,-0.03748323,0.15063155
sensor_bias_05,sensor_bias,2814,0.92000000,0.00000000,0.00231877,-0.02786352,0.09757970,-0.11806857,-0.03366890,0.09757970
sensor_bias_05,sensor_bias,2814,0.94000000,0.00000000,0.00239730,-0.04065627,0.16012991,-0.11868641,-0.03089164,0.16012991
sensor_bias_05,sensor_bias,2814,0.96000000,0.00000000,0.00056302,-0.02234633,0.10159732,-0.11922899,-0.02712902,0.10159732
sensor_bias_05,sensor_bias,2814,0.98000000,0.00000000,-0.00181548,-0.01947590,0.13005820,-0.11971891,-0.02449606,0.13005820
sensor_bias_05,sensor_bias,2814,1.00000000,0.50000000,0.00267185,-0.03126126,9.10821299,-0.12014810,-0.02145943,9.10821299
sensor_bias_05,sensor_bias,2814,1.02000000,0.50000000,0.00492165,0.14181396,8.20234057,-0.11742969,0.13592039,8.20234057
sensor_bias_05,sensor_bias,2814,1.04000000,0.50000000,0.00455071,0.26410030,7.59758576,-0.11197806,0.27258172,7.59758576
sensor_bias_05,sensor_bias,2814,1.06000000,0.50000000,0.01884796,0.39000440,6.71071476,-0.10409045,0.39438049,6.71071476
sensor_bias_05,sensor_bias,2814,1.08000000,0.50000000,0.02991150,0.49939800,5.96460306,-0.09415147,0.49694872,5.96460306
sensor_bias_05,sensor_bias,2814,1.10000000,0.50000000,0.04177633,0.57158027,5.39012472,-0.08248477,0.58333529,5.39012472
sensor_bias_05,sensor_bias,2814,1.12000000,0.50000000,0.05239351,0.64975061,4.80816370,-0.06934435,0.65702069,4.80816370
sensor_bias_05,sensor_bias,2814,1.14000000,0.50000000,0.06091517,0.72360745,4.28548965,-0.05497854,0.71829067,4.28548965
sensor_bias_05,sensor_bias,2814,1.16000000,0.50000000,0.07909794,0.77998317,3.67632122,-0.03960713,0.76857023,3.67632122
sensor_bias_05,sensor_bias,2814,1.18000000,0.50000000,0.08928456,0.78823583,3.45169875,-0.02347253,0.80673013,3.45169875
sensor_bias_05,sensor_bias,2814,1.20000000,0.50000000,0.10961572,0.83663993,2.84371736,-0.00667691,0.83978083,2.84371736
sensor_bias_05,sensor_bias,2814,1.22000000,0.50000000,0.12995622,0.86504326,2.33557167,0.01054898,0.86129450,2.33557167
sensor_bias_05,sensor_bias,2814,1.24000000,0.50000000,0.15171432,0.87873111,1.87548669,0.02801628,0.87336501,1.87548669
sensor_bias_05,sensor_bias,2814,1.26000000,0.50000000,0.16329182,0.87366942,1.69240014,0.04555882,0.87712725,1.69240014
sensor_bias_05,sensor_bias,2814,1.28000000,0.50000000,0.19000270,0.87624766,1.19871306,0.06311117,0.87761726,1.19871306
sensor_bias_05,sensor_bias,2814,1.30000000,0.50000000,0.20009162,0.86441296,1.07628600,0.08050314,0.86959887,1.07628600
sensor_bias_05,sensor_bias,2814,1.32000000,0.50000000,0.21907492,0.86881503,0.71257635,0.09769787,0.85973615,0.71257635
sensor_bias_05,sensor_bias,2814,1.34000000,0.50000000,0.23598679,0.83108671,0.59680424,0.11457664,0.84393873,0.59680424
sensor_bias_05,sensor_bias,2814,1.36000000,0.50000000,0.25376217,0.81344133,0.36507425,0.13110995,0.82666531,0.36507425
sensor_bias_05,sensor_bias,2814,1.38000000,0.50000000,0.26426774,0.79812151,0.25257317,0.14722933,0.80596933,0.25257317
sensor_bias_05,sensor_bias,2814,1.40000000,0.50000000,0.28637345,0.78276204,-0.06853233,0.16290960,0.78401347,-0.06853233
sensor_bias_05,sensor_bias,2814,1.42000000,0.50000000,0.29712302,0.76353688,-0.16589865,0.17805461,0.75725042,-0.16589865
sensor_bias_05,sensor_bias,2814,1.44000000,0.50000000,0.31278951,0.73302472,-0.29533477,0.19264833,0.72968582,-0.29533477
sensor_bias_05,sensor_bias,2814,1.46000000,0.50000000,0.33249623,0.70364860,-0.50317513,0.20666421,0.70079415,-0.50317513
sensor_bias_05,sensor_bias,2814,1.48000000,0.50000000,0.34249837,0.65414801,-0.43571077,0.22004961,0.66927001,-0.43571077
sensor_bias_05,sensor_bias,2814,1.50000000,0.50000000,0.35586810,0.64753272,-0.64328937,0.23284831,0.63993509,-0.64328937
sensor_bias_05,sensor_bias,2814,1.52000000,0.50000000,0.36795106,0.60640329,-0.65513562,0.24500805,0.60798667,-0.65513562
sensor_bias_05,sensor_bias,2814,1.54000000,0.50000000,0.37846905,0.57500733,-0.68747959,0.25654559,0.57687703,-0.68747959
sensor_bias_05,sensor_bias,2814,1.56000000,0.50000000,0.38971362,0.55479698,-0.78883010,0.26747011,0.54622618,-0.78883010
sensor_bias_05,sensor_bias,2814,1.58000000,0.50000000,0.39396422,0.51598210,-0.67126648,0.27776675,0.51483211,-0.67126648
sensor_bias_05,sensor_bias,2814,1.60000000,0.50000000,0.40848252,0.49564311,-0.83090098,0.28749645,0.48648482,-0.83090098
sensor_bias_05,sensor_bias,2814,1.62000000,0.50000000,0.41560356,0.45558858,-0.75880690,0.29662278,0.45631654,-0.75880690
sensor_bias_05,sensor_bias,2814,1.64000000,0.50000000,0.42137846,0.41308461,-0.65023532,0.30519024,0.42837289,-0.65023532
sensor_bias_05,sensor_bias,2814,1.66000000,0.50000000,0.42738457,0.39590870,-0.67246570,0.31325441,0.40320875,-0.67246570
sensor_bias_05,sensor_bias,2814,1.68000000,0.50000000,0.44599575,0.37288494,-0.89234812,0.32082408,0.37848336,-0.89234812
sensor_bias_05,sensor_bias,2814,1.70000000,0.50000000,0.44318606,0.35914146,-0.77305638,0.32783973,0.35078240,-0.77305638
sensor_bias_05,sensor_bias,2814,1.72000000,0.50000000,0.45466860,0.32225865,-0.79532813,0.33436048,0.32603745,-0.79532813
sensor_bias_05,sensor_bias,2814,1.74000000,0.50000000,0.46115743,0.30204411,-0.81105429,0.34039481,0.30171686,-0.81105429
sensor_bias_05,sensor_bias,2814,1.76000000,0.50000000,0.46304385,0.27364928,-0.70303571,0.34595320,0.27791938,-0.70303571
sensor_bias_05,sensor_bias,2814,1.78000000,0.50000000,0.47311656,0.25150209,-0.77360847,0.35108833,0.25675661,-0.77360847
sensor_bias_05,sensor_bias,2814,1.80000000,0.50000000,0.47819519,0.22796233,-0.74732511,0.35578974,0.23507043,-0.74732511
sensor_bias_05,sensor_bias,2814,1.82000000,0.50000000,0.48142393,0.21568881,-0.74407484,0.36008062,0.21454405,-0.74407484
sensor_bias_05,sensor_bias,2814,1.84000000,0.50000000,0.48024691,0.19317978,-0.61034324,0.36397549,0.19474341,-0.61034324
sensor_bias_05,sensor_bias,2814,1.86000000,0.50000000,0.48809341,0.17823230,-0.67684296,0.36753328,0.17788936,-0.67684296
sensor_bias_05,sensor_bias,2814,1.88000000,0.50000000,0.49082857,0.17085568,-0.68919257,0.37074211,0.16044136,-0.68919257
sensor_bias_05,sensor_bias,2814,1.90000000,0.50000000,0.49340728,0.14902757,-0.62646888,0.37360911,0.14335030,-0.62646888
sensor_bias_05,sensor_bias,2814,1.92000000,0.50000000,0.49404886,0.11906085,-0.48818375,0.37616703,0.12789592,-0.48818375
sensor_bias_05,sensor_bias,2814,1.94000000,0.50000000,0.49624022,0.11870770,-0.52586251,0.37847352,0.11532465,-0.52586251
sensor_bias_05,sensor_bias,2814,1.96000000,0.50000000,0.50020001,0.11192977,-0.56324906,0.38052383,0.10251545,-0.56324906
sensor_bias_05,sensor_bias,2814,1.98000000,0.50000000,0.50288948,0.08765834,-0.49030243,0.38231346,0.08948112,-0.49030243
sensor_bias_05,sensor_bias,2814,2.00000000,0.50000000,0.50225792,0.06629021,-0.37209370,0.38387599,0.07812696,-0.37209370
sensor_bias_05,sensor_bias,2814,2.02000000,0.50000000,0.50285294,0.07103410,-0.40652345,0.38525953,0.06917674,-0.40652345
sensor_bias_05,sensor_bias,2814,2.04000000,0.50000000,0.50669440,0.07135421,-0.47727033,0.38645806,0.05992632,-0.47727033
sensor_bias_05,sensor_bias,2814,2.06000000,0.50000000,0.51153209,0.05322340,-0.47369463,0.38745327,0.04976078,-0.47369463
sensor_bias_05,sensor_bias,2814,2.08000000,0.50000000,0.50963161,0.03900426,-0.36839020,0.38825304,0.03998848,-0.36839020
sensor_bias_05,sensor_bias,2814,2.10000000,0.50000000,0.50642229,0.04130427,-0.32212258,0.38889997,0.03234651,-0.32212258
sensor_bias_05,sensor_bias,2814,2.12000000,0.50000000,0.51279791,0.01219378,-0.29133137,0.38941497,0.02574981,-0.29133137
sensor_bias_05,sensor_bias,2814,2.14000000,0.50000000,0.50680691,0.01086027,-0.17682565,0.38981293,0.01989805,-0.17682565
sensor_bias_05,sensor_bias,2814,2.16000000,0.50000000,0.50966064,0.02453091,-0.29654605,0.39013707,0.01620698,-0.29654605
sensor_bias_05,sensor_bias,2814,2.18000000,0.50000000,0.51144738,0.01995719,-0.30583874,0.39034861,0.01057692,-0.30583874
sensor_bias_05,sensor_bias,2814,2.20000000,0.50000000,0.50963528,0.01068435,-0.22685679,0.39044802,0.00497073,-0.22685679
sensor_bias_05,sensor_bias,2814,2.22000000,0.50000000,0.51312163,-0.00773695,-0.19750461,0.39046614,0.00090613,-0.19750461
sensor_bias_05,sensor_bias,2814,2.24000000,0.50000000,0.51267077,-0.00115677,-0.22229004,0.39041573,-0.00252091,-0.22229004
sensor_bias_05,sensor_bias,2814,2.26000000,0.50000000,0.51411344,-0.02259826,-0.14105056,0.39029048,-0.00626249,-0.14105056
sensor_bias_05,sensor_bias,2814,2.28000000,0.50000000,0.51297691,-0.01152462,-0.17596134,0.39012079,-0.00848448,-0.17596134
sensor_bias_05,sensor_bias,2814,2.30000000,0.50000000,0.51205089,-0.00501728,-0.19182958,0.38989610,-0.01123450,-0.19182958
sensor_bias_05,sensor_bias,2814,2.32000000,0.50000000,0.50668261,-0.02258347,-0.00736966,0.38961274,-0.01416775,-0.00736966
sensor_bias_05,sensor_bias,2814,2.34000000,0.50000000,0.50942492,-0.01511681,-0.09406458,0.38933610,-0.01383219,-0.09406458
sensor_bias_05,sensor_bias,2814,2.36000000,0.50000000,0.50928746,-0.01211428,-0.10660288,0.38903612,-0.01499892,-0.10660288
sensor_bias_05,sensor_bias,2814,2.38000000,0.50000000,0.50869294,-0.01566968,-0.07812453,0.38870925,-0.01634325,-0.07812453
sensor_bias_05,sensor_bias,2814,2.40000000,0.50000000,0.50796011,-0.02309211,-0.02782137,0.38836618,-0.01715383,-0.02782137
sensor_bias_05,sensor_bias,2814,2.42000000,0.50000000,0.50727521,-0.00811854,-0.09036115,0.38802472,-0.01707265,-0.09036115
sensor_bias_05,sensor_bias,2814,2.44000000,0.50000000,0.50679957,-0.01540159,-0.04538440,0.38766333,-0.01806992,-0.04538440
sensor_bias_05,sensor_bias,2814,2.46000000,0.50000000,0.50526546,-0.01920589,0.00125110,0.38729811,-0.01826096,0.00125110
sensor_bias_05,sensor_bias,2814,2.48000000,0.50000000,0.50902777,-0.02004181,-0.06229072,0.38694524,-0.01764354,-0.06229072
sensor_bias_05,sensor_bias,2814,2.50000000,0.50000000,0.50742610,-0.01744661,-0.04643673,0.38658245,-0.01813932,-0.04643673
sensor_bias_05,sensor_bias,2814,2.52000000,0.50000000,0.50349420,-0.02832285,0.07871858,0.38621553,-0.01834620,0.07871858
sensor_bias_05,sensor_bias,2814,2.54000000,0.50000000,0.50790308,-0.01157849,-0.08436304,0.38588766,-0.01639340,-0.08436304
sensor_bias_05,sensor_bias,2814,2.56000000,0.50000000,0.50572216,-0.01188752,-0.04356122,0.38554146,-0.01730966,-0.04356122
sensor_bias_05,sensor_bias,2814,2.58000000,0.50000000,0.50346468,-0.01927980,0.03403483,0.38519158,-0.01749415,0.03403483
sensor_bias_05,sensor_bias,2814,2.60000000,0.50000000,0.50789535,-0.02404501,-0.02189121,0.38486483,-0.01633780,-0.02189121
sensor_bias_05,sensor_bias,2814,2.62000000,0.50000000,0.50693321,-0.01120641,-0.06876576,0.38454120,-0.01618124,-0.06876576
sensor_bias_05,sensor_bias,2814,2.64000000,0.50000000,0.50649581,-0.02123823,-0.01073346,0.38420448,-0.01683612,-0.01073346
sensor_bias_05,sensor_bias,2814,2.66000000,0.50000000,0.50327384,-0.01383939,0.01026781,0.38387505,-0.01647135,0.01026781
sensor_bias_05,sensor_bias,2814,2.68000000,0.50000000,0.49709548,-0.01175794,0.11107116,0.38355991,-0.01575723,0.11107116
sensor_bias_05,sensor_bias,2814,2.70000000,0.50000000,0.50701843,-0.02057364,-0.02346348,0.38329326,-0.01333239,-0.02346348
sensor_bias_05,sensor_bias,2814,2.72000000,0.50000000,0.49787792,-0.01376057,0.10700019,0.38302724,-0.01330094,0.10700019
sensor_bias_05,sensor_bias,2814,2.74000000,0.50000000,0.50219432,-0.01366746,0.02883959,0.38280671,-0.01102628,0.02883959
sensor_bias_05,sensor_bias,2814,2.76000000,0.50000000,0.49931601,-0.00622418,0.04343268,0.38260331,-0.01017037,0.04343268
sensor_bias_05,sensor_bias,2814,2.78000000,0.50000000,0.50005775,0.00444790,-0.02327892,0.38242148,-0.00909136,-0.02327892
sensor_bias_05,sensor_bias,2814,2.80000000,0.50000000,0.50223189,-0.00542287,-0.01305973,0.38223758,-0.00919513,-0.01305973
sensor_bias_05,sensor_bias,2814,2.82000000,0.50000000,0.50067132,-0.00356041,0.00571838,0.38205518,-0.00911972,0.00571838
sensor_bias_05,sensor_bias,2814,2.84000000,0.50000000,0.50535866,-0.00561772,-0.06836723,0.38188071,-0.00872376,-0.06836723
sensor_bias_05,sensor_bias,2814,2.86000000,0.50000000,0.49944547,-0.00943747,0.05716879,0.38168841,-0.00961514,0.05716879
sensor_bias_05,sensor_bias,2814,2.88000000,0.50000000,0.50454690,-0.01472046,-0.00824192,0.38152205,-0.00831795,-0.00824192
sensor_bias_05,sensor_bias,2814,2.90000000,0.50000000,0.50081270,-0.00213046,-0.00397629,0.38135828,-0.00818830,-0.00397629
sensor_bias_05,sensor_bias,2814,2.92000000,0.50000000,0.50159451,-0.00810427,0.01182027,0.38119849,-0.00798950,0.01182027
sensor_bias_05,sensor_bias,2814,2.94000000,0.50000000,0.49818824,-0.00752583,0.07024084,0.38104798,-0.00752545,0.07024084
sensor_bias_05,sensor_bias,2814,2.96000000,0.50000000,0.49968348,-0.00105486,0.01097166,0.38092655,-0.00607159,0.01097166
sensor_bias_05,sensor_bias,2814,2.98000000,0.50000000,0.50269426,-0.00570777,-0.01995790,0.38081285,-0.00568473,-0.01995790
sensor_bias_05,sensor_bias,2814,3.00000000,-0.30000000,0.50263777,-0.00495424,-12.00000000,0.38069600,-0.00584254,-12.00000000
sensor_bias_05,sensor_bias,2814,3.02000000,-0.30000000,0.49094136,-0.20757457,-12.00000000,0.37645448,-0.21207598,-12.00000000
sensor_bias_05,sensor_bias,2814,3.04000000,-0.30000000,0.48579923,-0.40465596,-12.00000000,0.36822289,-0.41157955,-12.00000000
sensor_bias_05,sensor_bias,2814,3.06000000,-0.30000000,0.47427439,-0.59896761,-10.94210101,0.35613144,-0.60457286,-10.94210101
sensor_bias_05,sensor_bias,2814,3.08000000,-0.30000000,0.46644063,-0.77012835,-9.94528956,0.34067003,-0.77307037,-9.94528956
sensor_bias_05,sensor_bias,2814,3.10000000,-0.30000000,0.44503857,-0.92045553,-8.80841656,0.32229158,-0.91892227,-8.80841656
sensor_bias_05,sensor_bias,2814,3.12000000,-0.30000000,0.41943068,-1.03799307,-7.75978684,0.30148242,-1.04045818,-7.75978684
sensor_bias_05,sensor_bias,2814,3.14000000,-0.30000000,0.40278927,-1.14346512,-6.93288117,0.27868263,-1.13998956,-6.93288117
sensor_bias_05,sensor_bias,2814,3.16000000,-0.30000000,0.37222771,-1.22161101,-5.99204377,0.25424166,-1.22204857,-5.99204377
sensor_bias_05,sensor_bias,2814,3.18000000,-0.30000000,0.34444139,-1.28623574,-5.16876636,0.22853675,-1.28524551,-5.16876636
sensor_bias_05,sensor_bias,2814,3.20000000,-0.30000000,0.32172770,-1.33340672,-4.52406493,0.20189238,-1.33221816,-4.52406493
sensor_bias_05,sensor_bias,2814,3.22000000,-0.30000000,0.29373105,-1.36816235,-3.84634717,0.17456103,-1.36656783,-3.84634717
sensor_bias_05,sensor_bias,2814,3.24000000,-0.30000000,0.26894592,-1.39016513,-3.29020085,0.14679826,-1.38813849,-3.29020085
sensor_bias_05,sensor_bias,2814,3.26000000,-0.30000000,0.23243328,-1.39254134,-2.62109228,0.11880949,-1.39943841,-2.62109228
sensor_bias_05,sensor_bias,2814,3.28000000,-0.30000000,0.21252115,-1.38932143,-2.27877349,0.09083230,-1.39885958,-2.27877349
sensor_bias_05,sensor_bias,2814,3.30000000,-0.30000000,0.18301301,-1.38934243,-1.74752202,0.06298408,-1.39241107,-1.74752202
sensor_bias_05,sensor_bias,2814,3.32000000,-0.30000000,0.15415495,-1.37914107,-1.27908372,0.03544339,-1.37703439,-1.27908372
sensor_bias_05,sensor_bias,2814,3.34000000,-0.30000000,0.12926048,-1.35405624,-0.95640738,0.00836136,-1.35410141,-0.95640738
sensor_bias_05,sensor_bias,2814,3.36000000,-0.30000000,0.10165883,-1.32759824,-0.59186764,-0.01816596,-1.32636611,-0.59186764
sensor_bias_05,sensor_bias,2814,3.38000000,-0.30000000,0.08023262,-1.28692515,-0.40956146,-0.04403126,-1.29326505,-0.40956146
sensor_bias_05,sensor_bias,2814,3.40000000,-0.30000000,0.04796940,-1.25834826,0.02829213,-0.06919343,-1.25810813,0.02829213
sensor_bias_05,sensor_bias,2814,3.42000000,-0.30000000,0.03196664,-1.22755124,0.16235676,-0.09352476,-1.21656650,0.16235676
sensor_bias_05,sensor_bias,2814,3.44000000,-0.30000000,0.00176418,-1.17404485,0.43846898,-0.11700624,-1.17407429,0.43846898
sensor_bias_05,sensor_bias,2814,3.46000000,-0.30000000,-0.01915821,-1.12852307,0.58746318,-0.13957062,-1.12821901,0.58746318
sensor_bias_05,sensor_bias,2814,3.48000000,-0.30000000,-0.03532772,-1.08232908,0.64754433,-0.16119656,-1.08129709,0.64754433
sensor_bias_05,sensor_bias,2814,3.50000000,-0.30000000,-0.06330925,-1.04019671,0.94055010,-0.18189402,-1.03487282,0.94055010
sensor_bias_05,sensor_bias,2814,3.52000000,-0.30000000,-0.07798700,-0.98966507,0.95209143,-0.20159248,-0.98492320,0.95209143
sensor_bias_05,sensor_bias,2814,3.54000000,-0.30000000,-0.10503353,-0.93692276,1.17521737,-0.22032058,-0.93640502,1.17521737
sensor_bias_05,sensor_bias,2814,3.56000000,-0.30000000,-0.11795493,-0.88024934,1.12443549,-0.23803322,-0.88563188,1.12443549
sensor_bias_05,sensor_bias,2814,3.58000000,-0.30000000,-0.12928689,-0.84392369,1.14678238,-0.25478100,-0.83738913,1.14678238
sensor_bias_05,sensor_bias,2814,3.60000000,-0.30000000,-0.15604576,-0.79222142,1.36993076,-0.27058773,-0.79033625,1.36993076
sensor_bias_05,sensor_bias,2814,3.62000000,-0.30000000,-0.17605027,-0.74690566,1.50343314,-0.28540733,-0.74098020,1.50343314
sensor_bias_05,sensor_bias,2814,3.64000000,-0.30000000,-0.17827754,-0.68652851,1.24163819,-0.29922610,-0.69093825,1.24163819
sensor_bias_05,sensor_bias,2814,3.66000000,-0.30000000,-0.19525080,-0.64566957,1.34286219,-0.31216675,-0.64703269,1.34286219
sensor_bias_05,sensor_bias,2814,3.68000000,-0.30000000,-0.20186977,-0.60663909,1.26685123,-0.32422312,-0.60281860,1.26685123
sensor_bias_05,sensor_bias,2814,3.70000000,-0.30000000,-0.21440430,-0.56773570,1.29795591,-0.33545022,-0.56135486,1.29795591
sensor_bias_05,sensor_bias,2814,3.72000000,-0.30000000,-0.22672207,-0.52824619,1.32222819,-0.34586440,-0.52070912,1.32222819
sensor_bias_05,sensor_bias,2814,3.74000000,-0.30000000,-0.23676570,-0.48220701,1.27281761,-0.35548385,-0.48097221,1.27281761
sensor_bias_05,sensor_bias,2814,3.76000000,-0.30000000,-0.24658512,-0.43634747,1.22026946,-0.36435149,-0.44338196,1.22026946
sensor_bias_05,sensor_bias,2814,3.78000000,-0.30000000,-0.25443475,-0.40945742,1.22711262,-0.37250993,-0.40792231,1.22711262
sensor_bias_05,sensor_bias,2814,3.80000000,-0.30000000,-0.25791296,-0.37986797,1.14177309,-0.37997997,-0.37350207,1.14177309
sensor_bias_05,sensor_bias,2814,3.82000000,-0.30000000,-0.26831773,-0.34589611,1.15919979,-0.38681344,-0.34167305,1.15919979
sensor_bias_05,sensor_bias,2814,3.84000000,-0.30000000,-0.27505719,-0.30934795,1.09776913,-0.39302509,-0.31058291,1.09776913
sensor_bias_05,sensor_bias,2814,3.86000000,-0.30000000,-0.28140156,-0.28601348,1.09529554,-0.39865637,-0.28156405,1.09529554
sensor_bias_05,sensor_bias,2814,3.88000000,-0.30000000,-0.28210467,-0.24964895,0.92612880,-0.40372707,-0.25353469,0.92612880
sensor_bias_05,sensor_bias,2814,3.90000000,-0.30000000,-0.28604806,-0.22200258,0.85887793,-0.40831367,-0.22932999,0.85887793
sensor_bias_05,sensor_bias,2814,3.92000000,-0.30000000,-0.28992126,-0.20179081,0.82753666,-0.41245511,-0.20707200,0.82753666
sensor_bias_05,sensor_bias,2814,3.94000000,-0.30000000,-0.29893355,-0.18921220,0.92686483,-0.41617670,-0.18607948,0.92686483
sensor_bias_05,sensor_bias,2814,3.96000000,-0.30000000,-0.29208247,-0.17053528,0.71016083,-0.41945796,-0.16406334,0.71016083
sensor_bias_05,sensor_bias,2814,3.98000000,-0.30000000,-0.29761461,-0.13981516,0.65613885,-0.42238783,-0.14649339,0.65613885
sensor_bias_05,sensor_bias,2814,4.00000000,-0.30000000,-0.30746805,-0.13245498,0.79669985,-0.42499635,-0.13042607,0.79669985
sensor_bias_05,sensor_bias,2814,4.02000000,-0.30000000,-0.30583748,-0.11154137,0.66278151,-0.42724566,-0.11246513,0.66278151
sensor_bias_05,sensor_bias,2814,4.04000000,-0.30000000,-0.30420473,-0.09841707,0.56777059,-0.42919354,-0.09739396,0.56777059
sensor_bias_05,sensor_bias,2814,4.06000000,-0.30000000,-0.31210904,-0.09346258,0.68527567,-0.43088252,-0.08444898,0.68527567
sensor_bias_05,sensor_bias,2814,4.08000000,-0.30000000,-0.31129113,-0.06818692,0.54417505,-0.43228062,-0.06990510,0.54417505
sensor_bias_05,sensor_bias,2814,4.10000000,-0.30000000,-0.31744433,-0.05861205,0.60705813,-0.43344588,-0.05826303,0.60705813
sensor_bias_05,sensor_bias,2814,4.12000000,-0.30000000,-0.31529068,-0.04810101,0.51573731,-0.43436426,-0.04591916,0.51573731
sensor_bias_05,sensor_bias,2814,4.14000000,-0.30000000,-0.31576279,-0.02890762,0.42826838,-0.43507524,-0.03554899,0.42826838
sensor_bias_05,sensor_bias,2814,4.16000000,-0.30000000,-0.32150109,-0.02256298,0.49983461,-0.43561568,-0.02702187,0.49983461
sensor_bias_05,sensor_bias,2814,4.18000000,-0.30000000,-0.31641766,-0.02416830,0.41635935,-0.43596652,-0.01754193,0.41635935
sensor_bias_05,sensor_bias,2814,4.20000000,-0.30000000,-0.31959538,-0.01135592,0.40949642,-0.43616266,-0.00980728,0.40949642
sensor_bias_05,sensor_bias,2814,4.22000000,-0.30000000,-0.31087083,0.00615845,0.16488264,-0.43621152,-0.00244308,0.16488264
sensor_bias_05,sensor_bias,2814,4.24000000,-0.30000000,-0.31359472,0.00302174,0.22959624,-0.43620206,0.00047296,0.22959624
sensor_bias_05,sensor_bias,2814,4.26000000,-0.30000000,-0.31691791,0.00290251,0.29000977,-0.43611392,0.00440704,0.29000977
sensor_bias_05,sensor_bias,2814,4.28000000,-0.30000000,-0.31548030,-0.00059510,0.28162091,-0.43592888,0.00925198,0.28162091
sensor_bias_05,sensor_bias,2814,4.30000000,-0.30000000,-0.31392373,0.01125248,0.19436474,-0.43565299,0.01379451,0.19436474
sensor_bias_05,sensor_bias,2814,4.32000000,-0.30000000,-0.31270674,0.00894844,0.18397906,-0.43531924,0.01668783,0.18397906
sensor_bias_05,sensor_bias,2814,4.34000000,-0.30000000,-0.31368515,0.02105237,0.14107080,-0.43493308,0.01930807,0.14107080
sensor_bias_05,sensor_bias,2814,4.36000000,-0.30000000,-0.31373668,0.01285816,0.18296950,-0.43451098,0.02110471,0.18296950
sensor_bias_05,sensor_bias,2814,4.38000000,-0.30000000,-0.31495432,0.02062788,0.16603838,-0.43403971,0.02356346,0.16603838
sensor_bias_05,sensor_bias,2814,4.40000000,-0.30000000,-0.31070853,0.03021027,0.04170216,-0.43352670,0.02565072,0.04170216
sensor_bias_05,sensor_bias,2814,4.42000000,-0.30000000,-0.31476339,0.01568694,0.18730629,-0.43301608,0.02553104,0.18730629
sensor_bias_05,sensor_bias,2814,4.44000000,-0.30000000,-0.30531640,0.03387502,-0.07367983,-0.43245768,0.02791995,-0.07367983
sensor_bias_05,sensor_bias,2814,4.46000000,-0.30000000,-0.31120205,0.01775921,0.11284083,-0.43194285,0.02574141,0.11284083
sensor_bias_05,sensor_bias,2814,4.48000000,-0.30000000,-0.30996902,0.02644140,0.04723541,-0.43140600,0.02684250,0.04723541
sensor_bias_05,sensor_bias,2814,4.50000000,-0.30000000,-0.31250975,0.02197145,0.11531825,-0.43087042,0.02677911,0.11531825
sensor_bias_05,sensor_bias,2814,4.52000000,-0.30000000,-0.30949089,0.03537380,-0.00603301,-0.43031264,0.02788895,-0.00603301
sensor_bias_05,sensor_bias,2814,4.54000000,-0.30000000,-0.30575779,0.02852708,-0.03899523,-0.42977514,0.02687509,-0.03899523
sensor_bias_05,sensor_bias,2814,4.56000000,-0.30000000,-0.30716338,0.02802556,-0.01118702,-0.42926859,0.02532730,-0.01118702
sensor_bias_05,sensor_bias,2814,4.58000000,-0.30000000,-0.30639095,0.02300535,0.00001038,-0.42878242,0.02430837,0.00001038
sensor_bias_05,sensor_bias,2814,4.60000000,-0.30000000,-0.30424355,0.02021294,-0.02468075,-0.42831212,0.02351532,-0.02468075
sensor_bias_05,sensor_bias,2814,4.62000000,-0.30000000,-0.30806407,0.01758764,0.05721506,-0.42786565,0.02232340,0.05721506
sensor_bias_05,sensor_bias,2814,4.64000000,-0.30000000,-0.30251855,0.01485009,-0.02891656,-0.42741407,0.02257915,-0.02891656
sensor_bias_05,sensor_bias,2814,4.66000000,-0.30000000,-0.30884167,0.01972049,0.06054756,-0.42698717,0.02134492,0.06054756
sensor_bias_05,sensor_bias,2814,4.68000000,-0.30000000,-0.30588147,0.03450911,-0.06667911,-0.42655337,0.02168992,-0.06667911
sensor_bias_05,sensor_bias,2814,4.70000000,-0.30000000,-0.30515918,0.01545560,0.01558725,-0.42615667,0.01983512,0.01558725
sensor_bias_05,sensor_bias,2814,4.72000000,-0.30000000,-0.30314565,0.02579676,-0.07236202,-0.42576755,0.01945598,-0.07236202
sensor_bias_05,sensor_bias,2814,4.74000000,-0.30000000,-0.30448767,0.01993618,-0.01890289,-0.42541602,0.01757632,-0.01890289
sensor_bias_05,sensor_bias,2814,4.76000000,-0.30000000,-0.30051392,0.02363234,-0.10891113,-0.42508247,0.01667759,-0.10891113
sensor_bias_05,sensor_bias,2814,4.78000000,-0.30000000,-0.30309718,0.02248176,-0.05665947,-0.42479727,0.01425988,-0.05665947
sensor_bias_05,sensor_bias,2814,4.80000000,-0.30000000,-0.30184367,0.01722998,-0.05296389,-0.42454087,0.01281989,-0.05296389
sensor_bias_05,sensor_bias,2814,4.82000000,-0.30000000,-0.30385966,0.00888321,0.02505786,-0.42431107,0.01149046,0.02505786
sensor_bias_05,sensor_bias,2814,4.84000000,-0.30000000,-0.30606586,0.01337303,0.04232025,-0.42408013,0.01154654,0.04232025
sensor_bias_05,sensor_bias,2814,4.86000000,-0.30000000,-0.30432739,0.01697665,-0.00699014,-0.42384218,0.01189775,-0.00699014
sensor_bias_05,sensor_bias,2814,4.88000000,-0.30000000,-0.30220558,0.01239508,-0.02227505,-0.42361439,0.01138925,-0.02227505
sensor_bias_05,sensor_bias,2814,4.90000000,-0.30000000,-0.30002374,0.01254096,-0.06227749,-0.42340171,0.01063442,-0.06227749
sensor_bias_05,sensor_bias,2814,4.92000000,-0.30000000,-0.30525202,0.01465112,0.02128072,-0.42321738,0.00921610,0.02128072
sensor_bias_05,sensor_bias,2814,4.94000000,-0.30000000,-0.30569509,0.00549389,0.07504223,-0.42303176,0.00928142,0.07504223
sensor_bias_05,sensor_bias,2814,4.96000000,-0.30000000,-0.29926363,0.00899571,-0.05823324,-0.42282637,0.01026943,-0.05823324
sensor_bias_05,sensor_bias,2814,4.98000000,-0.30000000,-0.29880980,0.00624573,-0.05265230,-0.42264772,0.00893258,-0.05265230
sensor_bias_05,sensor_bias,2814,5.00000000,0.80000000,-0.30268631,0.00735701,12.00000000,-0.42249301,0.00773537,12.00000000
sensor_bias_05,sensor_bias,2814,5.02000000,0.80000000,-0.29511726,0.22944033,12.00000000,-0.41821487,0.21390704,12.00000000
sensor_bias_05,sensor_bias,2814,5.04000000,0.80000000,-0.29019926,0.41771398,12.00000000,-0.40994785,0.41335086,12.00000000
sensor_bias_05,sensor_bias,2814,5.06000000,0.80000000,-0.27698634,0.60809899,12.00000000,-0.39782212,0.60628637,12.00000000
sensor_bias_05,sensor_bias,2814,5.08000000,0.80000000,-0.26216658,0.80031847,12.00000000,-0.38196360,0.79292595,12.00000000
sensor_bias_05,sensor_bias,2814,5.10000000,0.80000000,-0.24468802,0.98099833,12.00000000,-0.36249410,0.97347506,12.00000000
sensor_bias_05,sensor_bias,2814,5.12000000,0.80000000,-0.22211975,1.13811227,12.00000000,-0.33953145,1.14813243,12.00000000
sensor_bias_05,sensor_bias,2814,5.14000000,0.80000000,-0.19098639,1.31889622,11.24327392,-0.31318965,1.31709034,11.24327392
sensor_bias_05,sensor_bias,2814,5.16000000,0.80000000,-0.16154080,1.45984584,10.00850513,-0.28383930,1.46751755,10.00850513
sensor_bias_05,sensor_bias,2814,5.18000000,0.80000000,-0.12604505,1.58985157,8.71955295,-0.25200339,1.59179548,8.71955295
sensor_bias_05,sensor_bias,2814,5.20000000,0.80000000,-0.09885943,1.67908851,7.78402712,-0.21820648,1.68984536,7.78402712
sensor_bias_05,sensor_bias,2814,5.22000000,0.80000000,-0.06816809,1.77646368,6.74470716,-0.18283442,1.76860273,6.74470716
sensor_bias_05,sensor_bias,2814,5.24000000,0.80000000,-0.02206011,1.83169078,5.63862807,-0.14629619,1.82691168,5.63862807
sensor_bias_05,sensor_bias,2814,5.26000000,0.80000000,0.01175761,1.87255145,4.82560572,-0.10901037,1.86429109,4.82560572
sensor_bias_05,sensor_bias,2814,5.28000000,0.80000000,0.05214473,1.88302233,4.04628322,-0.07128107,1.88646511,4.04628322
sensor_bias_05,sensor_bias,2814,5.30000000,0.80000000,0.08792753,1.89756469,3.32948101,-0.03339087,1.89450963,3.32948101
sensor_bias_05,sensor_bias,2814,5.32000000,0.80000000,0.12687045,1.87911134,2.72077516,0.00440835,1.88996120,2.72077516
sensor_bias_05,sensor_bias,2814,5.34000000,0.80000000,0.15964014,1.87761129,2.13842103,0.04191015,1.87509023,2.13842103
sensor_bias_05,sensor_bias,2814,5.36000000,0.80000000,0.20203466,1.84849199,1.52091613,0.07892389,1.85068688,1.52091613
sensor_bias_05,sensor_bias,2814,5.38000000,0.80000000,0.23290758,1.80669734,1.17417697,0.11525304,1.81645753,1.17417697
sensor_bias_05,sensor_bias,2814,5.40000000,0.80000000,0.26662413,1.77298583,0.73583646,0.15080065,1.77738057,0.73583646
sensor_bias_05,sensor_bias,2814,5.42000000,0.80000000,0.30919310,1.72921750,0.18843661,0.18544142,1.73203843,0.18843661
sensor_bias_05,sensor_bias,2814,5.44000000,0.80000000,0.33862302,1.67557538,-0.07309130,0.21901661,1.67875954,-0.07309130
sensor_bias_05,sensor_bias,2814,5.46000000,0.80000000,0.37476305,1.62546022,-0.47303594,0.25147102,1.62272045,-0.47303594
sensor_bias_05,sensor_bias,2814,5.48000000,0.80000000,0.40021209,1.57040645,-0.65584997,0.28270363,1.56163020,-0.65584997
sensor_bias_05,sensor_bias,2814,5.50000000,0.80000000,0.43063299,1.50615857,-0.88218663,0.31269140,1.49938869,-0.88218663
sensor_bias_05,sensor_bias,2814,5.52000000,0.80000000,0.46121465,1.43059601,-1.05484376,0.34139710,1.43528482,-1.05484376
sensor_bias_05,sensor_bias,2814,5.54000000,0.80000000,0.49054253,1.36457129,-1.25262204,0.36880315,1.37030276,-1.25262204
sensor_bias_05,sensor_bias,2814,5.56000000,0.80000000,0.51831425,1.30513752,-1.45534415,0.39488393,1.30403902,-1.45534415
sensor_bias_05,sensor_bias,2814,5.58000000,0.80000000,0.53317804,1.23805781,-1.38749372,0.41961294,1.23645040,-1.38749372
sensor_bias_05,sensor_bias,2814,5.60000000,0.80000000,0.56242703,1.16617707,-1.55457183,0.44305763,1.17223451,-1.55457183
sensor_bias_05,sensor_bias,2814,5.62000000,0.80000000,0.58164171,1.11126609,-1.62588123,0.46520243,1.10724006,-1.62588123
sensor_bias_05,sensor_bias,2814,5.64000000,0.80000000,0.60698226,1.03887484,-1.72005484,0.48606523,1.04313986,-1.72005484
sensor_bias_05,sensor_bias,2814,5.66000000,0.80000000,0.62453372,0.98285679,-1.75589095,0.50565546,0.97951142,-1.75589095
sensor_bias_05,sensor_bias,2814,5.68000000,0.80000000,0.64395219,0.90976783,-1.73997857,0.52400231,0.91734286,-1.73997857
sensor_bias_05,sensor_bias,2814,5.70000000,0.80000000,0.66342947,0.84804883,-1.78197459,0.54115185,0.85747674,-1.78197459
sensor_bias_05,sensor_bias,2814,5.72000000,0.80000000,0.68109380,0.79642988,-1.84183774,0.55712868,0.79884177,-1.84183774
sensor_bias_05,sensor_bias,2814,5.74000000,0.80000000,0.69110940,0.74540518,-1.76699519,0.57195049,0.74109042,-1.76699519
sensor_bias_05,sensor_bias,2814,5.76000000,0.80000000,0.70588737,0.68469287,-1.72943704,0.58568071,0.68651108,-1.72943704
sensor_bias_05,sensor_bias,2814,5.78000000,0.80000000,0.72697740,0.63580089,-1.86459762,0.59836789,0.63435886,-1.86459762
sensor_bias_05,sensor_bias,2814,5.80000000,0.80000000,0.72597080,0.58114681,-1.57320846,0.60999956,0.58158345,-1.57320846
sensor_bias_05,sensor_bias,2814,5.82000000,0.80000000,0.73630024,0.53637037,-1.53525628,0.62071041,0.53554271,-1.53525628
sensor_bias_05,sensor_bias,2814,5.84000000,0.80000000,0.75090855,0.49340876,-1.58339765,0.63054356,0.49165723,-1.58339765
sensor_bias_05,sensor_bias,2814,5.86000000,0.80000000,0.76471774,0.44881442,-1.60899137,0.63951107,0.44837571,-1.60899137
sensor_bias_05,sensor_bias,2814,5.88000000,0.80000000,0.76590684,0.40698738,-1.42126001,0.64763240,0.40606630,-1.42126001
sensor_bias_05,sensor_bias,2814,5.90000000,0.80000000,0.76923793,0.37758231,-1.33419427,0.65499974,0.36836690,-1.33419427
sensor_bias_05,sensor_bias,2814,5.92000000,0.80000000,0.78106975,0.34430431,-1.38077699,0.66166765,0.33339543,-1.38077699
sensor_bias_05,sensor_bias,2814,5.94000000,0.80000000,0.78540938,0.29969258,-1.23583167,0.66764292,0.29876383,-1.23583167
sensor_bias_05,sensor_bias,2814,5.96000000,0.80000000,0.79058098,0.26218729,-1.14139413,0.67299804,0.26775570,-1.14139413
sensor_bias_05,sensor_bias,2814,5.98000000,0.80000000,0.79724994,0.23578190,-1.12940838,0.67778572,0.23938395,-1.12940838
sensor_bias_05,sensor_bias,2814,6.00000000,0.80000000,0.80763590,0.22247328,-1.24981268,0.68202860,0.21214421,-1.24981268
sensor_bias_05,sensor_bias,2814,6.02000000,0.80000000,0.80808994,0.18042599,-1.04774897,0.68570304,0.18372217,-1.04774897
sensor_bias_05,sensor_bias,2814,6.04000000,0.80000000,0.81260389,0.16357870,-1.04476351,0.68889711,0.15970351,-1.04476351
sensor_bias_05,sensor_bias,2814,6.06000000,0.80000000,0.81053817,0.13608630,-0.87011847,0.69162751,0.13651998,-0.87011847
sensor_bias_05,sensor_bias,2814,6.08000000,0.80000000,0.81319572,0.12140395,-0.84454263,0.69396946,0.11709724,-0.84454263
sensor_bias_05,sensor_bias,2814,6.10000000,0.80000000,0.81597794,0.09885508,-0.78187839,0.69594442,0.09874826,-0.78187839
sensor_bias_05,sensor_bias,2814,6.12000000,0.80000000,0.81099196,0.08350740,-0.61539230,0.69758594,0.08207600,-0.61539230
sensor_bias_05,sensor_bias,2814,6.14000000,0.80000000,0.81619666,0.06440640,-0.61357194,0.69896218,0.06881169,-0.61357194
sensor_bias_05,sensor_bias,2814,6.16000000,0.80000000,0.82038106,0.05522174,-0.64296781,0.70008241,0.05601154,-0.64296781
sensor_bias_05,sensor_bias,2814,6.18000000,0.80000000,0.81869594,0.03784461,-0.52574994,0.70094488,0.04312341,-0.52574994
sensor_bias_05,sensor_bias,2814,6.20000000,0.80000000,0.82545322,0.03826405,-0.64947813,0.70159832,0.03267224,-0.64947813
sensor_bias_05,sensor_bias,2814,6.22000000,0.80000000,0.82444022,0.02042910,-0.54206952,0.70200700,0.02043375,-0.54206952
sensor_bias_05,sensor_bias,2814,6.24000000,0.80000000,0.82064358,0.00555862,-0.39937759,0.70221584,0.01044226,-0.39937759
sensor_bias_05,sensor_bias,2814,6.26000000,0.80000000,0.82288030,0.00415229,-0.43260692,0.70228047,0.00323141,-0.43260692
sensor_bias_05,sensor_bias,2814,6.28000000,0.80000000,0.82193860,-0.00690288,-0.36038036,0.70219415,-0.00431575,-0.36038036
sensor_bias_05,sensor_bias,2814,6.30000000,0.80000000,0.81572857,-0.00977542,-0.23423720,0.70198667,-0.01037418,-0.23423720
sensor_bias_05,sensor_bias,2814,6.32000000,0.80000000,0.82553197,-0.00496483,-0.43475124,0.70170537,-0.01406500,-0.43475124
sensor_bias_05,sensor_bias,2814,6.34000000,0.80000000,0.81707722,-0.02035496,-0.20561519,0.70128368,-0.02108462,-0.20561519
sensor_bias_05,sensor_bias,2814,6.36000000,0.80000000,0.81738451,-0.02926836,-0.16657937,0.70080501,-0.02393357,-0.16657937
sensor_bias_05,sensor_bias,2814,6.38000000,0.80000000,0.81957461,-0.02984995,-0.20309318,0.70028465,-0.02601806,-0.20309318
sensor_bias_05,sensor_bias,2814,6.40000000,0.80000000,0.82424909,-0.03607349,-0.25611610,0.69971139,-0.02866265,-0.25611610
sensor_bias_05,sensor_bias,2814,6.42000000,0.80000000,0.81929441,-0.03035742,-0.19551227,0.69906873,-0.03213303,-0.19551227
sensor_bias_05,sensor_bias,2814,6.44000000,0.80000000,0.81926145,-0.03607920,-0.16631008,0.69837978,-0.03444766,-0.16631008
sensor_bias_05,sensor_bias,2814,6.46000000,0.80000000,0.82311205,-0.03570617,-0.23748600,0.69765609,-0.03618442,-0.23748600
sensor_bias_05,sensor_bias,2814,6.48000000,0.80000000,0.81455156,-0.03972015,-0.06332737,0.69687431,-0.03908888,-0.06332737
sensor_bias_05,sensor_bias,2814,6.50000000,0.80000000,0.81083821,-0.03662465,-0.01196456,0.69609626,-0.03890267,-0.01196456
sensor_bias_05,sensor_bias,2814,6.52000000,0.80000000,0.81400715,-0.03514573,-0.07640014,0.69533948,-0.03783901,-0.07640014
sensor_bias_05,sensor_bias,2814,6.54000000,0.80000000,0.80631118,-0.04172252,0.09501144,0.69458111,-0.03791847,0.09501144
sensor_bias_05,sensor_bias,2814,6.56000000,0.80000000,0.81205991,-0.03601743,-0.03699116,0.69388018,-0.03504671,-0.03699116
sensor_bias_05,sensor_bias,2814,6.58000000,0.80000000,0.81240470,-0.04048030,-0.02088312,0.69318939,-0.03453938,-0.02088312
sensor_bias_05,sensor_bias,2814,6.60000000,0.80000000,0.82352476,-0.03199930,-0.26344923,0.69251396,-0.03377151,-0.26344923
sensor_bias_05,sensor_bias,2814,6.62000000,0.80000000,0.81701598,-0.03446297,-0.13397281,0.69176993,-0.03720133,-0.13397281
sensor_bias_05,sensor_bias,2814,6.64000000,0.80000000,0.81033630,-0.02794781,-0.04631432,0.69100409,-0.03829196,-0.04631432
sensor_bias_05,sensor_bias,2814,6.66000000,0.80000000,0.81011414,-0.03886359,0.01226335,0.69024731,-0.03783911,0.01226335
sensor_bias_05,sensor_bias,2814,6.68000000,0.80000000,0.80670882,-0.04016192,0.08005084,0.68951944,-0.03639338,0.08005084
sensor_bias_05,sensor_bias,2814,6.70000000,0.80000000,0.81122488,-0.02246298,-0.08973293,0.68884287,-0.03382874,-0.08973293
sensor_bias_05,sensor_bias,2814,6.72000000,0.80000000,0.81417610,-0.04595834,-0.02537805,0.68815750,-0.03426842,-0.02537805
sensor_bias_05,sensor_bias,2814,6.74000000,0.80000000,0.80649611,-0.03717496,0.06894482,0.68748576,-0.03358672,0.06894482
sensor_bias_05,sensor_bias,2814,6.76000000,0.80000000,0.80465382,-0.02957983,0.06413037,0.68685967,-0.03130472,0.06413037
sensor_bias_05,sensor_bias,2814,6.78000000,0.80000000,0.80483530,-0.02865685,0.05624885,0.68627607,-0.02918000,0.05624885
sensor_bias_05,sensor_bias,2814,6.80000000,0.80000000,0.80489215,-0.02930603,0.05847150,0.68573087,-0.02726020,0.05847150
sensor_bias_05,sensor_bias,2814,6.82000000,0.80000000,0.80395017,-0.02485548,0.05317431,0.68522357,-0.02536481,0.05317431
sensor_bias_05,sensor_bias,2814,6.84000000,0.80000000,0.80659509,-0.02932794,0.02792812,0.68475112,-0.02362239,0.02792812
sensor_bias_05,sensor_bias,2814,6.86000000,0.80000000,0.80755895,-0.02765445,0.00221115,0.68430370,-0.02237112,0.00221115
sensor_bias_05,sensor_bias,2814,6.88000000,0.80000000,0.80708527,-0.02397602,-0.00765473,0.68387164,-0.02160306,-0.00765473
sensor_bias_05,sensor_bias,2814,6.90000000,0.80000000,0.79933137,-0.01386965,0.08138360,0.68345104,-0.02102978,0.08138360
sensor_bias_05,sensor_bias,2814,6.92000000,0.80000000,0.80506770,-0.01042775,-0.03907981,0.68307217,-0.01894357,-0.03907981
sensor_bias_05,sensor_bias,2814,6.94000000,0.80000000,0.80553882,-0.02216232,0.01111283,0.68269222,-0.01899765,0.01111283
sensor_bias_05,sensor_bias,2814,6.96000000,0.80000000,0.80147911,-0.01932592,0.07000567,0.68232849,-0.01818655,0.07000567
sensor_bias_05,sensor_bias,2814,6.98000000,0.80000000,0.80341129,-0.03198781,0.09853575,0.68200071,-0.01638884,0.09853575
sensor_bias_05,sensor_bias,2814,7.00000000,0.80000000,0.80337852,-0.02058877,0.04213057,0.68171753,-0.01415902,0.04213057
sensor_bias_05,sensor_bias,2814,7.02000000,0.80000000,0.80426449,-0.02476310,0.04705471,0.68145809,-0.01297225,0.04705471
sensor_bias_05,sensor_bias,2814,7.04000000,0.80000000,0.80170473,-0.01026467,0.02063824,0.68122330,-0.01173950,0.02063824
sensor_bias_05,sensor_bias,2814,7.06000000,0.80000000,0.80209536,-0.01347016,0.02963421,0.68100327,-0.01100140,0.02963421
sensor_bias_05,sensor_bias,2814,7.08000000,0.80000000,0.80413839,-0.01293432,-0.00981934,0.68080062,-0.01013263,-0.00981934
sensor_bias_05,sensor_bias,2814,7.10000000,0.80000000,0.80057983,-0.01976290,0.08837750,0.68060120,-0.00997089,0.08837750
sensor_bias_05,sensor_bias,2814,7.12000000,0.80000000,0.80562726,-0.00774524,-0.06256449,0.68043869,-0.00812525,-0.06256449
sensor_bias_05,sensor_bias,2814,7.14000000,0.80000000,0.79992986,-0.01817632,0.09214411,0.68025997,-0.00893633,0.09214411
sensor_bias_05,sensor_bias,2814,7.16000000,0.80000000,0.79528431,0.00434231,0.06317093,0.68011877,-0.00705966,0.06317093
sensor_bias_05,sensor_bias,2814,7.18000000,0.80000000,0.79578571,0.00147655,0.06847454,0.68000392,-0.00574262,0.06847454
sensor_bias_05,sensor_bias,2814,7.20000000,0.80000000,0.79693975,0.00094068,0.05038104,0.67991637,-0.00437732,0.05038104
sensor_bias_05,sensor_bias,2814,7.22000000,0.80000000,0.80398085,-0.00263921,-0.05845917,0.67984902,-0.00336783,-0.05845917
sensor_bias_05,sensor_bias,2814,7.24000000,0.80000000,0.79763319,0.00239353,0.03063490,0.67976375,-0.00426354,0.03063490
sensor_bias_05,sensor_bias,2814,7.26000000,0.80000000,0.80311211,-0.00067622,-0.05263690,0.67969180,-0.00359743,-0.05263690
sensor_bias_05,sensor_bias,2814,7.28000000,0.80000000,0.79242858,0.00244546,0.12405825,0.67960409,-0.00438550,0.12405825
sensor_bias_05,sensor_bias,2814,7.30000000,0.80000000,0.80142031,0.00730824,-0.06210671,0.67956192,-0.00210834,-0.06210671
sensor_bias_05,sensor_bias,2814,7.32000000,0.80000000,0.79907864,-0.00906756,0.06192226,0.67949976,-0.00310790,0.06192226
sensor_bias_05,sensor_bias,2814,7.34000000,0.80000000,0.79971723,-0.00436985,0.02693915,0.67946094,-0.00194129,0.02693915
sensor_bias_05,sensor_bias,2814,7.36000000,0.80000000,0.79608556,-0.00750228,0.10797125,0.67943265,-0.00141454,0.10797125
sensor_bias_05,sensor_bias,2814,7.38000000,0.80000000,0.80387816,-0.00345730,-0.05252040,0.67944243,0.00048894,-0.05252040
sensor_bias_05,sensor_bias,2814,7.40000000,0.80000000,0.80501534,0.00664519,-0.12350210,0.67943382,-0.00043047,-0.12350210
sensor_bias_05,sensor_bias,2814,7.42000000,0.80000000,0.79903309,-0.00266263,0.03071746,0.67938300,-0.00254090,0.03071746
sensor_bias_05,sensor_bias,2814,7.44000000,0.80000000,0.79606272,0.00083644,0.06668887,0.67934441,-0.00192959,0.06668887
sensor_bias_05,sensor_bias,2814,7.46000000,0.80000000,0.79885448,0.00627296,-0.01074542,0.67933002,-0.00071944,-0.01074542
sensor_bias_05,sensor_bias,2814,7.48000000,0.80000000,0.79827615,0.00760992,-0.00702040,0.67931240,-0.00088080,-0.00702040
sensor_bias_05,sensor_bias,2814,7.50000000,0.80000000,0.79928670,0.00635026,-0.01891184,0.67929294,-0.00097283,-0.01891184
sensor_bias_05,sensor_bias,2814,7.52000000,0.80000000,0.79616768,0.00292302,0.05436666,0.67926762,-0.00126640,0.05436666
sensor_bias_05,sensor_bias,2814,7.54000000,0.80000000,0.79847750,-0.00016700,0.02823995,0.67926182,-0.00028986,0.02823995
sensor_bias_05,sensor_bias,2814,7.56000000,0.80000000,0.79834331,-0.00183384,0.03898953,0.67926593,0.00020538,0.03898953
sensor_bias_05,sensor_bias,2814,7.58000000,0.80000000,0.79864105,-0.00752550,0.06208866,0.67928331,0.00086938,0.06208866
sensor_bias_05,sensor_bias,2814,7.60000000,0.80000000,0.79734621,0.00203140,0.03761129,0.67932150,0.00190906,0.03761129
sensor_bias_05,sensor_bias,2814,7.62000000,0.80000000,0.79999924,0.00399507,-0.01996166,0.67937137,0.00249375,-0.01996166
sensor_bias_05,sensor_bias,2814,7.64000000,0.80000000,0.79453650,-0.00461336,0.12140974,0.67941275,0.00206899,0.12140974
sensor_bias_05,sensor_bias,2814,7.66000000,0.80000000,0.80375746,0.00603075,-0.09778803,0.67949455,0.00408997,-0.09778803
sensor_bias_05,sensor_bias,2814,7.68000000,0.80000000,0.79429202,0.00654185,0.07003429,0.67954004,0.00227435,0.07003429
sensor_bias_05,sensor_bias,2814,7.70000000,0.80000000,0.79853807,0.00526314,-0.00000088,0.67960813,0.00340487,-0.00000088
sensor_bias_05,sensor_bias,2814,7.72000000,0.80000000,0.80143954,-0.00938390,0.02100785,0.67967401,0.00329374,0.02100785
sensor_bias_05,sensor_bias,2814,7.74000000,0.80000000,0.80017849,-0.00155989,0.00458670,0.67974496,0.00354764,0.00458670
sensor_bias_05,sensor_bias,2814,7.76000000,0.80000000,0.79928052,0.00841221,-0.02911047,0.67981518,0.00351077,-0.02911047
sensor_bias_05,sensor_bias,2814,7.78000000,0.80000000,0.80492853,-0.00851947,-0.04611624,0.67987309,0.00289545,-0.04611624
sensor_bias_05,sensor_bias,2814,7.80000000,0.80000000,0.80385685,-0.01294721,-0.00468722,0.67991324,0.00200767,-0.00468722
sensor_bias_05,sensor_bias,2814,7.82000000,0.80000000,0.79727224,0.00970320,0.00058361,0.67995047,0.00186153,0.00058361
sensor_bias_05,sensor_bias,2814,7.84000000,0.80000000,0.80154137,-0.00000617,-0.02771382,0.67998669,0.00181082,-0.02771382
sensor_bias_05,sensor_bias,2814,7.86000000,0.80000000,0.79771777,-0.00353890,0.05877456,0.68001219,0.00127499,0.05877456
sensor_bias_05,sensor_bias,2814,7.88000000,0.80000000,0.79977944,-0.00234368,0.01568847,0.68005707,0.00224443,0.01568847
sensor_bias_05,sensor_bias,2814,7.90000000,0.80000000,0.79521502,-0.00199906,0.09612484,0.68010590,0.00244106,0.09612484
sensor_bias_05,sensor_bias,2814,7.92000000,0.80000000,0.80038227,-0.00671158,0.02667700,0.68018619,0.00401494,0.02667700
sensor_bias_05,sensor_bias,2814,7.94000000,0.80000000,0.80237142,-0.00082116,-0.03857985,0.68027305,0.00434282,-0.03857985
sensor_bias_05,sensor_bias,2814,7.96000000,0.80000000,0.80102564,0.00653621,-0.05114262,0.68034380,0.00353746,-0.05114262
sensor_bias_05,sensor_bias,2814,7.98000000,0.80000000,0.80123920,0.00514103,-0.05114262,0.68039465,0.00254227,-0.05114262
sensor_bias_06,sensor_bias,2815,0.00000000,0.00000000,0.11671106,0.00771196,-2.13935884,0.00000000,0.00000000,-2.13935884
sensor_bias_06,sensor_bias,2815,0.02000000,0.00000000,0.12353983,-0.03701939,-2.03862003,-0.00073057,-0.03652859,-2.03862003
sensor_bias_06,sensor_bias,2815,0.04000000,0.00000000,0.11934631,-0.06594047,-1.81853116,-0.00213185,-0.07006410,-1.81853116
sensor_bias_06,sensor_bias,2815,0.06000000,0.00000000,0.11025301,-0.08428199,-1.56314430,-0.00410531,-0.09867300,-1.56314430
sensor_bias_06,sensor_bias,2815,0.08000000,0.00000000,0.11204493,-0.13183932,-1.35761214,-0.00654380,-0.12192429,-1.35761214
sensor_bias_06,sensor_bias,2815,0.10000000,0.00000000,0.11556763,-0.14489908,-1.35572192,-0.00936092,-0.14085591,-1.35572192
sensor_bias_06,sensor_bias,2815,0.12000000,0.00000000,0.10058404,-0.15752385,-1.02289348,-0.01254283,-0.15909550,-1.02289348
sensor_bias_06,sensor_bias,2815,0.14000000,0.00000000,0.10241491,-0.17183550,-0.98429085,-0.01596316,-0.17101656,-0.98429085
sensor_bias_06,sensor_bias,2815,0.16000000,0.00000000,0.10275442,-0.17574740,-0.97084257,-0.01960042,-0.18186305,-0.97084257
sensor_bias_06,sensor_bias,2815,0.18000000,0.00000000,0.09770500,-0.19104610,-0.80345949,-0.02344246,-0.19210192,-0.80345949
sensor_bias_06,sensor_bias,2815,0.20000000,0.00000000,0.09742021,-0.19571268,-0.77500035,-0.02742498,-0.19912599,-0.77500035
sensor_bias_06,sensor_bias,2815,0.22000000,0.00000000,0.09022359,-0.20853722,-0.58133851,-0.03153336,-0.20541934,-0.58133851
sensor_bias_06,sensor_bias,2815,0.24000000,0.00000000,0.07422581,-0.20872111,-0.29245905,-0.03569710,-0.20818668,-0.29245905
sensor_bias_06,sensor_bias,2815,0.26000000,0.00000000,0.08178020,-0.20840027,-0.43004233,-0.03981560,-0.20592510,-0.43004233
sensor_bias_06,sensor_bias,2815,0.28000000,0.00000000,0.07762919,-0.20492690,-0.37269094,-0.04393743,-0.20609151,-0.37269094
sensor_bias_06,sensor_bias,2815,0.30000000,0.00000000,0.07113141,-0.20603097,-0.25021056,-0.04804289,-0.20527286,-0.25021056
sensor_bias_06,sensor_bias,2815,0.32000000,0.00000000,0.06790481,-0.20804797,-0.18204680,-0.05209072,-0.20239145,-0.18204680
sensor_bias_06,sensor_bias,2815,0.34000000,0.00000000,0.06755551,-0.19431478,-0.24442519,-0.05605965,-0.19844659,-0.24442519
sensor_bias_06,sensor_bias,2815,0.36000000,0.00000000,0.06187352,-0.19690816,-0.12918263,-0.05997373,-0.19570429,-0.12918263
sensor_bias_06,sensor_bias,2815,0.38000000,0.00000000,0.05669104,-0.19338477,-0.05351484,-0.06379553,-0.19108984,-0.05351484
sensor_bias_06,sensor_bias,2815,0.40000000,0.00000000,0.05004953,-0.18816277,0.03992229,-0.06750242,-0.18534421,0.03992229
sensor_bias_06,sensor_bias,2815,0.42000000,0.00000000,0.04184437,-0.18313766,0.16248954,-0.07106648,-0.17820342,0.16248954
sensor_bias_06,sensor_bias,2815,0.44000000,0.00000000,0.03791090,-0.16726391,0.15392333,-0.07445086,-0.16921869,0.15392333
sensor_bias_06,sensor_bias,2815,0.46000000,0.00000000,0.04795911,-0.15649945,-0.08076678,-0.07766473,-0.16069335,-0.08076678
sensor_bias_06,sensor_bias,2815,0.48000000,0.00000000,0.03990176,-0.15556657,0.05960115,-0.08079417,-0.15647233,0.05960115
sensor_bias_06,sensor_bias,2815,0.50000000,0.00000000,0.03787933,-0.15985893,0.11746672,-0.08379421,-0.15000170,0.11746672
sensor_bias_06,sensor_bias,2815,0.52000000,0.00000000,0.03299672,-0.14461557,0.12913695,-0.08664958,-0.14276853,0.12913695
sensor_bias_06,sensor_bias,2815,0.54000000,0.00000000,0.03271990,-0.14020729,0.11207822,-0.08936134,-0.13558817,0.11207822
sensor_bias_06,sensor_bias,2815,0.56000000,0.00000000,0.02951607,-0.12685541,0.10298771,-0.09194033,-0.12894932,0.10298771
sensor_bias_06,sensor_bias,2815,0.58000000,0.00000000,0.02053476,-0.12112638,0.23600630,-0.09439427,-0.12269704,0.23600630
sensor_bias_06,sensor_bias,2815,0.60000000,0.00000000,0.02461472,-0.11449010,0.12938549,-0.09668210,-0.11439141,0.12938549
sensor_bias_06,sensor_bias,2815,0.62000000,0.00000000,0.01932879,-0.11850485,0.24460600,-0.09884601,-0.10819574,0.24460600
sensor_bias_06,sensor_bias,2815,0.64000000,0.00000000,0.02007294,-0.09367163,0.10704528,-0.10085098,-0.10024864,0.10704528
sensor_bias_06,sensor_bias,2815,0.66000000,0.00000000,0.02247557,-0.08850191,0.03794927,-0.10274953,-0.09492728,0.03794927
sensor_bias_06,sensor_bias,2815,0.68000000,0.00000000,0.01578607,-0.08830305,0.15736596,-0.10456895,-0.09097116,0.15736596
sensor_bias_06,sensor_bias,2815,0.70000000,0.00000000,0.01428718,-0.08166525,0.15115700,-0.10627123,-0.08511391,0.15115700
sensor_bias_06,sensor_bias,2815,0.72000000,0.00000000,0.01727460,-0.07476739,0.06289419,-0.10786257,-0.07956680,0.06289419
sensor_bias_06,sensor_bias,2815,0.74000000,0.00000000,0.00429418,-0.09008768,0.37314321,-0.10937697,-0.07572005,0.37314321
sensor_bias_06,sensor_bias,2815,0.76000000,0.00000000,0.00461972,-0.07264393,0.28006464,-0.11071117,-0.06671000,0.28006464
sensor_bias_06,sensor_bias,2815,0.78000000,0.00000000,0.01032972,-0.05905460,0.10933809,-0.11190323,-0.05960322,0.10933809
sensor_bias_06,sensor_bias,2815,0.80000000,0.00000000,0.00937195,-0.04799767,0.07129319,-0.11301641,-0.05565918,0.07129319
sensor_bias_06,sensor_bias,2815,0.82000000,0.00000000,0.00898590,-0.05285882,0.10254799,-0.11406646,-0.05250219,0.10254799
sensor_bias_06,sensor_bias,2815,0.84000000,0.00000000,0.00293525,-0.04731224,0.18372668,-0.11504489,-0.04892156,0.18372668
sensor_bias_06,sensor_bias,2815,0.86000000,0.00000000,0.00111248,-0.03987699,0.17936037,-0.11592648,-0.04407962,0.17936037
sensor_bias_06,sensor_bias,2815,0.88000000,0.00000000,-0.00008084,-0.05201243,0.26151721,-0.11671610,-0.03948097,0.26151721
sensor_bias_06,sensor_bias,2815,0.90000000,0.00000000,0.00347316,-0.02997150,0.08734052,-0.11738890,-0.03363980,0.08734052
sensor_bias_06,sensor_bias,2815,0.92000000,0.00000000,0.00419822,-0.03068819,0.07787308,-0.11800842,-0.03097617,0.07787308
sensor_bias_06,sensor_bias,2815,0.94000000,0.00000000,0.00544417,-0.02657217,0.03486588,-0.11857976,-0.02856702,0.03486588
sensor_bias_06,sensor_bias,2815,0.96000000,0.00000000,-0.00158303,-0.02767686,0.16687878,-0.11911928,-0.02697615,0.16687878
sensor_bias_06,sensor_bias,2815,0.98000000,0.00000000,0.00336153,-0.02801546,0.07956967,-0.11958302,-0.02318667,0.07956967
sensor_bias_06,sensor_bias,2815,1.00000000,0.50000000,0.00340427,-0.02624616,9.06995390,-0.12000342,-0.02102001,9.06995390
sensor_bias_06,sensor_bias,2815,1.02000000,0.50000000,0.00277946,0.12846074,8.30766604,-0.11731186,0.13457789,8.30766604
sensor_bias_06,sensor_bias,2815,1.04000000,0.50000000,0.00889584,0.27350756,7.47233700,-0.11187711,0.27173757,7.47233700
sensor_bias_06,sensor_bias,2815,1.06000000,0.50000000,0.01372852,0.38788740,6.81344966,-0.10408002,0.38985444,6.81344966
sensor_bias_06,sensor_bias,2815,1.08000000,0.50000000,0.02771720,0.49829067,6.00963701,-0.09422792,0.49260481,6.00963701
sensor_bias_06,sensor_bias,2815,1.10000000,0.50000000,0.04073059,0.57884694,5.37261469,-0.08266693,0.57804965,5.37261469
sensor_bias_06,sensor_bias,2815,1.12000000,0.50000000,0.05172116,0.65385882,4.79972496,-0.06967413,0.64963991,4.79972496
sensor_bias_06,sensor_bias,2815,1.14000000,0.50000000,0.06457640,0.70283423,4.32345371,-0.05549506,0.70895347,4.32345371
sensor_bias_06,sensor_bias,2815,1.16000000,0.50000000,0.08113735,0.75881800,3.74543772,-0.04033371,0.75806786,3.74543772
sensor_bias_06,sensor_bias,2815,1.18000000,0.50000000,0.09703648,0.79535031,3.27659173,-0.02442168,0.79560128,3.27659173
sensor_bias_06,sensor_bias,2815,1.20000000,0.50000000,0.11482648,0.82812699,2.79248841,-0.00794525,0.82382135,2.79248841
sensor_bias_06,sensor_bias,2815,1.22000000,0.50000000,0.12591851,0.83139386,2.57649761,0.00891059,0.84279212,2.57649761
sensor_bias_06,sensor_bias,2815,1.24000000,0.50000000,0.14769436,0.85279592,2.07752198,0.02605887,0.85741382,2.07752198
sensor_bias_06,sensor_bias,2815,1.26000000,0.50000000,0.16140987,0.86569333,1.76615577,0.04331899,0.86300619,1.76615577
sensor_bias_06,sensor_bias,2815,1.28000000,0.50000000,0.18278276,0.87225454,1.34863755,0.06058073,0.86308722,1.34863755
sensor_bias_06,sensor_bias,2815,1.30000000,0.50000000,0.20075603,0.85336035,1.11958980,0.07770146,0.85603650,1.11958980
sensor_bias_06,sensor_bias,2815,1.32000000,0.50000000,0.21506460,0.83568122,0.95043116,0.09460788,0.84532060,0.95043116
sensor_bias_06,sensor_bias,2815,1.34000000,0.50000000,0.23487696,0.83219501,0.61123972,0.11124967,0.83208984,0.61123972
sensor_bias_06,sensor_bias,2815,1.36000000,0.50000000,0.25016490,0.82283268,0.38286839,0.12752024,0.81352862,0.38286839
sensor_bias_06,sensor_bias,2815,1.38000000,0.50000000,0.26142330,0.79882084,0.30027646,0.14335454,0.79171492,0.30027646
sensor_bias_06,sensor_bias,2815,1.40000000,0.50000000,0.28001616,0.76891668,0.11512577,0.15873957,0.76925119,0.11512577
sensor_bias_06,sensor_bias,2815,1.42000000,0.50000000,0.29308443,0.74262860,0.01133728,0.17362775,0.74440894,0.01133728
sensor_bias_06,sensor_bias,2815,1.44000000,0.50000000,0.30172411,0.72031244,-0.03259616,0.18800095,0.71866029,-0.03259616
sensor_bias_06,sensor_bias,2815,1.46000000,0.50000000,0.32451843,0.69916230,-0.33714323,0.20186213,0.69305882,-0.33714323
sensor_bias_06,sensor_bias,2815,1.48000000,0.50000000,0.33851512,0.65986398,-0.39259216,0.21512512,0.66314954,-0.39259216
sensor_bias_06,sensor_bias,2815,1.50000000,0.50000000,0.34942530,0.63524968,-0.46590375,0.22779184,0.63333582,-0.46590375
sensor_bias_06,sensor_bias,2815,1.52000000,0.50000000,0.36289467,0.60215715,-0.54288980,0.23985802,0.60330933,-0.54288980
sensor_bias_06,sensor_bias,2815,1.54000000,0.50000000,0.37042575,0.56760653,-0.50569619,0.25131832,0.57301475,-0.50569619
sensor_bias_06,sensor_bias,2815,1.56000000,0.50000000,0.38745566,0.55186259,-0.73351482,0.26220654,0.54441097,-0.73351482
sensor_bias_06,sensor_bias,2815,1.58000000,0.50000000,0.39361818,0.50735583,-0.62190635,0.27246482,0.51291413,-0.62190635
sensor_bias_06,sensor_bias,2815,1.60000000,0.50000000,0.40293735,0.48059609,-0.65585276,0.28215323,0.48442059,-0.65585276
sensor_bias_06,sensor_bias,2815,1.62000000,0.50000000,0.41743752,0.46135148,-0.82063277,0.29128004,0.45634042,-0.82063277
sensor_bias_06,sensor_bias,2815,1.64000000,0.50000000,0.41872547,0.43153189,-0.69471789,0.29980854,0.42642528,-0.69471789
sensor_bias_06,sensor_bias,2815,1.66000000,0.50000000,0.42698883,0.40061861,-0.68889196,0.30780260,0.39970261,-0.68889196
sensor_bias_06,sensor_bias,2815,1.68000000,0.50000000,0.43408094,0.36455634,-0.63623870,0.31528281,0.37401068,-0.63623870
sensor_bias_06,sensor_bias,2815,1.70000000,0.50000000,0.44677178,0.34546284,-0.76920614,0.32228507,0.35011313,-0.76920614
sensor_bias_06,sensor_bias,2815,1.72000000,0.50000000,0.44363390,0.32206287,-0.59572449,0.32878063,0.32477804,-0.59572449
sensor_bias_06,sensor_bias,2815,1.74000000,0.50000000,0.45222519,0.30042518,-0.64217926,0.33484639,0.30328798,-0.64217926
sensor_bias_06,sensor_bias,2815,1.76000000,0.50000000,0.46258232,0.28715804,-0.76227189,0.34048147,0.28175365,-0.76227189
sensor_bias_06,sensor_bias,2815,1.78000000,0.50000000,0.46662367,0.25636956,-0.68107381,0.34565985,0.25891924,-0.68107381
sensor_bias_06,sensor_bias,2815,1.80000000,0.50000000,0.47073124,0.23504336,-0.64837905,0.35042519,0.23826703,-0.64837905
sensor_bias_06,sensor_bias,2815,1.82000000,0.50000000,0.47283886,0.21544593,-0.58832908,0.35480305,0.21889278,-0.58832908
sensor_bias_06,sensor_bias,2815,1.84000000,0.50000000,0.47583005,0.20795526,-0.60471719,0.35882743,0.20121903,-0.60471719
sensor_bias_06,sensor_bias,2815,1.86000000,0.50000000,0.48622527,0.18126451,-0.65837738,0.36250506,0.18388139,-0.65837738
sensor_bias_06,sensor_bias,2815,1.88000000,0.50000000,0.48403629,0.16554415,-0.54037405,0.36582969,0.16623173,-0.54037405
sensor_bias_06,sensor_bias,2815,1.90000000,0.50000000,0.49034416,0.14484780,-0.55043383,0.36885393,0.15121201,-0.55043383
sensor_bias_06,sensor_bias,2815,1.92000000,0.50000000,0.48593324,0.13702940,-0.43194532,0.37158481,0.13654395,-0.43194532
sensor_bias_06,sensor_bias,2815,1.94000000,0.50000000,0.49590377,0.12154855,-0.53401063,0.37407301,0.12441020,-0.53401063
sensor_bias_06,sensor_bias,2815,1.96000000,0.50000000,0.49624897,0.10939960,-0.47947953,0.37629214,0.11095658,-0.47947953
sensor_bias_06,sensor_bias,2815,1.98000000,0.50000000,0.50157800,0.08944453,-0.47562666,0.37827020,0.09890291,-0.47562666
sensor_bias_06,sensor_bias,2815,2.00000000,0.50000000,0.50044902,0.08777341,-0.44694940,0.38001690,0.08733509,-0.44694940
sensor_bias_06,sensor_bias,2815,2.02000000,0.50000000,0.50416684,0.08125547,-0.48128056,0.38155011,0.07666005,-0.48128056
sensor_bias_06,sensor_bias,2815,2.04000000,0.50000000,0.50526063,0.07265863,-0.45798445,0.38286552,0.06577085,-0.45798445
sensor_bias_06,sensor_bias,2815,2.06000000,0.50000000,0.49951069,0.05819806,-0.28218268,0.38397870,0.05565889,-0.28218268
sensor_bias_06,sensor_bias,2815,2.08000000,0.50000000,0.49996405,0.04739817,-0.23634369,0.38495672,0.04890107,-0.23634369
sensor_bias_06,sensor_bias,2815,2.10000000,0.50000000,0.50266276,0.04424086,-0.26913394,0.38581995,0.04316143,-0.26913394
sensor_bias_06,sensor_bias,2815,2.12000000,0.50000000,0.51143083,0.03676008,-0.38955530,0.38656119,0.03706194,-0.38955530
sensor_bias_06,sensor_bias,2815,2.14000000,0.50000000,0.50154478,0.02621335,-0.15887286,0.38714357,0.02911887,-0.15887286
sensor_bias_06,sensor_bias,2815,2.16000000,0.50000000,0.50553383,0.03160621,-0.25764008,0.38765140,0.02539141,-0.25764008
sensor_bias_06,sensor_bias,2815,2.18000000,0.50000000,0.50674483,0.02383250,-0.24056946,0.38805354,0.02010745,-0.24056946
sensor_bias_06,sensor_bias,2815,2.20000000,0.50000000,0.50821858,0.02514194,-0.27364421,0.38835953,0.01529910,-0.27364421
sensor_bias_06,sensor_bias,2815,2.22000000,0.50000000,0.51202957,0.00764052,-0.25473486,0.38856140,0.01009359,-0.25473486
sensor_bias_06,sensor_bias,2815,2.24000000,0.50000000,0.51333457,-0.00533454,-0.21334965,0.38866925,0.00539235,-0.21334965
sensor_bias_06,sensor_bias,2815,2.26000000,0.50000000,0.50729008,-0.00478970,-0.10727292,0.38870048,0.00156158,-0.10727292
sensor_bias_06,sensor_bias,2815,2.28000000,0.50000000,0.50153122,-0.00267729,-0.01417546,0.38869399,-0.00032448,-0.01417546
sensor_bias_06,sensor_bias,2815,2.30000000,0.50000000,0.50625613,0.00666739,-0.14594728,0.38868288,-0.00055521,-0.14594728
sensor_bias_06,sensor_bias,2815,2.32000000,0.50000000,0.50443848,-0.00305724,-0.06460638,0.38862233,-0.00302785,-0.06460638
sensor_bias_06,sensor_bias,2815,2.34000000,0.50000000,0.50428413,-0.01013644,-0.02643212,0.38854182,-0.00402545,-0.02643212
sensor_bias_06,sensor_bias,2815,2.36000000,0.50000000,0.51090828,0.00662534,-0.22947577,0.38845509,-0.00433648,-0.22947577
sensor_bias_06,sensor_bias,2815,2.38000000,0.50000000,0.51311698,-0.00693905,-0.20141041,0.38829302,-0.00810355,-0.20141041
sensor_bias_06,sensor_bias,2815,2.40000000,0.50000000,0.50577556,-0.00996957,-0.05411218,0.38806781,-0.01126014,-0.05411218
sensor_bias_06,sensor_bias,2815,2.42000000,0.50000000,0.51048214,-0.01273047,-0.12502620,0.38783198,-0.01179167,-0.12502620
sensor_bias_06,sensor_bias,2815,2.44000000,0.50000000,0.51150303,-0.02189933,-0.09755793,0.38756167,-0.01351551,-0.09755793
sensor_bias_06,sensor_bias,2815,2.46000000,0.50000000,0.50672374,-0.01134778,-0.06428846,0.38726746,-0.01471026,-0.06428846
sensor_bias_06,sensor_bias,2815,2.48000000,0.50000000,0.50598304,-0.00411265,-0.08713151,0.38696156,-0.01529531,-0.08713151
sensor_bias_06,sensor_bias,2815,2.50000000,0.50000000,0.50831754,-0.01253170,-0.08705729,0.38663656,-0.01625001,-0.08705729
sensor_bias_06,sensor_bias,2815,2.52000000,0.50000000,0.50633816,-0.02295201,0.00067318,0.38629316,-0.01717017,0.00067318
sensor_bias_06,sensor_bias,2815,2.54000000,0.50000000,0.50300841,-0.00708522,-0.01872525,0.38596195,-0.01656030,-0.01872525
sensor_bias_06,sensor_bias,2815,2.56000000,0.50000000,0.50420149,-0.01917415,0.02024389,0.38563589,-0.01630291,0.02024389
sensor_bias_06,sensor_bias,2815,2.58000000,0.50000000,0.50512449,-0.01773828,-0.00354931,0.38532811,-0.01538911,-0.00354931
sensor_bias_06,sensor_bias,2815,2.60000000,0.50000000,0.49906862,-0.00910958,0.06231278,0.38502984,-0.01491341,0.06231278
sensor_bias_06,sensor_bias,2815,2.62000000,0.50000000,0.50703775,-0.01432318,-0.05506360,0.38476325,-0.01332972,-0.05506360
sensor_bias_06,sensor_bias,2815,2.64000000,0.50000000,0.49948434,-0.00786023,0.04858293,0.38448714,-0.01380538,0.04858293
sensor_bias_06,sensor_bias,2815,2.66000000,0.50000000,0.50286000,-0.01560868,0.02656344,0.38423724,-0.01249473,0.02656344
sensor_bias_06,sensor_bias,2815,2.68000000,0.50000000,0.50521438,-0.00550921,-0.06631270,0.38400513,-0.01160574,-0.06631270
sensor_bias_06,sensor_bias,2815,2.70000000,0.50000000,0.50465921,-0.00767248,-0.04550344,0.38375846,-0.01233355,-0.04550344
sensor_bias_06,sensor_bias,2815,2.72000000,0.50000000,0.50346641,-0.01800519,0.02763056,0.38350484,-0.01268068,0.02763056
sensor_bias_06,sensor_bias,2815,2.74000000,0.50000000,0.50129151,-0.01099866,0.03174609,0.38326950,-0.01176699,0.03174609
sensor_bias_06,sensor_bias,2815,2.76000000,0.50000000,0.50592479,-0.00207804,-0.09625596,0.38305321,-0.01081486,-0.09625596
sensor_bias_06,sensor_bias,2815,2.78000000,0.50000000,0.50880613,-0.02121090,-0.05245580,0.38281158,-0.01208150,-0.05245580
sensor_bias_06,sensor_bias,2815,2.80000000,0.50000000,0.50109305,-0.02769493,0.11879982,0.38256046,-0.01255612,0.11879982
sensor_bias_06,sensor_bias,2815,2.82000000,0.50000000,0.49939272,-0.01268872,0.07437459,0.38235865,-0.01009010,0.07437459
sensor_bias_06,sensor_bias,2815,2.84000000,0.50000000,0.51102855,-0.01440269,-0.12650052,0.38218928,-0.00846855,-0.12650052
sensor_bias_06,sensor_bias,2815,2.86000000,0.50000000,0.50204007,-0.00667419,-0.00335031,0.38198261,-0.01033337,-0.00335031
sensor_bias_06,sensor_bias,2815,2.88000000,0.50000000,0.50451711,-0.01108600,-0.02587796,0.38178201,-0.01003046,-0.02587796
sensor_bias_06,sensor_bias,2815,2.90000000,0.50000000,0.50460618,-0.01058079,-0.03000724,0.38157955,-0.01012276,-0.03000724
sensor_bias_06,sensor_bias,2815,2.92000000,0.50000000,0.49545459,-0.01248613,0.14424810,0.38137390,-0.01028235,0.14424810
sensor_bias_06,sensor_bias,2815,2.94000000,0.50000000,0.50237126,-0.00707506,-0.00730742,0.38122468,-0.00746104,-0.00730742
sensor_bias_06,sensor_bias,2815,2.96000000,0.50000000,0.50185998,-0.00404259,-0.01326676,0.38107817,-0.00732580,-0.01326676
sensor_bias_06,sensor_bias,2815,2.98000000,0.50000000,0.50091645,-0.00983081,0.03265790,0.38093223,-0.00729702,0.03265790
sensor_bias_06,sensor_bias,2815,3.00000000,-0.30000000,0.50143662,-0.00021100,-12.00000000,0.38080252,-0.00648511,-12.00000000
sensor_bias_06,sensor_bias,2815,3.02000000,-0.30000000,0.49419345,-0.20966841,-12.00000000,0.37657945,-0.21115368,-12.00000000
sensor_bias_06,sensor_bias,2815,3.04000000,-0.30000000,0.48958743,-0.40681312,-12.00000000,0.36840566,-0.40868967,-12.00000000
sensor_bias_06,sensor_bias,2815,3.06000000,-0.30000000,0.47719665,-0.60914983,-10.94379062,0.35641882,-0.59934165,-10.94379062
sensor_bias_06,sensor_bias,2815,3.08000000,-0.30000000,0.46315816,-0.75683554,-9.95266924,0.34111252,-0.76531521,-9.95266924
sensor_bias_06,sensor_bias,2815,3.10000000,-0.30000000,0.44348335,-0.91691629,-8.79811889,0.32294089,-0.90858174,-8.79811889
sensor_bias_06,sensor_bias,2815,3.12000000,-0.30000000,0.42564250,-1.03477296,-7.88770010,0.30239804,-1.02714208,-7.88770010
sensor_bias_06,sensor_bias,2815,3.14000000,-0.30000000,0.39914939,-1.13043774,-6.93250033,0.27987753,-1.12602568,-6.93250033
sensor_bias_06,sensor_bias,2815,3.16000000,-0.30000000,0.37595650,-1.19800944,-6.17716978,0.25577446,-1.20515363,-6.17716978
sensor_bias_06,sensor_bias,2815,3.18000000,-0.30000000,0.34820210,-1.26650197,-5.33512787,0.23040192,-1.26862709,-5.33512787
sensor_bias_06,sensor_bias,2815,3.20000000,-0.30000000,0.32474514,-1.31554787,-4.66767313,0.20409169,-1.31551106,-4.66767313
sensor_bias_06,sensor_bias,2815,3.22000000,-0.30000000,0.29891356,-1.34590998,-4.05089422,0.17710440,-1.34936465,-4.05089422
sensor_bias_06,sensor_bias,2815,3.24000000,-0.30000000,0.27212927,-1.36021558,-3.49724887,0.14967426,-1.37150724,-3.49724887
sensor_bias_06,sensor_bias,2815,3.26000000,-0.30000000,0.23831262,-1.38678641,-2.75569517,0.12200576,-1.38342494,-2.75569517
sensor_bias_06,sensor_bias,2815,3.28000000,-0.30000000,0.21252563,-1.37771143,-2.33690426,0.09436045,-1.38226561,-2.33690426
sensor_bias_06,sensor_bias,2815,3.30000000,-0.30000000,0.18582621,-1.37826632,-1.85354028,0.06688053,-1.37399602,-1.85354028
sensor_bias_06,sensor_bias,2815,3.32000000,-0.30000000,0.15669071,-1.35487800,-1.44604274,0.03972530,-1.35776140,-1.44604274
sensor_bias_06,sensor_bias,2815,3.34000000,-0.30000000,0.12921061,-1.33379963,-1.05679292,0.01302260,-1.33513472,-1.05679292
sensor_bias_06,sensor_bias,2815,3.36000000,-0.30000000,0.11122864,-1.30468728,-0.87867912,-0.01311040,-1.30665029,-0.87867912
sensor_bias_06,sensor_bias,2815,3.38000000,-0.30000000,0.07968937,-1.28001250,-0.43434623,-0.03863275,-1.27611732,-0.43434623
sensor_bias_06,sensor_bias,2815,3.40000000,-0.30000000,0.05130433,-1.23323537,-0.15730108,-0.06341398,-1.23906162,-0.15730108
sensor_bias_06,sensor_bias,2815,3.42000000,-0.30000000,0.03232029,-1.19274403,-0.01804509,-0.08738532,-1.19856687,-0.01804509
sensor_bias_06,sensor_bias,2815,3.44000000,-0.30000000,0.00998023,-1.16428853,0.24179855,-0.11052743,-1.15710560,0.24179855
sensor_bias_06,sensor_bias,2815,3.46000000,-0.30000000,-0.01198742,-1.11795121,0.40552957,-0.13278048,-1.11265253,0.40552957
sensor_bias_06,sensor_bias,2815,3.48000000,-0.30000000,-0.03488983,-1.05980127,0.52702334,-0.15411954,-1.06695298,0.52702334
sensor_bias_06,sensor_bias,2815,3.50000000,-0.30000000,-0.05080103,-1.02907228,0.65977989,-0.17453497,-1.02077159,0.65977989
sensor_bias_06,sensor_bias,2815,3.52000000,-0.30000000,-0.07507505,-0.97683085,0.83550508,-0.19401363,-0.97393284,0.83550508
sensor_bias_06,sensor_bias,2815,3.54000000,-0.30000000,-0.08988473,-0.92539194,0.84488474,-0.21252815,-0.92572596,0.84488474
sensor_bias_06,sensor_bias,2815,3.56000000,-0.30000000,-0.11246517,-0.87852887,1.01701735,-0.23010893,-0.87903891,1.01701735
sensor_bias_06,sensor_bias,2815,3.58000000,-0.30000000,-0.12326421,-0.82382332,0.93787236,-0.24672972,-0.83103979,0.93787236
sensor_bias_06,sensor_bias,2815,3.60000000,-0.30000000,-0.15215682,-0.78883016,1.28297354,-0.26245102,-0.78606477,1.28297354
sensor_bias_06,sensor_bias,2815,3.62000000,-0.30000000,-0.15231778,-0.73019742,0.99270718,-0.27718631,-0.73676467,0.99270718
sensor_bias_06,sensor_bias,2815,3.64000000,-0.30000000,-0.17550168,-0.69032322,1.21064635,-0.29106909,-0.69413881,1.21064635
sensor_bias_06,sensor_bias,2815,3.66000000,-0.30000000,-0.18516755,-0.65374207,1.20172621,-0.30405463,-0.64927723,1.20172621
sensor_bias_06,sensor_bias,2815,3.68000000,-0.30000000,-0.19876664,-0.60380979,1.19684855,-0.31617726,-0.60613135,1.19684855
sensor_bias_06,sensor_bias,2815,3.70000000,-0.30000000,-0.21296154,-0.56572060,1.26191063,-0.32746871,-0.56457237,1.26191063
sensor_bias_06,sensor_bias,2815,3.72000000,-0.30000000,-0.21945764,-0.52030947,1.15178480,-0.33793572,-0.52335079,1.15178480
sensor_bias_06,sensor_bias,2815,3.74000000,-0.30000000,-0.22404301,-0.48483517,1.05695007,-0.34764464,-0.48544611,1.05695007
sensor_bias_06,sensor_bias,2815,3.76000000,-0.30000000,-0.23651420,-0.44683166,1.09141390,-0.35665428,-0.45048164,1.09141390
sensor_bias_06,sensor_bias,2815,3.78000000,-0.30000000,-0.24633686,-0.42494034,1.15876522,-0.36497722,-0.41614721,1.15876522
sensor_bias_06,sensor_bias,2815,3.80000000,-0.30000000,-0.25250089,-0.37464833,1.01825761,-0.37261441,-0.38185932,1.01825761
sensor_bias_06,sensor_bias,2815,3.82000000,-0.30000000,-0.25655040,-0.35121451,0.97397984,-0.37963772,-0.35116545,0.97397984
sensor_bias_06,sensor_bias,2815,3.84000000,-0.30000000,-0.26351573,-0.32755305,0.98104830,-0.38608366,-0.32229727,0.98104830
sensor_bias_06,sensor_bias,2815,3.86000000,-0.30000000,-0.27118954,-0.28907182,0.92677079,-0.39196995,-0.29431444,0.92677079
sensor_bias_06,sensor_bias,2815,3.88000000,-0.30000000,-0.27641052,-0.26964046,0.92359174,-0.39733462,-0.26823355,0.92359174
sensor_bias_06,sensor_bias,2815,3.90000000,-0.30000000,-0.28438589,-0.24134943,0.92569311,-0.40219694,-0.24311586,0.92569311
sensor_bias_06,sensor_bias,2815,3.92000000,-0.30000000,-0.28749320,-0.23361033,0.94292929,-0.40657369,-0.21883761,0.94292929
sensor_bias_06,sensor_bias,2815,3.94000000,-0.30000000,-0.28784174,-0.19126550,0.73747880,-0.41047592,-0.19511116,0.73747880
sensor_bias_06,sensor_bias,2815,3.96000000,-0.30000000,-0.29091444,-0.16604397,0.66667978,-0.41399031,-0.17571953,0.66667978
sensor_bias_06,sensor_bias,2815,3.98000000,-0.30000000,-0.29490815,-0.15813471,0.69902029,-0.41715456,-0.15821254,0.69902029
sensor_bias_06,sensor_bias,2815,4.00000000,-0.30000000,-0.30185716,-0.15401621,0.80350995,-0.41996983,-0.14076347,0.80350995
sensor_bias_06,sensor_bias,2815,4.02000000,-0.30000000,-0.30488074,-0.12364588,0.70608269,-0.42241259,-0.12213837,0.70608269
sensor_bias_06,sensor_bias,2815,4.04000000,-0.30000000,-0.30317202,-0.10996924,0.60694258,-0.42452911,-0.10582588,0.60694258
sensor_bias_06,sensor_bias,2815,4.06000000,-0.30000000,-0.30442427,-0.09780487,0.56866127,-0.42636460,-0.09177464,0.56866127
sensor_bias_06,sensor_bias,2815,4.08000000,-0.30000000,-0.29994451,-0.07678598,0.38293107,-0.42794194,-0.07886671,0.38293107
sensor_bias_06,sensor_bias,2815,4.10000000,-0.30000000,-0.31348076,-0.07621075,0.62370744,-0.42933354,-0.06957987,0.62370744
sensor_bias_06,sensor_bias,2815,4.12000000,-0.30000000,-0.31488716,-0.06218762,0.57890696,-0.43046365,-0.05650553,0.57890696
sensor_bias_06,sensor_bias,2815,4.14000000,-0.30000000,-0.31018356,-0.05151058,0.44085692,-0.43135668,-0.04465177,0.44085692
sensor_bias_06,sensor_bias,2815,4.16000000,-0.30000000,-0.31342297,-0.04115308,0.44737878,-0.43206805,-0.03556825,0.44737878
sensor_bias_06,sensor_bias,2815,4.18000000,-0.30000000,-0.31584149,-0.02025812,0.38643734,-0.43260184,-0.02668993,0.38643734
sensor_bias_06,sensor_bias,2815,4.20000000,-0.30000000,-0.31302486,-0.01689364,0.31891574,-0.43298508,-0.01916155,0.31891574
sensor_bias_06,sensor_bias,2815,4.22000000,-0.30000000,-0.31461325,-0.01206522,0.32336464,-0.43324604,-0.01304844,0.32336464
sensor_bias_06,sensor_bias,2815,4.24000000,-0.30000000,-0.31317088,-0.00497053,0.26192844,-0.43338749,-0.00707241,0.26192844
sensor_bias_06,sensor_bias,2815,4.26000000,-0.30000000,-0.31371249,-0.00851653,0.28940756,-0.43343457,-0.00235363,0.28940756
sensor_bias_06,sensor_bias,2815,4.28000000,-0.30000000,-0.30895518,0.00083061,0.15704023,-0.43338117,0.00266990,0.15704023
sensor_bias_06,sensor_bias,2815,4.30000000,-0.30000000,-0.31619094,0.01259227,0.22847560,-0.43327600,0.00525825,0.22847560
sensor_bias_06,sensor_bias,2815,4.32000000,-0.30000000,-0.31171633,-0.00168942,0.21934114,-0.43309648,0.00897612,0.21934114
sensor_bias_06,sensor_bias,2815,4.34000000,-0.30000000,-0.31325548,0.00634293,0.20688400,-0.43284831,0.01240845,0.20688400
sensor_bias_06,sensor_bias,2815,4.36000000,-0.30000000,-0.30831095,0.01434632,0.07786548,-0.43253814,0.01550848,0.07786548
sensor_bias_06,sensor_bias,2815,4.38000000,-0.30000000,-0.31414960,0.01160086,0.19668856,-0.43221219,0.01629753,0.19668856
sensor_bias_06,sensor_bias,2815,4.40000000,-0.30000000,-0.31569617,0.01394829,0.21278957,-0.43183043,0.01908794,0.21278957
sensor_bias_06,sensor_bias,2815,4.42000000,-0.30000000,-0.31483656,0.03240932,0.10501155,-0.43138931,0.02205602,0.10501155
sensor_bias_06,sensor_bias,2815,4.44000000,-0.30000000,-0.31076997,0.01954239,0.09614759,-0.43092770,0.02308041,0.09614759
sensor_bias_06,sensor_bias,2815,4.46000000,-0.30000000,-0.30996342,0.02910071,0.03383794,-0.43044935,0.02391775,0.03383794
sensor_bias_06,sensor_bias,2815,4.48000000,-0.30000000,-0.30474622,0.03120329,-0.07058447,-0.42997611,0.02366199,-0.07058447
sensor_bias_06,sensor_bias,2815,4.50000000,-0.30000000,-0.31514637,0.01954065,0.17493140,-0.42954346,0.02163219,0.17493140
sensor_bias_06,sensor_bias,2815,4.52000000,-0.30000000,-0.31349111,0.03361251,0.07477749,-0.42906616,0.02386519,0.07477749
sensor_bias_06,sensor_bias,2815,4.54000000,-0.30000000,-0.31098538,0.03446230,0.02542534,-0.42857996,0.02431030,0.02542534
sensor_bias_06,sensor_bias,2815,4.56000000,-0.30000000,-0.30527640,0.02876983,-0.04887398,-0.42810201,0.02389722,-0.04887398
sensor_bias_06,sensor_bias,2815,4.58000000,-0.30000000,-0.30456050,0.02154438,-0.02563293,-0.42765741,0.02222992,-0.02563293
sensor_bias_06,sensor_bias,2815,4.60000000,-0.30000000,-0.30443568,0.02321058,-0.03621060,-0.42723706,0.02101755,-0.03621060
sensor_bias_06,sensor_bias,2815,4.62000000,-0.30000000,-0.30720973,0.02416392,0.00895544,-0.42684372,0.01966682,0.00895544
sensor_bias_06,sensor_bias,2815,4.64000000,-0.30000000,-0.30125625,0.02523942,-0.10358465,-0.42646104,0.01913435,-0.10358465
sensor_bias_06,sensor_bias,2815,4.66000000,-0.30000000,-0.30447177,0.00424302,0.05927667,-0.42612706,0.01669887,0.05927667
sensor_bias_06,sensor_bias,2815,4.68000000,-0.30000000,-0.30336753,0.01946749,-0.03672191,-0.42578448,0.01712904,-0.03672191
sensor_bias_06,sensor_bias,2815,4.70000000,-0.30000000,-0.30767178,0.02461304,0.01502683,-0.42546638,0.01590510,0.01502683
sensor_bias_06,sensor_bias,2815,4.72000000,-0.30000000,-0.30487834,0.01315106,0.02205481,-0.42515423,0.01560739,0.02205481
sensor_bias_06,sensor_bias,2815,4.74000000,-0.30000000,-0.30161209,0.01705710,-0.05626796,-0.42484543,0.01544006,-0.05626796
sensor_bias_06,sensor_bias,2815,4.76000000,-0.30000000,-0.30139038,0.00775964,-0.01377130,-0.42456660,0.01394123,-0.01377130
sensor_bias_06,sensor_bias,2815,4.78000000,-0.30000000,-0.30502167,0.01154474,0.03266640,-0.42430220,0.01322025,0.03266640
sensor_bias_06,sensor_bias,2815,4.80000000,-0.30000000,-0.30600205,0.01631356,0.02646910,-0.42403585,0.01331729,0.02646910
sensor_bias_06,sensor_bias,2815,4.82000000,-0.30000000,-0.30285640,0.01826257,-0.03989762,-0.42376975,0.01330514,-0.03989762
sensor_bias_06,sensor_bias,2815,4.84000000,-0.30000000,-0.30533165,0.02533483,-0.03070455,-0.42352655,0.01216023,-0.03070455
sensor_bias_06,sensor_bias,2815,4.86000000,-0.30000000,-0.30239897,0.01607736,-0.03720538,-0.42330230,0.01121219,-0.03720538
sensor_bias_06,sensor_bias,2815,4.88000000,-0.30000000,-0.29912740,-0.00046660,-0.01337375,-0.42309858,0.01018618,-0.01337375
sensor_bias_06,sensor_bias,2815,4.90000000,-0.30000000,-0.30599864,0.02398620,-0.01195552,-0.42290652,0.00960285,-0.01195552
sensor_bias_06,sensor_bias,2815,4.92000000,-0.30000000,-0.29969348,0.00481622,-0.02959836,-0.42272524,0.00906406,-0.02959836
sensor_bias_06,sensor_bias,2815,4.94000000,-0.30000000,-0.30163338,-0.00005484,0.02967496,-0.42256038,0.00824281,0.02967496
sensor_bias_06,sensor_bias,2815,4.96000000,-0.30000000,-0.30906378,0.01630915,0.08160226,-0.42239114,0.00846223,0.08160226
sensor_bias_06,sensor_bias,2815,4.98000000,-0.30000000,-0.30203159,0.01133569,-0.02010979,-0.42219993,0.00956065,-0.02010979
sensor_bias_06,sensor_bias,2815,5.00000000,0.80000000,-0.30123030,0.00330260,12.00000000,-0.42202224,0.00888410,12.00000000
sensor_bias_06,sensor_bias,2815,5.02000000,0.80000000,-0.29537768,0.20563214,12.00000000,-0.41775286,0.21346907,12.00000000
sensor_bias_06,sensor_bias,2815,5.04000000,0.80000000,-0.29153367,0.40382127,12.00000000,-0.40953438,0.41092438,12.00000000
sensor_bias_06,sensor_bias,2815,5.06000000,0.80000000,-0.28269567,0.60437682,12.00000000,-0.39750441,0.60149847,12.00000000
sensor_bias_06,sensor_bias,2815,5.08000000,0.80000000,-0.26573389,0.79020035,12.00000000,-0.38179578,0.78543117,12.00000000
sensor_bias_06,sensor_bias,2815,5.10000000,0.80000000,-0.23669171,0.97813787,12.00000000,-0.36253670,0.96295391,12.00000000
sensor_bias_06,sensor_bias,2815,5.12000000,0.80000000,-0.21988127,1.12531923,12.00000000,-0.33985090,1.13429009,12.00000000
sensor_bias_06,sensor_bias,2815,5.14000000,0.80000000,-0.19301012,1.29558684,11.39624789,-0.31385780,1.29965530,11.39624789
sensor_bias_06,sensor_bias,2815,5.16000000,0.80000000,-0.16731282,1.44300717,10.19659488,-0.28487882,1.44894883,10.19659488
sensor_bias_06,sensor_bias,2815,5.18000000,0.80000000,-0.13604787,1.56882643,9.00472955,-0.25342770,1.57255604,9.00472955
sensor_bias_06,sensor_bias,2815,5.20000000,0.80000000,-0.10062815,1.66616556,7.88047886,-0.21999760,1.67150504,7.88047886
sensor_bias_06,sensor_bias,2815,5.22000000,0.80000000,-0.06572992,1.74903240,6.83797651,-0.18504141,1.74780965,6.83797651
sensor_bias_06,sensor_bias,2815,5.24000000,0.80000000,-0.02988422,1.80976976,5.88906713,-0.14896831,1.80365484,5.88906713
sensor_bias_06,sensor_bias,2815,5.26000000,0.80000000,0.00435832,1.83096779,5.16671128,-0.11214128,1.84135165,5.16671128
sensor_bias_06,sensor_bias,2815,5.28000000,0.80000000,0.04123509,1.86852892,4.31512382,-0.07483326,1.86540085,4.31512382
sensor_bias_06,sensor_bias,2815,5.30000000,0.80000000,0.08074828,1.88175832,3.53773945,-0.03735183,1.87407147,3.53773945
sensor_bias_06,sensor_bias,2815,5.32000000,0.80000000,0.11974143,1.87268447,2.88123192,0.00003150,1.86916645,2.88123192
sensor_bias_06,sensor_bias,2815,5.34000000,0.80000000,0.15551476,1.85777633,2.31185259,0.03709596,1.85322279,2.31185259
sensor_bias_06,sensor_bias,2815,5.36000000,0.80000000,0.19791097,1.82653494,1.70492776,0.07365821,1.82811286,1.70492776
sensor_bias_06,sensor_bias,2815,5.38000000,0.80000000,0.23069742,1.78488971,1.32299796,0.10952851,1.79351504,1.32299796
sensor_bias_06,sensor_bias,2815,5.40000000,0.80000000,0.27033831,1.75922918,0.73776453,0.14460055,1.75360165,0.73776453
sensor_bias_06,sensor_bias,2815,5.42000000,0.80000000,0.29909920,1.70538397,0.48929446,0.17870228,1.70508662,0.48929446
sensor_bias_06,sensor_bias,2815,5.44000000,0.80000000,0.33328643,1.65788241,0.11143225,0.21178267,1.65401980,0.11143225
sensor_bias_06,sensor_bias,2815,5.46000000,0.80000000,0.36342619,1.59170528,-0.10019772,0.24374829,1.59828080,-0.10019772
sensor_bias_06,sensor_bias,2815,5.48000000,0.80000000,0.39552415,1.54608641,-0.44986683,0.27456571,1.54087079,-0.44986683
sensor_bias_06,sensor_bias,2815,5.50000000,0.80000000,0.42152072,1.48740120,-0.62437902,0.30415553,1.47949104,-0.62437902
sensor_bias_06,sensor_bias,2815,5.52000000,0.80000000,0.45608539,1.42539483,-0.93651117,0.33250094,1.41727063,-0.93651117
sensor_bias_06,sensor_bias,2815,5.54000000,0.80000000,0.47629827,1.35653850,-0.95606134,0.35953872,1.35188905,-0.95606134
sensor_bias_06,sensor_bias,2815,5.56000000,0.80000000,0.50902709,1.28704540,-1.19771459,0.38530776,1.28845216,-1.19771459
sensor_bias_06,sensor_bias,2815,5.58000000,0.80000000,0.52842774,1.21036598,-1.16352918,0.40976976,1.22309990,-1.16352918
sensor_bias_06,sensor_bias,2815,5.60000000,0.80000000,0.55678702,1.16262180,-1.43527536,0.43298194,1.16060883,-1.43527536
sensor_bias_06,sensor_bias,2815,5.62000000,0.80000000,0.57327828,1.09816250,-1.40982162,0.45489505,1.09565559,-1.40982162
sensor_bias_06,sensor_bias,2815,5.64000000,0.80000000,0.59672664,1.02592442,-1.47070155,0.47556306,1.03340055,-1.47070155
sensor_bias_06,sensor_bias,2815,5.66000000,0.80000000,0.62120063,0.97482558,-1.65573919,0.49500857,0.97227556,-1.65573919
sensor_bias_06,sensor_bias,2815,5.68000000,0.80000000,0.63680783,0.91505658,-1.63782384,0.51321100,0.91012131,-1.63782384
sensor_bias_06,sensor_bias,2815,5.70000000,0.80000000,0.65267281,0.84644443,-1.58033269,0.53021978,0.85043900,-1.58033269
sensor_bias_06,sensor_bias,2815,5.72000000,0.80000000,0.66392106,0.79050333,-1.50309583,0.54609614,0.79381821,-1.50309583
sensor_bias_06,sensor_bias,2815,5.74000000,0.80000000,0.68244902,0.74445421,-1.60635341,0.56090593,0.74048941,-1.60635341
sensor_bias_06,sensor_bias,2815,5.76000000,0.80000000,0.69736260,0.68850833,-1.59506842,0.57465105,0.68725602,-1.59506842
sensor_bias_06,sensor_bias,2815,5.78000000,0.80000000,0.70412433,0.63596243,-1.45405004,0.58737246,0.63607046,-1.45405004
sensor_bias_06,sensor_bias,2815,5.80000000,0.80000000,0.72038761,0.59906566,-1.56230519,0.59915399,0.58907652,-1.56230519
sensor_bias_06,sensor_bias,2815,5.82000000,0.80000000,0.72770775,0.54326578,-1.41506840,0.60999143,0.54187188,-1.41506840
sensor_bias_06,sensor_bias,2815,5.84000000,0.80000000,0.73629126,0.49904449,-1.34846517,0.61996796,0.49882630,-1.34846517
sensor_bias_06,sensor_bias,2815,5.86000000,0.80000000,0.75246969,0.44537349,-1.37132178,0.62913632,0.45841806,-1.37132178
sensor_bias_06,sensor_bias,2815,5.88000000,0.80000000,0.75925122,0.41708502,-1.35194711,0.63751687,0.41902775,-1.35194711
sensor_bias_06,sensor_bias,2815,5.90000000,0.80000000,0.75884033,0.38099478,-1.16409978,0.64514369,0.38134098,-1.16409978
sensor_bias_06,sensor_bias,2815,5.92000000,0.80000000,0.77502900,0.35270745,-1.31405931,0.65210719,0.34817499,-1.31405931
sensor_bias_06,sensor_bias,2815,5.94000000,0.80000000,0.78296058,0.31020232,-1.24430195,0.65837928,0.31360432,-1.24430195
sensor_bias_06,sensor_bias,2815,5.96000000,0.80000000,0.77801786,0.27878046,-0.99822380,0.66400787,0.28142949,-0.99822380
sensor_bias_06,sensor_bias,2815,5.98000000,0.80000000,0.78457152,0.25175925,-0.98108355,0.66909942,0.25457761,-0.98108355
sensor_bias_06,sensor_bias,2815,6.00000000,0.80000000,0.79281452,0.22788510,-1.01008681,0.67367850,0.22895417,-1.01008681
sensor_bias_06,sensor_bias,2815,6.02000000,0.80000000,0.79626366,0.20028383,-0.93416495,0.67775307,0.20372847,-0.93416495
sensor_bias_06,sensor_bias,2815,6.04000000,0.80000000,0.79844919,0.17369280,-0.84054935,0.68136664,0.18067820,-0.84054935
sensor_bias_06,sensor_bias,2815,6.06000000,0.80000000,0.80741563,0.15828554,-0.92490910,0.68456723,0.16002967,-0.92490910
sensor_bias_06,sensor_bias,2815,6.08000000,0.80000000,0.80963336,0.13970992,-0.87195004,0.68734044,0.13866032,-0.87195004
sensor_bias_06,sensor_bias,2815,6.10000000,0.80000000,0.81159476,0.11962578,-0.80683465,0.68971923,0.11893994,-0.80683465
sensor_bias_06,sensor_bias,2815,6.12000000,0.80000000,0.80615972,0.10401248,-0.63093728,0.69173961,0.10101861,-0.63093728
sensor_bias_06,sensor_bias,2815,6.14000000,0.80000000,0.81265921,0.09898616,-0.72279654,0.69347411,0.08672520,-0.72279654
sensor_bias_06,sensor_bias,2815,6.16000000,0.80000000,0.81190505,0.07426416,-0.58561163,0.69490134,0.07136145,-0.58561163
sensor_bias_06,sensor_bias,2815,6.18000000,0.80000000,0.81568296,0.04869290,-0.52575784,0.69607885,0.05887549,-0.52575784
sensor_bias_06,sensor_bias,2815,6.20000000,0.80000000,0.81948239,0.05422412,-0.62180358,0.69703578,0.04784664,-0.62180358
sensor_bias_06,sensor_bias,2815,6.22000000,0.80000000,0.81843765,0.04171542,-0.54045471,0.69774703,0.03556219,-0.54045471
sensor_bias_06,sensor_bias,2815,6.24000000,0.80000000,0.81568932,0.01959310,-0.38037331,0.69824892,0.02509485,-0.38037331
sensor_bias_06,sensor_bias,2815,6.26000000,0.80000000,0.82020318,0.02537516,-0.49053301,0.69860343,0.01772561,-0.49053301
sensor_bias_06,sensor_bias,2815,6.28000000,0.80000000,0.81362111,0.00270281,-0.25869393,0.69877808,0.00873225,-0.25869393
sensor_bias_06,sensor_bias,2815,6.30000000,0.80000000,0.81665456,0.00068236,-0.30319379,0.69885830,0.00401085,-0.30319379
sensor_bias_06,sensor_bias,2815,6.32000000,0.80000000,0.82001499,-0.00136685,-0.35343565,0.69883218,-0.00130582,-0.35343565
sensor_bias_06,sensor_bias,2815,6.34000000,0.80000000,0.81970766,-0.01120295,-0.29872318,0.69868628,-0.00729507,-0.29872318
sensor_bias_06,sensor_bias,2815,6.36000000,0.80000000,0.82140632,-0.01120381,-0.32929466,0.69844345,-0.01214140,-0.32929466
sensor_bias_06,sensor_bias,2815,6.38000000,0.80000000,0.82032725,-0.02022051,-0.26478791,0.69809663,-0.01734084,-0.26478791
sensor_bias_06,sensor_bias,2815,6.40000000,0.80000000,0.82131097,-0.01466252,-0.31028484,0.69767148,-0.02125765,-0.31028484
sensor_bias_06,sensor_bias,2815,6.42000000,0.80000000,0.81977502,-0.02999075,-0.20599667,0.69715519,-0.02581481,-0.20599667
sensor_bias_06,sensor_bias,2815,6.44000000,0.80000000,0.81315914,-0.02961966,-0.08876616,0.69658654,-0.02843248,-0.08876616
sensor_bias_06,sensor_bias,2815,6.46000000,0.80000000,0.81616826,-0.03704624,-0.10579750,0.69600739,-0.02895726,-0.10579750
sensor_bias_06,sensor_bias,2815,6.48000000,0.80000000,0.81235835,-0.03387825,-0.05305909,0.69541230,-0.02975456,-0.05305909
sensor_bias_06,sensor_bias,2815,6.50000000,0.80000000,0.81117831,-0.02005482,-0.10093548,0.69481983,-0.02962359,-0.10093548
sensor_bias_06,sensor_bias,2815,6.52000000,0.80000000,0.81319452,-0.03884485,-0.04327711,0.69421353,-0.03031466,-0.04327711
sensor_bias_06,sensor_bias,2815,6.54000000,0.80000000,0.81601677,-0.02515956,-0.16250415,0.69361359,-0.02999715,-0.16250415
sensor_bias_06,sensor_bias,2815,6.56000000,0.80000000,0.80759592,-0.02477899,-0.01283164,0.69297906,-0.03172645,-0.01283164
sensor_bias_06,sensor_bias,2815,6.58000000,0.80000000,0.80762653,-0.02827324,0.00408865,0.69236226,-0.03083989,0.00408865
sensor_bias_06,sensor_bias,2815,6.60000000,0.80000000,0.81450971,-0.02874947,-0.11742746,0.69176836,-0.02969533,-0.11742746
sensor_bias_06,sensor_bias,2815,6.62000000,0.80000000,0.81112356,-0.02526210,-0.07391360,0.69115505,-0.03066548,-0.07391360
sensor_bias_06,sensor_bias,2815,6.64000000,0.80000000,0.80624955,-0.03212213,0.04811869,0.69053787,-0.03085885,0.04811869
sensor_bias_06,sensor_bias,2815,6.66000000,0.80000000,0.81294317,-0.03768695,-0.04454225,0.68995863,-0.02896183,-0.04454225
sensor_bias_06,sensor_bias,2815,6.68000000,0.80000000,0.80973429,-0.02703053,-0.04006452,0.68938437,-0.02871307,-0.04006452
sensor_bias_06,sensor_bias,2815,6.70000000,0.80000000,0.81145276,-0.01512970,-0.13050126,0.68881644,-0.02839652,-0.13050126
sensor_bias_06,sensor_bias,2815,6.72000000,0.80000000,0.80719179,-0.04395494,0.09032256,0.68822374,-0.02963516,0.09032256
sensor_bias_06,sensor_bias,2815,6.74000000,0.80000000,0.81170711,-0.02431645,-0.08914565,0.68768254,-0.02706018,-0.08914565
sensor_bias_06,sensor_bias,2815,6.76000000,0.80000000,0.80948737,-0.03220886,-0.00972839,0.68712975,-0.02763927,-0.00972839
sensor_bias_06,sensor_bias,2815,6.78000000,0.80000000,0.80659202,-0.02211670,-0.00807282,0.68659291,-0.02684216,-0.00807282
sensor_bias_06,sensor_bias,2815,6.80000000,0.80000000,0.80730225,-0.03066755,0.02189719,0.68607202,-0.02604457,0.02189719
sensor_bias_06,sensor_bias,2815,6.82000000,0.80000000,0.80753008,-0.02438807,-0.01360118,0.68557676,-0.02476305,-0.01360118
sensor_bias_06,sensor_bias,2815,6.84000000,0.80000000,0.80498087,-0.02515147,0.03610159,0.68509411,-0.02413230,0.03610159
sensor_bias_06,sensor_bias,2815,6.86000000,0.80000000,0.80905353,-0.02321964,-0.04686531,0.68464061,-0.02267489,-0.04686531
sensor_bias_06,sensor_bias,2815,6.88000000,0.80000000,0.80342783,-0.02920211,0.08430965,0.68418691,-0.02268488,0.08430965
sensor_bias_06,sensor_bias,2815,6.90000000,0.80000000,0.79941607,-0.02439443,0.13248282,0.68377782,-0.02045478,0.13248282
sensor_bias_06,sensor_bias,2815,6.92000000,0.80000000,0.80406738,-0.01159698,-0.01522805,0.68342822,-0.01747986,-0.01522805
sensor_bias_06,sensor_bias,2815,6.94000000,0.80000000,0.80233544,-0.02026789,0.05930148,0.68308561,-0.01713071,0.05930148
sensor_bias_06,sensor_bias,2815,6.96000000,0.80000000,0.79882666,-0.01878670,0.11505368,0.68277518,-0.01552116,0.11505368
sensor_bias_06,sensor_bias,2815,6.98000000,0.80000000,0.80486690,-0.02136092,0.01920033,0.68251487,-0.01301577,0.01920033
sensor_bias_06,sensor_bias,2815,7.00000000,0.80000000,0.79855923,0.00146890,0.01858942,0.68227018,-0.01223434,0.01858942
sensor_bias_06,sensor_bias,2815,7.02000000,0.80000000,0.79956999,-0.00097747,0.01262754,0.68204037,-0.01149058,0.01262754
sensor_bias_06,sensor_bias,2815,7.04000000,0.80000000,0.80377608,-0.01220556,-0.00694172,0.68182288,-0.01087453,-0.00694172
sensor_bias_06,sensor_bias,2815,7.06000000,0.80000000,0.79891343,-0.00311419,0.03512927,0.68161060,-0.01061408,0.03512927
sensor_bias_06,sensor_bias,2815,7.08000000,0.80000000,0.80057178,-0.01556017,0.06750886,0.68141771,-0.00964437,0.06750886
sensor_bias_06,sensor_bias,2815,7.10000000,0.80000000,0.79909087,-0.01225353,0.07763198,0.68125460,-0.00815559,0.07763198
sensor_bias_06,sensor_bias,2815,7.12000000,0.80000000,0.80199771,-0.01111036,0.01959300,0.68112368,-0.00654584,0.01959300
sensor_bias_06,sensor_bias,2815,7.14000000,0.80000000,0.80002932,0.01013161,-0.05118590,0.68100402,-0.00598318,-0.05118590
sensor_bias_06,sensor_bias,2815,7.16000000,0.80000000,0.80272586,-0.01072394,0.00455414,0.68087105,-0.00664864,0.00455414
sensor_bias_06,sensor_bias,2815,7.18000000,0.80000000,0.79707173,0.00169834,0.04421722,0.68074426,-0.00633918,0.04421722
sensor_bias_06,sensor_bias,2815,7.20000000,0.80000000,0.79304058,0.00717569,0.08939115,0.68063700,-0.00536328,0.08939115
sensor_bias_06,sensor_bias,2815,7.22000000,0.80000000,0.79864411,-0.00331338,0.04097284,0.68056400,-0.00365006,0.04097284
sensor_bias_06,sensor_bias,2815,7.24000000,0.80000000,0.79853561,-0.00296455,0.04118172,0.68050753,-0.00282326,0.04118172
sensor_bias_06,sensor_bias,2815,7.26000000,0.80000000,0.80075228,-0.01227163,0.04781718,0.68046710,-0.00202171,0.04781718
sensor_bias_06,sensor_bias,2815,7.28000000,0.80000000,0.80340937,-0.00864671,-0.01813507,0.68044440,-0.00113480,-0.01813507
sensor_bias_06,sensor_bias,2815,7.30000000,0.80000000,0.79769498,-0.00348816,0.05893108,0.68041630,-0.00140490,0.05893108
sensor_bias_06,sensor_bias,2815,7.32000000,0.80000000,0.79873483,-0.01110795,0.07831275,0.68040931,-0.00034972,0.07831275
sensor_bias_06,sensor_bias,2815,7.34000000,0.80000000,0.80231184,0.00951622,-0.08919424,0.68042930,0.00099962,-0.08919424
sensor_bias_06,sensor_bias,2815,7.36000000,0.80000000,0.79938800,0.00455096,-0.01173881,0.68041814,-0.00055816,-0.01173881
sensor_bias_06,sensor_bias,2815,7.38000000,0.80000000,0.80502297,-0.01388388,-0.02099406,0.68040335,-0.00073915,-0.02099406
sensor_bias_06,sensor_bias,2815,7.40000000,0.80000000,0.79969930,0.00517722,-0.02047340,0.68038192,-0.00107185,-0.02047340
sensor_bias_06,sensor_bias,2815,7.42000000,0.80000000,0.79950591,0.00405453,-0.01137901,0.68035423,-0.00138407,-0.01137901
sensor_bias_06,sensor_bias,2815,7.44000000,0.80000000,0.79852580,0.00759174,-0.01142304,0.68032363,-0.00153013,-0.01142304
sensor_bias_06,sensor_bias,2815,7.46000000,0.80000000,0.80608900,0.00407652,-0.12998457,0.68029020,-0.00167185,-0.12998457
sensor_bias_06,sensor_bias,2815,7.48000000,0.80000000,0.80128692,-0.00249153,-0.01070685,0.68021353,-0.00383301,-0.01070685
sensor_bias_06,sensor_bias,2815,7.50000000,0.80000000,0.80235031,-0.01149141,0.01515146,0.68013589,-0.00388225,0.01515146
sensor_bias_06,sensor_bias,2815,7.52000000,0.80000000,0.79971863,-0.00096085,0.00986883,0.68006612,-0.00348825,0.00986883
sensor_bias_06,sensor_bias,2815,7.54000000,0.80000000,0.79899261,0.01507056,-0.05721971,0.68000216,-0.00319818,-0.05721971
sensor_bias_06,sensor_bias,2815,7.56000000,0.80000000,0.79786444,0.01278429,-0.02548138,0.67992089,-0.00406373,-0.02548138
sensor_bias_06,sensor_bias,2815,7.58000000,0.80000000,0.79921434,-0.01229432,0.07561349,0.67983374,-0.00435719,0.07561349
sensor_bias_06,sensor_bias,2815,7.60000000,0.80000000,0.80214104,0.00074987,-0.04228812,0.67977546,-0.00291428,-0.04228812
sensor_bias_06,sensor_bias,2815,7.62000000,0.80000000,0.80208722,-0.00672294,-0.00395525,0.67970476,-0.00353477,-0.00395525
sensor_bias_06,sensor_bias,2815,7.64000000,0.80000000,0.79250293,-0.00921567,0.18102556,0.67963518,-0.00347912,0.18102556
sensor_bias_06,sensor_bias,2815,7.66000000,0.80000000,0.80265799,0.00717906,-0.08373921,0.67962984,-0.00026694,-0.08373921
sensor_bias_06,sensor_bias,2815,7.68000000,0.80000000,0.80178646,0.00532877,-0.05880020,0.67959609,-0.00168745,-0.05880020
sensor_bias_06,sensor_bias,2815,7.70000000,0.80000000,0.79999256,0.00074357,-0.00358391,0.67954344,-0.00263263,-0.00358391
sensor_bias_06,sensor_bias,2815,7.72000000,0.80000000,0.79599772,-0.01382302,0.14115616,0.67949140,-0.00260208,0.14115616
sensor_bias_06,sensor_bias,2815,7.74000000,0.80000000,0.79895408,0.00293573,0.00414787,0.67948937,-0.00010122,0.00414787
sensor_bias_06,sensor_bias,2815,7.76000000,0.80000000,0.79473328,0.00036129,0.09299448,0.67948884,-0.00002687,0.09299448
sensor_bias_06,sensor_bias,2815,7.78000000,0.80000000,0.80192244,0.00825764,-0.07589214,0.67952007,0.00156191,-0.07589214
sensor_bias_06,sensor_bias,2815,7.80000000,0.80000000,0.79440505,0.00487366,0.07634084,0.67952431,0.00021165,0.07634084
sensor_bias_06,sensor_bias,2815,7.82000000,0.80000000,0.79770485,0.00360664,0.02327954,0.67955446,0.00150776,0.02327954
sensor_bias_06,sensor_bias,2815,7.84000000,0.80000000,0.80312905,-0.00118660,-0.05038990,0.67959152,0.00185270,-0.05038990
sensor_bias_06,sensor_bias,2815,7.86000000,0.80000000,0.79803046,-0.00396773,0.05529043,0.67961007,0.00092775,0.05529043
sensor_bias_06,sensor_bias,2815,7.88000000,0.80000000,0.79733613,-0.00130976,0.05449851,0.67964686,0.00183948,0.05449851
sensor_bias_06,sensor_bias,2815,7.90000000,0.80000000,0.80216592,0.00888046,-0.08338890,0.67970098,0.00270591,-0.08338890
sensor_bias_06,sensor_bias,2815,7.92000000,0.80000000,0.79633077,0.00550555,0.03851843,0.67972473,0.00118778,0.03851843
sensor_bias_06,sensor_bias,2815,7.94000000,0.80000000,0.80193645,-0.00810631,0.00567547,0.67976082,0.00180408,0.00567547
sensor_bias_06,sensor_bias,2815,7.96000000,0.80000000,0.80119354,0.00226849,-0.03282617,0.67979758,0.00183811,-0.03282617
sensor_bias_06,sensor_bias,2815,7.98000000,0.80000000,0.80070065,-0.00078146,-0.03282617,0.67982185,0.00121356,-0.03282617
sensor_bias_07,sensor_bias,2816,0.00000000,0.00000000,0.12078897,-0.00239515,-2.16222574,0.00000000,0.00000000,-2.16222574
sensor_bias_07,sensor_bias,2816,0.02000000,0.00000000,0.11931929,-0.04521750,-1.92165975,-0.00074163,-0.03708171,-1.92165975
sensor_bias_07,sensor_bias,2816,0.04000000,0.00000000,0.11603679,-0.07852639,-1.69603023,-0.00211687,-0.06876163,-1.69603023
sensor_bias_07,sensor_bias,2816,0.06000000,0.00000000,0.11611174,-0.09588435,-1.61058950,-0.00402650,-0.09548181,-1.61058950
sensor_bias_07,sensor_bias,2816,0.08000000,0.00000000,0.11462883,-0.11374815,-1.49457827,-0.00642285,-0.11981715,-1.49457827
sensor_bias_07,sensor_bias,2816,0.10000000,0.00000000,0.10839831,-0.13336937,-1.28432279,-0.00924935,-0.14132544,-1.28432279
sensor_bias_07,sensor_bias,2816,0.12000000,0.00000000,0.10204687,-0.15972206,-1.03823337,-0.01241911,-0.15848771,-1.03823337
sensor_bias_07,sensor_bias,2816,0.14000000,0.00000000,0.10129925,-0.17155208,-0.96562604,-0.01583589,-0.17083896,-0.96562604
sensor_bias_07,sensor_bias,2816,0.16000000,0.00000000,0.09998769,-0.16791030,-0.96022688,-0.01946629,-0.18151996,-0.96022688
sensor_bias_07,sensor_bias,2816,0.18000000,0.00000000,0.09601824,-0.19578279,-0.74941445,-0.02330110,-0.19174079,-0.74941445
sensor_bias_07,sensor_bias,2816,0.20000000,0.00000000,0.09366096,-0.19780037,-0.69689537,-0.02726099,-0.19799449,-0.69689537
sensor_bias_07,sensor_bias,2816,0.22000000,0.00000000,0.09314593,-0.20314638,-0.66089484,-0.03132364,-0.20313228,-0.66089484
sensor_bias_07,sensor_bias,2816,0.24000000,0.00000000,0.08758730,-0.20781785,-0.53748219,-0.03547316,-0.20747586,-0.53748219
sensor_bias_07,sensor_bias,2816,0.26000000,0.00000000,0.08307765,-0.21026995,-0.44404787,-0.03966423,-0.20955346,-0.44404787
sensor_bias_07,sensor_bias,2816,0.28000000,0.00000000,0.07665895,-0.22006998,-0.27951121,-0.04386337,-0.20995718,-0.27951121
sensor_bias_07,sensor_bias,2816,0.30000000,0.00000000,0.07468992,-0.21090889,-0.28987419,-0.04801387,-0.20752524,-0.28987419
sensor_bias_07,sensor_bias,2816,0.32000000,0.00000000,0.07122499,-0.21118791,-0.22611024,-0.05212097,-0.20535471,-0.22611024
sensor_bias_07,sensor_bias,2816,0.34000000,0.00000000,0.06864524,-0.19762251,-0.24750175,-0.05616427,-0.20216534,-0.24750175
sensor_bias_07,sensor_bias,2816,0.36000000,0.00000000,0.06078415,-0.21188645,-0.03468242,-0.06015333,-0.19945259,-0.03468242
sensor_bias_07,sensor_bias,2816,0.38000000,0.00000000,0.05534743,-0.18360538,-0.07822677,-0.06401699,-0.19318340,-0.07822677
sensor_bias_07,sensor_bias,2816,0.40000000,0.00000000,0.04961710,-0.19096866,0.06173552,-0.06777453,-0.18787672,0.06173552
sensor_bias_07,sensor_bias,2816,0.42000000,0.00000000,0.05013195,-0.18656016,0.03042561,-0.07138158,-0.18035235,0.03042561
sensor_bias_07,sensor_bias,2816,0.44000000,0.00000000,0.04312517,-0.16501874,0.04884063,-0.07485405,-0.17362389,0.04884063
sensor_bias_07,sensor_bias,2816,0.46000000,0.00000000,0.04272721,-0.17105299,0.08617511,-0.07819028,-0.16681116,0.08617511
sensor_bias_07,sensor_bias,2816,0.48000000,0.00000000,0.03578704,-0.15803919,0.14602923,-0.08138213,-0.15959261,0.14602923
sensor_bias_07,sensor_bias,2816,0.50000000,0.00000000,0.03774627,-0.15800430,0.11058874,-0.08441405,-0.15159599,0.11058874
sensor_bias_07,sensor_bias,2816,0.52000000,0.00000000,0.03303230,-0.15140150,0.16242615,-0.08730370,-0.14448237,0.16242615
sensor_bias_07,sensor_bias,2816,0.54000000,0.00000000,0.03036989,-0.13632841,0.13498398,-0.09003819,-0.13672456,0.13498398
sensor_bias_07,sensor_bias,2816,0.56000000,0.00000000,0.02485545,-0.13916705,0.24843718,-0.09263227,-0.12970435,0.24843718
sensor_bias_07,sensor_bias,2816,0.58000000,0.00000000,0.02886908,-0.12550587,0.10788584,-0.09505188,-0.12098004,0.10788584
sensor_bias_07,sensor_bias,2816,0.60000000,0.00000000,0.02473353,-0.12369025,0.17324771,-0.09735120,-0.11496639,0.17324771
sensor_bias_07,sensor_bias,2816,0.62000000,0.00000000,0.02018604,-0.11272384,0.20027051,-0.09951198,-0.10803876,0.20027051
sensor_bias_07,sensor_bias,2816,0.64000000,0.00000000,0.01822906,-0.10999026,0.22182815,-0.10152970,-0.10088610,0.22182815
sensor_bias_07,sensor_bias,2816,0.66000000,0.00000000,0.01836973,-0.09657203,0.15220502,-0.10340190,-0.09360989,0.15220502
sensor_bias_07,sensor_bias,2816,0.68000000,0.00000000,0.01657899,-0.07453406,0.07424855,-0.10515746,-0.08777810,0.07424855
sensor_bias_07,sensor_bias,2816,0.70000000,0.00000000,0.01434137,-0.08852736,0.18449210,-0.10682714,-0.08348394,0.18449210
sensor_bias_07,sensor_bias,2816,0.72000000,0.00000000,0.01050063,-0.07786522,0.20031467,-0.10837608,-0.07744691,0.20031467
sensor_bias_07,sensor_bias,2816,0.74000000,0.00000000,0.01563158,-0.07920596,0.11466144,-0.10980300,-0.07134629,0.11466144
sensor_bias_07,sensor_bias,2816,0.76000000,0.00000000,0.01085583,-0.06833994,0.14629475,-0.11114149,-0.06692454,0.14629475
sensor_bias_07,sensor_bias,2816,0.78000000,0.00000000,0.00693749,-0.06701136,0.21018204,-0.11238374,-0.06211247,0.21018204
sensor_bias_07,sensor_bias,2816,0.80000000,0.00000000,0.00492005,-0.04428072,0.13284277,-0.11351115,-0.05637034,0.13284277
sensor_bias_07,sensor_bias,2816,0.82000000,0.00000000,0.00591825,-0.06401709,0.21355700,-0.11455419,-0.05215218,0.21355700
sensor_bias_07,sensor_bias,2816,0.84000000,0.00000000,0.00466625,-0.05020908,0.16705289,-0.11548809,-0.04669495,0.16705289
sensor_bias_07,sensor_bias,2816,0.86000000,0.00000000,0.00138515,-0.03936460,0.17189034,-0.11633255,-0.04222306,0.17189034
sensor_bias_07,sensor_bias,2816,0.88000000,0.00000000,0.00548482,-0.03759302,0.08923825,-0.11708900,-0.03782211,0.08923825
sensor_bias_07,sensor_bias,2816,0.90000000,0.00000000,0.00030107,-0.03003469,0.14475419,-0.11778880,-0.03499007,0.14475419
sensor_bias_07,sensor_bias,2816,0.92000000,0.00000000,0.00461872,-0.03995252,0.11662563,-0.11841487,-0.03130342,0.11662563
sensor_bias_07,sensor_bias,2816,0.94000000,0.00000000,-0.00201520,-0.02588256,0.16568644,-0.11897939,-0.02822603,0.16568644
sensor_bias_07,sensor_bias,2816,0.96000000,0.00000000,0.00075858,-0.03829747,0.17783294,-0.11946765,-0.02441317,0.17783294
sensor_bias_07,sensor_bias,2816,0.98000000,0.00000000,-0.00348749,-0.01812250,0.15338736,-0.11987811,-0.02052321,0.15338736
sensor_bias_07,sensor_bias,2816,1.00000000,0.50000000,0.00599091,-0.01801947,8.98226094,-0.12022184,-0.01718636,8.98226094
sensor_bias_07,sensor_bias,2816,1.02000000,0.50000000,0.00701298,0.13648451,8.19134387,-0.11747286,0.13744895,8.19134387
sensor_bias_07,sensor_bias,2816,1.04000000,0.50000000,0.00743001,0.26534728,7.53952347,-0.11200889,0.27319855,7.53952347
sensor_bias_07,sensor_bias,2816,1.06000000,0.50000000,0.01966388,0.39451296,6.67348528,-0.10414693,0.39309787,6.67348528
sensor_bias_07,sensor_bias,2816,1.08000000,0.50000000,0.02425642,0.50097503,6.05850930,-0.09426656,0.49401858,6.05850930
sensor_bias_07,sensor_bias,2816,1.10000000,0.50000000,0.03580350,0.58442918,5.43339113,-0.08264817,0.58091949,5.43339113
sensor_bias_07,sensor_bias,2816,1.12000000,0.50000000,0.04649318,0.66188116,4.85371704,-0.06956599,0.65410913,4.85371704
sensor_bias_07,sensor_bias,2816,1.14000000,0.50000000,0.06272192,0.71382070,4.30190187,-0.05526922,0.71483872,4.30190187
sensor_bias_07,sensor_bias,2816,1.16000000,0.50000000,0.07734449,0.76178004,3.79889905,-0.03998892,0.76401484,3.79889905
sensor_bias_07,sensor_bias,2816,1.18000000,0.50000000,0.09504321,0.80480972,3.26517369,-0.02393147,0.80287222,3.26517369
sensor_bias_07,sensor_bias,2816,1.20000000,0.50000000,0.11142639,0.83478490,2.82040043,-0.00730669,0.83123908,2.82040043
sensor_bias_07,sensor_bias,2816,1.22000000,0.50000000,0.13391260,0.85839125,2.29761700,0.00971335,0.85100195,2.29761700
sensor_bias_07,sensor_bias,2816,1.24000000,0.50000000,0.15156329,0.85822036,1.98075903,0.02693573,0.86111907,1.98075903
sensor_bias_07,sensor_bias,2816,1.26000000,0.50000000,0.16550928,0.86346860,1.70348998,0.04424481,0.86545398,1.70348998
sensor_bias_07,sensor_bias,2816,1.28000000,0.50000000,0.17880556,0.87252719,1.41886401,0.06154250,0.86488459,1.41886401
sensor_bias_07,sensor_bias,2816,1.30000000,0.50000000,0.20288661,0.85149293,1.09057635,0.07873157,0.85945353,1.09057635
sensor_bias_07,sensor_bias,2816,1.32000000,0.50000000,0.21880918,0.85015415,0.81066407,0.09570316,0.84857931,0.81066407
sensor_bias_07,sensor_bias,2816,1.34000000,0.50000000,0.23156074,0.81596350,0.75208927,0.11236873,0.83327888,0.75208927
sensor_bias_07,sensor_bias,2816,1.36000000,0.50000000,0.24449742,0.82835203,0.45728632,0.12871874,0.81750046,0.45728632
sensor_bias_07,sensor_bias,2816,1.38000000,0.50000000,0.26692287,0.80237313,0.18352275,0.14466293,0.79720923,0.18352275
sensor_bias_07,sensor_bias,2816,1.40000000,0.50000000,0.27671486,0.77231312,0.15756692,0.16012135,0.77292132,0.15756692
sensor_bias_07,sensor_bias,2816,1.42000000,0.50000000,0.29706986,0.76064849,-0.15049990,0.17510184,0.74902412,-0.15049990
sensor_bias_07,sensor_bias,2816,1.44000000,0.50000000,0.31160914,0.72562795,-0.23710419,0.18951516,0.72066604,-0.23710419
sensor_bias_07,sensor_bias,2816,1.46000000,0.50000000,0.32326637,0.69340560,-0.28582262,0.20335113,0.69179864,-0.28582262
sensor_bias_07,sensor_bias,2816,1.48000000,0.50000000,0.33654047,0.66655779,-0.39051741,0.21661291,0.66308917,-0.39051741
sensor_bias_07,sensor_bias,2816,1.50000000,0.50000000,0.35379971,0.62779357,-0.50736271,0.22928436,0.63357222,-0.50736271
sensor_bias_07,sensor_bias,2816,1.52000000,0.50000000,0.35735452,0.60521496,-0.45845616,0.24134570,0.60306721,-0.45845616
sensor_bias_07,sensor_bias,2816,1.54000000,0.50000000,0.36946605,0.57965034,-0.54864055,0.25283472,0.57445073,-0.54864055
sensor_bias_07,sensor_bias,2816,1.56000000,0.50000000,0.38240981,0.53903613,-0.57855729,0.26374016,0.54527242,-0.57855729
sensor_bias_07,sensor_bias,2816,1.58000000,0.50000000,0.39647453,0.50310707,-0.65207683,0.27407187,0.51658520,-0.65207683
sensor_bias_07,sensor_bias,2816,1.60000000,0.50000000,0.40596054,0.48263906,-0.72048505,0.28382436,0.48762437,-0.72048505
sensor_bias_07,sensor_bias,2816,1.62000000,0.50000000,0.41439630,0.45293576,-0.72381219,0.29299410,0.45848702,-0.72381219
sensor_bias_07,sensor_bias,2816,1.64000000,0.50000000,0.42525333,0.42751026,-0.79211125,0.30160000,0.43029535,-0.79211125
sensor_bias_07,sensor_bias,2816,1.66000000,0.50000000,0.43403538,0.39880392,-0.80665645,0.30963805,0.40190256,-0.80665645
sensor_bias_07,sensor_bias,2816,1.68000000,0.50000000,0.42904792,0.37134998,-0.57961246,0.31712280,0.37423744,-0.57961246
sensor_bias_07,sensor_bias,2816,1.70000000,0.50000000,0.44195722,0.35423787,-0.72641939,0.32415117,0.35141814,-0.72641939
sensor_bias_07,sensor_bias,2816,1.72000000,0.50000000,0.44805768,0.32870984,-0.70858743,0.33068849,0.32686644,-0.70858743
sensor_bias_07,sensor_bias,2816,1.74000000,0.50000000,0.45841175,0.30558452,-0.77933411,0.33675780,0.30346548,-0.77933411
sensor_bias_07,sensor_bias,2816,1.76000000,0.50000000,0.46667426,0.27464072,-0.77334018,0.34235094,0.27965656,-0.77334018
sensor_bias_07,sensor_bias,2816,1.78000000,0.50000000,0.46946968,0.26490700,-0.77498926,0.34748633,0.25676980,-0.77498926
sensor_bias_07,sensor_bias,2816,1.80000000,0.50000000,0.47475930,0.23179239,-0.70462937,0.35217918,0.23464238,-0.70462937
sensor_bias_07,sensor_bias,2816,1.82000000,0.50000000,0.47833012,0.21757863,-0.69783526,0.35646884,0.21448312,-0.69783526
sensor_bias_07,sensor_bias,2816,1.84000000,0.50000000,0.47527524,0.20089406,-0.55942460,0.36037152,0.19513413,-0.55942460
sensor_bias_07,sensor_bias,2816,1.86000000,0.50000000,0.48330333,0.17746058,-0.58676278,0.36394802,0.17882474,-0.58676278
sensor_bias_07,sensor_bias,2816,1.88000000,0.50000000,0.48598692,0.15519540,-0.52374158,0.36720017,0.16260778,-0.52374158
sensor_bias_07,sensor_bias,2816,1.90000000,0.50000000,0.49020963,0.14678068,-0.55767680,0.37016077,0.14802972,-0.55767680
sensor_bias_07,sensor_bias,2816,1.92000000,0.50000000,0.48850297,0.12863417,-0.43622435,0.37282820,0.13337136,-0.43622435
sensor_bias_07,sensor_bias,2816,1.94000000,0.50000000,0.49239201,0.11961210,-0.46111666,0.37525420,0.12130034,-0.46111666
sensor_bias_07,sensor_bias,2816,1.96000000,0.50000000,0.49337606,0.10730594,-0.41729875,0.37743856,0.10921784,-0.41729875
sensor_bias_07,sensor_bias,2816,1.98000000,0.50000000,0.49992737,0.10146297,-0.50600755,0.37940461,0.09830262,-0.50600755
sensor_bias_07,sensor_bias,2816,2.00000000,0.50000000,0.49794117,0.08698092,-0.39784558,0.38112945,0.08624169,-0.39784558
sensor_bias_07,sensor_bias,2816,2.02000000,0.50000000,0.49981222,0.06003537,-0.29679674,0.38265846,0.07645079,-0.29679674
sensor_bias_07,sensor_bias,2816,2.04000000,0.50000000,0.50906916,0.07041432,-0.51531644,0.38403306,0.06872980,-0.51531644
sensor_bias_07,sensor_bias,2816,2.06000000,0.50000000,0.50428189,0.05503425,-0.35224533,0.38518360,0.05752696,-0.35224533
sensor_bias_07,sensor_bias,2816,2.08000000,0.50000000,0.50909632,0.04158821,-0.37167474,0.38617372,0.04950628,-0.37167474
sensor_bias_07,sensor_bias,2816,2.10000000,0.50000000,0.51014958,0.04393270,-0.40235600,0.38700229,0.04142842,-0.40235600
sensor_bias_07,sensor_bias,2816,2.12000000,0.50000000,0.50723872,0.03449406,-0.30276735,0.38766434,0.03310238,-0.30276735
sensor_bias_07,sensor_bias,2816,2.14000000,0.50000000,0.50620607,0.01929261,-0.20817231,0.38819975,0.02677079,-0.20817231
sensor_bias_07,sensor_bias,2816,2.16000000,0.50000000,0.50965842,0.01872691,-0.26748605,0.38864534,0.02227939,-0.26748605
sensor_bias_07,sensor_bias,2816,2.18000000,0.50000000,0.51472456,0.02039788,-0.36703152,0.38898385,0.01692533,-0.36703152
sensor_bias_07,sensor_bias,2816,2.20000000,0.50000000,0.50900280,0.02323945,-0.27824762,0.38918482,0.01004835,-0.27824762
sensor_bias_07,sensor_bias,2816,2.22000000,0.50000000,0.51263158,0.01005513,-0.27764411,0.38928343,0.00493066,-0.27764411
sensor_bias_07,sensor_bias,2816,2.24000000,0.50000000,0.51287670,0.00197762,-0.24166875,0.38928342,-0.00000056,-0.24166875
sensor_bias_07,sensor_bias,2816,2.26000000,0.50000000,0.51426157,-0.00704213,-0.22149771,0.38920052,-0.00414511,-0.22149771
sensor_bias_07,sensor_bias,2816,2.28000000,0.50000000,0.50811357,-0.01837449,-0.05417181,0.38904449,-0.00780110,-0.05417181
sensor_bias_07,sensor_bias,2816,2.30000000,0.50000000,0.50935842,-0.02291766,-0.05386326,0.38887526,-0.00846167,-0.05386326
sensor_bias_07,sensor_bias,2816,2.32000000,0.50000000,0.51189484,-0.00722665,-0.17797379,0.38869338,-0.00909421,-0.17797379
sensor_bias_07,sensor_bias,2816,2.34000000,0.50000000,0.51470537,-0.01091319,-0.21013068,0.38845671,-0.01183345,-0.21013068
sensor_bias_07,sensor_bias,2816,2.36000000,0.50000000,0.51055424,-0.00452371,-0.16735777,0.38815611,-0.01502991,-0.16735777
sensor_bias_07,sensor_bias,2816,2.38000000,0.50000000,0.51178992,-0.02717653,-0.07633587,0.38780845,-0.01738282,-0.07633587
sensor_bias_07,sensor_bias,2816,2.40000000,0.50000000,0.50884172,-0.02491996,-0.03455120,0.38744658,-0.01809375,-0.03455120
sensor_bias_07,sensor_bias,2816,2.42000000,0.50000000,0.50675113,-0.02243634,-0.00933859,0.38708531,-0.01806361,-0.00933859
sensor_bias_07,sensor_bias,2816,2.44000000,0.50000000,0.49998378,-0.00774507,0.03901736,0.38673326,-0.01760212,0.03901736
sensor_bias_07,sensor_bias,2816,2.46000000,0.50000000,0.50489491,-0.02484843,0.03613375,0.38640672,-0.01632722,0.03613375
sensor_bias_07,sensor_bias,2816,2.48000000,0.50000000,0.50453523,-0.02196733,0.02820257,0.38610381,-0.01514565,0.02820257
sensor_bias_07,sensor_bias,2816,2.50000000,0.50000000,0.50534597,-0.02592736,0.03340926,0.38582099,-0.01414075,0.03340926
sensor_bias_07,sensor_bias,2816,2.52000000,0.50000000,0.50572006,-0.00723084,-0.06680680,0.38555937,-0.01308115,-0.06680680
sensor_bias_07,sensor_bias,2816,2.54000000,0.50000000,0.50642601,-0.02543684,0.01151607,0.38528383,-0.01377670,0.01151607
sensor_bias_07,sensor_bias,2816,2.56000000,0.50000000,0.50548656,-0.00492647,-0.07412571,0.38502173,-0.01310508,-0.07412571
sensor_bias_07,sensor_bias,2816,2.58000000,0.50000000,0.50891018,-0.01783022,-0.07123219,0.38474323,-0.01392532,-0.07123219
sensor_bias_07,sensor_bias,2816,2.60000000,0.50000000,0.50541902,-0.01709915,-0.01204665,0.38444987,-0.01466771,-0.01204665
sensor_bias_07,sensor_bias,2816,2.62000000,0.50000000,0.50277302,-0.00345199,-0.03265445,0.38416248,-0.01436953,-0.03265445
sensor_bias_07,sensor_bias,2816,2.64000000,0.50000000,0.50288411,-0.00978681,-0.00297993,0.38387378,-0.01443503,-0.00297993
sensor_bias_07,sensor_bias,2816,2.66000000,0.50000000,0.50409166,-0.01639140,0.00830721,0.38359399,-0.01398937,0.00830721
sensor_bias_07,sensor_bias,2816,2.68000000,0.50000000,0.50277626,-0.01481399,0.02409721,0.38332668,-0.01336547,0.02409721
sensor_bias_07,sensor_bias,2816,2.70000000,0.50000000,0.50217170,-0.00787143,0.00026650,0.38307684,-0.01249225,0.00026650
sensor_bias_07,sensor_bias,2816,2.72000000,0.50000000,0.50482583,-0.01479640,-0.01288289,0.38283568,-0.01205777,-0.01288289
sensor_bias_07,sensor_bias,2816,2.74000000,0.50000000,0.50338543,-0.01658877,0.02200610,0.38259841,-0.01186375,0.02200610
sensor_bias_07,sensor_bias,2816,2.76000000,0.50000000,0.50326890,-0.00169929,-0.05034373,0.38237685,-0.01107807,-0.05034373
sensor_bias_07,sensor_bias,2816,2.78000000,0.50000000,0.50108314,-0.01277665,0.04438681,0.38214564,-0.01156021,0.04438681
sensor_bias_07,sensor_bias,2816,2.80000000,0.50000000,0.50367507,-0.01408331,0.00426520,0.38193762,-0.01040115,0.00426520
sensor_bias_07,sensor_bias,2816,2.82000000,0.50000000,0.50203656,-0.00064213,-0.03344737,0.38173822,-0.00997006,-0.03344737
sensor_bias_07,sensor_bias,2816,2.84000000,0.50000000,0.50210821,-0.01070249,0.01556463,0.38153421,-0.01020056,0.01556463
sensor_bias_07,sensor_bias,2816,2.86000000,0.50000000,0.49651547,-0.00483138,0.08687851,0.38134256,-0.00958259,0.08687851
sensor_bias_07,sensor_bias,2816,2.88000000,0.50000000,0.49843118,-0.00267975,0.04163746,0.38118730,-0.00776286,0.04163746
sensor_bias_07,sensor_bias,2816,2.90000000,0.50000000,0.50455719,0.00528604,-0.10845954,0.38105167,-0.00678164,-0.10845954
sensor_bias_07,sensor_bias,2816,2.92000000,0.50000000,0.49929646,-0.01154146,0.07037102,0.38088350,-0.00840831,0.07037102
sensor_bias_07,sensor_bias,2816,2.94000000,0.50000000,0.50207678,-0.00586190,-0.00807249,0.38074526,-0.00691210,-0.00807249
sensor_bias_07,sensor_bias,2816,2.96000000,0.50000000,0.50284701,0.00253616,-0.06392692,0.38060900,-0.00681266,-0.06392692
sensor_bias_07,sensor_bias,2816,2.98000000,0.50000000,0.50386227,-0.00663690,-0.03633642,0.38045551,-0.00767454,-0.03633642
sensor_bias_07,sensor_bias,2816,3.00000000,-0.30000000,0.49982741,-0.01522517,-12.00000000,0.38029484,-0.00803359,-12.00000000
sensor_bias_07,sensor_bias,2816,3.02000000,-0.30000000,0.49679371,-0.21132798,-12.00000000,0.37602375,-0.21355456,-12.00000000
sensor_bias_07,sensor_bias,2816,3.04000000,-0.30000000,0.48865914,-0.41581668,-12.00000000,0.36778370,-0.41200269,-12.00000000
sensor_bias_07,sensor_bias,2816,3.06000000,-0.30000000,0.47800508,-0.61189135,-10.94463468,0.35571127,-0.60362140,-10.94463468
sensor_bias_07,sensor_bias,2816,3.08000000,-0.30000000,0.46279431,-0.77868112,-9.83689205,0.34030034,-0.77054642,-9.83689205
sensor_bias_07,sensor_bias,2816,3.10000000,-0.30000000,0.43705662,-0.90900700,-8.72198423,0.32204575,-0.91272931,-8.72198423
sensor_bias_07,sensor_bias,2816,3.12000000,-0.30000000,0.42133445,-1.03560168,-7.80601175,0.30142778,-1.03089866,-7.80601175
sensor_bias_07,sensor_bias,2816,3.14000000,-0.30000000,0.39880474,-1.12973766,-6.92979696,0.27884193,-1.12929258,-6.92979696
sensor_bias_07,sensor_bias,2816,3.16000000,-0.30000000,0.37275135,-1.22011916,-6.00892857,0.25465646,-1.20927347,-6.00892857
sensor_bias_07,sensor_bias,2816,3.18000000,-0.30000000,0.35263279,-1.26711461,-5.41181713,0.22924228,-1.27070917,-5.41181713
sensor_bias_07,sensor_bias,2816,3.20000000,-0.30000000,0.32343909,-1.31563695,-4.64371884,0.20284647,-1.31979029,-4.64371884
sensor_bias_07,sensor_bias,2816,3.22000000,-0.30000000,0.29762310,-1.34655411,-4.02444519,0.17576628,-1.35400960,-4.02444519
sensor_bias_07,sensor_bias,2816,3.24000000,-0.30000000,0.26952641,-1.38152529,-3.34384891,0.14823766,-1.37643087,-3.34384891
sensor_bias_07,sensor_bias,2816,3.26000000,-0.30000000,0.24252951,-1.38099603,-2.86055110,0.12050949,-1.38640846,-2.86055110
sensor_bias_07,sensor_bias,2816,3.28000000,-0.30000000,0.21336606,-1.37841337,-2.34852213,0.09275441,-1.38775421,-2.34852213
sensor_bias_07,sensor_bias,2816,3.30000000,-0.30000000,0.18163293,-1.37819794,-1.77840303,0.06514896,-1.38027247,-1.77840303
sensor_bias_07,sensor_bias,2816,3.32000000,-0.30000000,0.16021486,-1.35870152,-1.49035987,0.03788354,-1.36327078,-1.49035987
sensor_bias_07,sensor_bias,2816,3.34000000,-0.30000000,0.13122553,-1.34905645,-1.01677735,0.01104526,-1.34191432,-1.01677735
sensor_bias_07,sensor_bias,2816,3.36000000,-0.30000000,0.09787446,-1.30716557,-0.62591250,-0.01521816,-1.31317098,-0.62591250
sensor_bias_07,sensor_bias,2816,3.38000000,-0.30000000,0.07981513,-1.27487279,-0.46230845,-0.04079244,-1.27871356,-0.46230845
sensor_bias_07,sensor_bias,2816,3.40000000,-0.30000000,0.05201522,-1.23334356,-0.16955613,-0.06564516,-1.24263620,-0.16955613
sensor_bias_07,sensor_bias,2816,3.42000000,-0.30000000,0.03357966,-1.20412426,0.01618738,-0.08970075,-1.20277977,0.01618738
sensor_bias_07,sensor_bias,2816,3.44000000,-0.30000000,0.00698632,-1.15692077,0.25884999,-0.11292294,-1.16110950,0.25884999
sensor_bias_07,sensor_bias,2816,3.46000000,-0.30000000,-0.01680659,-1.10057555,0.40539643,-0.13525718,-1.11671167,0.40539643
sensor_bias_07,sensor_bias,2816,3.48000000,-0.30000000,-0.03573428,-1.06860007,0.58621747,-0.15668375,-1.07132852,0.58621747
sensor_bias_07,sensor_bias,2816,3.50000000,-0.30000000,-0.05983948,-1.02397818,0.79700153,-0.17717187,-1.02440614,0.79700153
sensor_bias_07,sensor_bias,2816,3.52000000,-0.30000000,-0.07698546,-0.97701861,0.87083126,-0.19668154,-0.97548366,0.87083126
sensor_bias_07,sensor_bias,2816,3.54000000,-0.30000000,-0.09647953,-0.92679952,0.97062905,-0.21522112,-0.92697864,0.97062905
sensor_bias_07,sensor_bias,2816,3.56000000,-0.30000000,-0.11002393,-0.88099263,0.98539391,-0.23278974,-0.87843136,0.98539391
sensor_bias_07,sensor_bias,2816,3.58000000,-0.30000000,-0.12785956,-0.83380136,1.07047893,-0.24941578,-0.83130159,1.07047893
sensor_bias_07,sensor_bias,2816,3.60000000,-0.30000000,-0.14621094,-0.79064456,1.18501968,-0.26510247,-0.78433456,1.18501968
sensor_bias_07,sensor_bias,2816,3.62000000,-0.30000000,-0.15714821,-0.72712461,1.06429082,-0.27984286,-0.73701951,1.06429082
sensor_bias_07,sensor_bias,2816,3.64000000,-0.30000000,-0.17509503,-0.69326985,1.21805989,-0.29371092,-0.69340324,1.21805989
sensor_bias_07,sensor_bias,2816,3.66000000,-0.30000000,-0.18599438,-0.64386308,1.16721414,-0.30668394,-0.64865089,1.16721414
sensor_bias_07,sensor_bias,2816,3.68000000,-0.30000000,-0.19916091,-0.60322958,1.20104436,-0.31881015,-0.60631064,1.20104436
sensor_bias_07,sensor_bias,2816,3.70000000,-0.30000000,-0.21330813,-0.57195017,1.29929717,-0.33010710,-0.56484731,1.29929717
sensor_bias_07,sensor_bias,2816,3.72000000,-0.30000000,-0.22165692,-0.52202725,1.19996082,-0.34056962,-0.52312590,1.19996082
sensor_bias_07,sensor_bias,2816,3.74000000,-0.30000000,-0.22965817,-0.47234249,1.09555947,-0.35026049,-0.48454389,1.09555947
sensor_bias_07,sensor_bias,2816,3.76000000,-0.30000000,-0.24259630,-0.45433288,1.23839780,-0.35924210,-0.44908010,1.23839780
sensor_bias_07,sensor_bias,2816,3.78000000,-0.30000000,-0.24764325,-0.42680008,1.19157889,-0.36748984,-0.41238713,1.19157889
sensor_bias_07,sensor_bias,2816,3.80000000,-0.30000000,-0.25828121,-0.38835682,1.19084592,-0.37504504,-0.37775985,1.19084592
sensor_bias_07,sensor_bias,2816,3.82000000,-0.30000000,-0.26574030,-0.34467620,1.10670632,-0.38193177,-0.34433681,1.10670632
sensor_bias_07,sensor_bias,2816,3.84000000,-0.30000000,-0.26957567,-0.31627258,1.03372504,-0.38820191,-0.31350697,1.03372504
sensor_bias_07,sensor_bias,2816,3.86000000,-0.30000000,-0.27700073,-0.29232261,1.04762617,-0.39390171,-0.28498973,1.04762617
sensor_bias_07,sensor_bias,2816,3.88000000,-0.30000000,-0.28355553,-0.25251495,0.96657431,-0.39904602,-0.25721548,0.96657431
sensor_bias_07,sensor_bias,2816,3.90000000,-0.30000000,-0.28129168,-0.22868491,0.80667484,-0.40368176,-0.23178708,0.80667484
sensor_bias_07,sensor_bias,2816,3.92000000,-0.30000000,-0.28433072,-0.21378572,0.78688163,-0.40788128,-0.20997602,0.78688163
sensor_bias_07,sensor_bias,2816,3.94000000,-0.30000000,-0.29730075,-0.19215442,0.91218560,-0.41166638,-0.18925502,0.91218560
sensor_bias_07,sensor_bias,2816,3.96000000,-0.30000000,-0.29447242,-0.18119483,0.80647772,-0.41500834,-0.16709818,0.80647772
sensor_bias_07,sensor_bias,2816,3.98000000,-0.30000000,-0.30077822,-0.15262275,0.77712172,-0.41795868,-0.14751672,0.77712172
sensor_bias_07,sensor_bias,2816,4.00000000,-0.30000000,-0.29778610,-0.12214192,0.57085951,-0.42054093,-0.12911258,0.57085951
sensor_bias_07,sensor_bias,2816,4.02000000,-0.30000000,-0.29976360,-0.11641625,0.57782606,-0.42283851,-0.11487916,0.57782606
sensor_bias_07,sensor_bias,2816,4.04000000,-0.30000000,-0.30671298,-0.09583100,0.59998862,-0.42485883,-0.10101610,0.59998862
sensor_bias_07,sensor_bias,2816,4.06000000,-0.30000000,-0.30673409,-0.07504563,0.49644175,-0.42660383,-0.08725004,0.49644175
sensor_bias_07,sensor_bias,2816,4.08000000,-0.30000000,-0.30535834,-0.08329226,0.51291137,-0.42811851,-0.07573353,0.51291137
sensor_bias_07,sensor_bias,2816,4.10000000,-0.30000000,-0.30778012,-0.06537772,0.46693074,-0.42940512,-0.06433091,0.46693074
sensor_bias_07,sensor_bias,2816,4.12000000,-0.30000000,-0.31224125,-0.05739855,0.50733532,-0.43048731,-0.05410925,0.50733532
sensor_bias_07,sensor_bias,2816,4.14000000,-0.30000000,-0.30918972,-0.05298604,0.43034519,-0.43135824,-0.04354643,0.43034519
sensor_bias_07,sensor_bias,2816,4.16000000,-0.30000000,-0.31044728,-0.04322531,0.40417763,-0.43205159,-0.03466749,0.40417763
sensor_bias_07,sensor_bias,2816,4.18000000,-0.30000000,-0.31584975,-0.02848264,0.42770866,-0.43258244,-0.02654288,0.42770866
sensor_bias_07,sensor_bias,2816,4.20000000,-0.30000000,-0.31347679,-0.02352498,0.36020703,-0.43294833,-0.01829432,0.36020703
sensor_bias_07,sensor_bias,2816,4.22000000,-0.30000000,-0.31370898,-0.01506823,0.32210285,-0.43317808,-0.01148726,0.32210285
sensor_bias_07,sensor_bias,2816,4.24000000,-0.30000000,-0.31361171,-0.01361157,0.31306871,-0.43328943,-0.00556794,0.31306871
sensor_bias_07,sensor_bias,2816,4.26000000,-0.30000000,-0.31422560,0.00007739,0.25567385,-0.43328958,-0.00000726,0.25567385
sensor_bias_07,sensor_bias,2816,4.28000000,-0.30000000,-0.31245574,0.00794165,0.18449504,-0.43320203,0.00437774,0.18449504
sensor_bias_07,sensor_bias,2816,4.30000000,-0.30000000,-0.31152380,-0.00224187,0.21863784,-0.43305420,0.00739113,0.21863784
sensor_bias_07,sensor_bias,2816,4.32000000,-0.30000000,-0.31263004,0.02286491,0.11301622,-0.43283648,0.01088637,0.11301622
sensor_bias_07,sensor_bias,2816,4.34000000,-0.30000000,-0.31184710,0.00699146,0.17829051,-0.43258748,0.01244993,0.17829051
sensor_bias_07,sensor_bias,2816,4.36000000,-0.30000000,-0.31504277,0.01475697,0.19698505,-0.43228589,0.01507912,0.19698505
sensor_bias_07,sensor_bias,2816,4.38000000,-0.30000000,-0.30990961,0.01253019,0.11572194,-0.43192713,0.01793843,0.11572194
sensor_bias_07,sensor_bias,2816,4.40000000,-0.30000000,-0.31272017,0.02296935,0.11411637,-0.43154101,0.01930570,0.11411637
sensor_bias_07,sensor_bias,2816,4.42000000,-0.30000000,-0.31127889,0.01475293,0.12925541,-0.43112904,0.02059838,0.12925541
sensor_bias_07,sensor_bias,2816,4.44000000,-0.30000000,-0.30864541,0.03646266,-0.02669592,-0.43068692,0.02210621,-0.02669592
sensor_bias_07,sensor_bias,2816,4.46000000,-0.30000000,-0.31010183,0.02066845,0.07849069,-0.43026917,0.02088762,0.07849069
sensor_bias_07,sensor_bias,2816,4.48000000,-0.30000000,-0.30354805,0.01848667,-0.02856842,-0.42983887,0.02151488,-0.02856842
sensor_bias_07,sensor_bias,2816,4.50000000,-0.30000000,-0.30684262,0.02101162,0.01810910,-0.42943318,0.02028453,0.01810910
sensor_bias_07,sensor_bias,2816,4.52000000,-0.30000000,-0.30857489,0.00980017,0.10534715,-0.42903524,0.01989702,0.10534715
sensor_bias_07,sensor_bias,2816,4.54000000,-0.30000000,-0.30738768,0.01226421,0.07165724,-0.42861486,0.02101896,0.07165724
sensor_bias_07,sensor_bias,2816,4.56000000,-0.30000000,-0.30883875,0.02628717,0.02766159,-0.42818437,0.02152452,0.02766159
sensor_bias_07,sensor_bias,2816,4.58000000,-0.30000000,-0.31184794,0.01598487,0.13333857,-0.42775921,0.02125816,0.13333857
sensor_bias_07,sensor_bias,2816,4.60000000,-0.30000000,-0.31100658,0.02184922,0.08887229,-0.42730294,0.02281330,0.08887229
sensor_bias_07,sensor_bias,2816,4.62000000,-0.30000000,-0.30241758,0.02977970,-0.10538196,-0.42683189,0.02355234,-0.10538196
sensor_bias_07,sensor_bias,2816,4.64000000,-0.30000000,-0.30833297,0.02303549,0.03481601,-0.42641320,0.02093453,0.03481601
sensor_bias_07,sensor_bias,2816,4.66000000,-0.30000000,-0.31261231,0.01837337,0.13515478,-0.42599698,0.02081118,0.13515478
sensor_bias_07,sensor_bias,2816,4.68000000,-0.30000000,-0.31049447,0.02722100,0.05279543,-0.42554872,0.02241285,0.05279543
sensor_bias_07,sensor_bias,2816,4.70000000,-0.30000000,-0.30741118,0.00549612,0.10592064,-0.42509778,0.02254696,0.10592064
sensor_bias_07,sensor_bias,2816,4.72000000,-0.30000000,-0.30511970,0.02586563,-0.03717360,-0.42462603,0.02358754,-0.03717360
sensor_bias_07,sensor_bias,2816,4.74000000,-0.30000000,-0.30862417,0.01974571,0.05650648,-0.42418327,0.02213828,0.05650648
sensor_bias_07,sensor_bias,2816,4.76000000,-0.30000000,-0.30593744,0.01613998,0.02617406,-0.42373636,0.02234548,0.02617406
sensor_bias_07,sensor_bias,2816,4.78000000,-0.30000000,-0.30412606,0.02532294,-0.05234567,-0.42329585,0.02202536,-0.05234567
sensor_bias_07,sensor_bias,2816,4.80000000,-0.30000000,-0.30363998,0.02800752,-0.07451801,-0.42288846,0.02036966,-0.07451801
sensor_bias_07,sensor_bias,2816,4.82000000,-0.30000000,-0.30240385,0.00894599,-0.00146054,-0.42252064,0.01839069,-0.00146054
sensor_bias_07,sensor_bias,2816,4.84000000,-0.30000000,-0.30000561,0.02331494,-0.11647372,-0.42216599,0.01773274,-0.11647372
sensor_bias_07,sensor_bias,2816,4.86000000,-0.30000000,-0.30372406,0.01818936,-0.02391371,-0.42186349,0.01512498,-0.02391371
sensor_bias_07,sensor_bias,2816,4.88000000,-0.30000000,-0.30475878,0.01217813,0.02476745,-0.42157960,0.01419435,0.02476745
sensor_bias_07,sensor_bias,2816,4.90000000,-0.30000000,-0.30124427,0.00578203,-0.00651324,-0.42129699,0.01413062,-0.00651324
sensor_bias_07,sensor_bias,2816,4.92000000,-0.30000000,-0.30590716,0.01065732,0.05304225,-0.42102634,0.01353263,0.05304225
sensor_bias_07,sensor_bias,2816,4.94000000,-0.30000000,-0.30309734,0.01519115,-0.02020363,-0.42074680,0.01397658,-0.02020363
sensor_bias_07,sensor_bias,2816,4.96000000,-0.30000000,-0.29808015,0.01132804,-0.09119753,-0.42048382,0.01314910,-0.09119753
sensor_bias_07,sensor_bias,2816,4.98000000,-0.30000000,-0.30122018,0.00859606,-0.02101712,-0.42026117,0.01113256,-0.02101712
sensor_bias_07,sensor_bias,2816,5.00000000,0.80000000,-0.30301956,0.01372185,12.00000000,-0.42005339,0.01038901,12.00000000
sensor_bias_07,sensor_bias,2816,5.02000000,0.80000000,-0.29320677,0.21210020,12.00000000,-0.41573681,0.21582891,12.00000000
sensor_bias_07,sensor_bias,2816,5.04000000,0.80000000,-0.29038273,0.42337759,12.00000000,-0.40745284,0.41419878,12.00000000
sensor_bias_07,sensor_bias,2816,5.06000000,0.80000000,-0.28059817,0.60908860,12.00000000,-0.39533800,0.60574191,12.00000000
sensor_bias_07,sensor_bias,2816,5.08000000,0.80000000,-0.25608987,0.78796892,12.00000000,-0.37952413,0.79069325,12.00000000
sensor_bias_07,sensor_bias,2816,5.10000000,0.80000000,-0.23912290,0.96531289,12.00000000,-0.36013854,0.96927964,12.00000000
sensor_bias_07,sensor_bias,2816,5.12000000,0.80000000,-0.22007946,1.13328977,12.00000000,-0.33730414,1.14172013,12.00000000
sensor_bias_07,sensor_bias,2816,5.14000000,0.80000000,-0.19075174,1.31019911,11.28253571,-0.31113961,1.30822622,11.28253571
sensor_bias_07,sensor_bias,2816,5.16000000,0.80000000,-0.16395304,1.44496594,10.12632494,-0.28200566,1.45669779,10.12632494
sensor_bias_07,sensor_bias,2816,5.18000000,0.80000000,-0.12593478,1.58850233,8.72431443,-0.25040104,1.58023107,8.72431443
sensor_bias_07,sensor_bias,2816,5.20000000,0.80000000,-0.09435158,1.67764371,7.71010985,-0.21689166,1.67546887,7.71010985
sensor_bias_07,sensor_bias,2816,5.22000000,0.80000000,-0.06816480,1.74721452,6.89089381,-0.18189094,1.75003575,6.89089381
sensor_bias_07,sensor_bias,2816,5.24000000,0.80000000,-0.02767024,1.80659338,5.86509748,-0.14573120,1.80798710,5.86509748
sensor_bias_07,sensor_bias,2816,5.26000000,0.80000000,0.01356124,1.84570441,4.92737554,-0.10880416,1.84635191,4.92737554
sensor_bias_07,sensor_bias,2816,5.28000000,0.80000000,0.04698997,1.86467408,4.23081014,-0.07145787,1.86731469,4.23081014
sensor_bias_07,sensor_bias,2816,5.30000000,0.80000000,0.09091645,1.88348988,3.34605450,-0.03394567,1.87561011,3.34605450
sensor_bias_07,sensor_bias,2816,5.32000000,0.80000000,0.12772016,1.87335751,2.73424961,0.00342327,1.86844669,2.73424961
sensor_bias_07,sensor_bias,2816,5.34000000,0.80000000,0.15553352,1.85190895,2.34085187,0.04044401,1.85103746,2.34085187
sensor_bias_07,sensor_bias,2816,5.36000000,0.80000000,0.19555384,1.83089101,1.72557587,0.07699363,1.82748067,1.72557587
sensor_bias_07,sensor_bias,2816,5.38000000,0.80000000,0.22812722,1.79242183,1.33160095,0.11287728,1.79418271,1.33160095
sensor_bias_07,sensor_bias,2816,5.40000000,0.80000000,0.26442661,1.75843181,0.84816202,0.14798276,1.75527409,0.84816202
sensor_bias_07,sensor_bias,2816,5.42000000,0.80000000,0.30271765,1.70865504,0.40780717,0.18217104,1.70941361,0.40780717
sensor_bias_07,sensor_bias,2816,5.44000000,0.80000000,0.33351257,1.65820381,0.10575463,0.21532262,1.65757938,0.10575463
sensor_bias_07,sensor_bias,2816,5.46000000,0.80000000,0.37147629,1.60491563,-0.31115129,0.24736960,1.60234884,-0.31115129
sensor_bias_07,sensor_bias,2816,5.48000000,0.80000000,0.39768629,1.55298045,-0.52325549,0.27820698,1.54186917,-0.52325549
sensor_bias_07,sensor_bias,2816,5.50000000,0.80000000,0.42601824,1.48060366,-0.67134655,0.30780365,1.47983332,-0.67134655
sensor_bias_07,sensor_bias,2816,5.52000000,0.80000000,0.45498037,1.42092601,-0.89427670,0.33615150,1.41739265,-0.89427670
sensor_bias_07,sensor_bias,2816,5.54000000,0.80000000,0.48484363,1.35822239,-1.11829726,0.36321706,1.35327762,-1.11829726
sensor_bias_07,sensor_bias,2816,5.56000000,0.80000000,0.51360081,1.29031537,-1.29639137,0.38896760,1.28752715,-1.29639137
sensor_bias_07,sensor_bias,2816,5.58000000,0.80000000,0.53322710,1.21406684,-1.26842195,0.41338730,1.22098515,-1.26842195
sensor_bias_07,sensor_bias,2816,5.60000000,0.80000000,0.55290116,1.15434726,-1.32395712,0.43653156,1.15721280,-1.32395712
sensor_bias_07,sensor_bias,2816,5.62000000,0.80000000,0.57789851,1.09977547,-1.50105051,0.45842521,1.09468271,-1.50105051
sensor_bias_07,sensor_bias,2816,5.64000000,0.80000000,0.59939050,1.02736682,-1.52586303,0.47905056,1.03126743,-1.52586303
sensor_bias_07,sensor_bias,2816,5.66000000,0.80000000,0.61557270,0.97656859,-1.56315161,0.49844274,0.96960900,-1.56315161
sensor_bias_07,sensor_bias,2816,5.68000000,0.80000000,0.63594381,0.91047077,-1.59934239,0.51663140,0.90943301,-1.59934239
sensor_bias_07,sensor_bias,2816,5.70000000,0.80000000,0.65241804,0.84515972,-1.56932324,0.53364555,0.85070725,-1.56932324
sensor_bias_07,sensor_bias,2816,5.72000000,0.80000000,0.67063846,0.79865596,-1.66477217,0.54953589,0.79451732,-1.66477217
sensor_bias_07,sensor_bias,2816,5.74000000,0.80000000,0.68233464,0.72857530,-1.52490004,0.56430838,0.73862419,-1.52490004
sensor_bias_07,sensor_bias,2816,5.76000000,0.80000000,0.69862606,0.68513714,-1.60095484,0.57804944,0.68705334,-1.60095484
sensor_bias_07,sensor_bias,2816,5.78000000,0.80000000,0.70539291,0.63884148,-1.49127972,0.59076850,0.63595295,-1.49127972
sensor_bias_07,sensor_bias,2816,5.80000000,0.80000000,0.72469841,0.58686527,-1.57889771,0.60253834,0.58849203,-1.57889771
sensor_bias_07,sensor_bias,2816,5.82000000,0.80000000,0.72876928,0.54830201,-1.45935714,0.61336158,0.54116181,-1.45935714
sensor_bias_07,sensor_bias,2816,5.84000000,0.80000000,0.74372634,0.49400041,-1.45707611,0.62331179,0.49751052,-1.45707611
sensor_bias_07,sensor_bias,2816,5.86000000,0.80000000,0.75248743,0.44970565,-1.39330191,0.63241980,0.45540057,-1.39330191
sensor_bias_07,sensor_bias,2816,5.88000000,0.80000000,0.76048061,0.41624682,-1.36988502,0.64073647,0.41583351,-1.36988502
sensor_bias_07,sensor_bias,2816,5.90000000,0.80000000,0.76966374,0.38259861,-1.36694035,0.64829706,0.37802972,-1.36694035
sensor_bias_07,sensor_bias,2816,5.92000000,0.80000000,0.77399967,0.34826801,-1.27333420,0.65512861,0.34157741,-1.27333420
sensor_bias_07,sensor_bias,2816,5.94000000,0.80000000,0.77820682,0.31177648,-1.16660518,0.66128831,0.30798490,-1.16660518
sensor_bias_07,sensor_bias,2816,5.96000000,0.80000000,0.78417820,0.27150062,-1.07271075,0.66683589,0.27737883,-1.07271075
sensor_bias_07,sensor_bias,2816,5.98000000,0.80000000,0.79346038,0.24977494,-1.13116164,0.67182461,0.24943631,-1.13116164
sensor_bias_07,sensor_bias,2816,6.00000000,0.80000000,0.79555213,0.21367699,-0.98832330,0.67625367,0.22145298,-0.98832330
sensor_bias_07,sensor_bias,2816,6.02000000,0.80000000,0.79574481,0.20254118,-0.93611258,0.68019132,0.19688233,-0.93611258
sensor_bias_07,sensor_bias,2816,6.04000000,0.80000000,0.80592032,0.17916674,-1.00239952,0.68367237,0.17405266,-1.00239952
sensor_bias_07,sensor_bias,2816,6.06000000,0.80000000,0.80980481,0.15005700,-0.92677160,0.68668981,0.15087185,-0.92677160
sensor_bias_07,sensor_bias,2816,6.08000000,0.80000000,0.80728919,0.13358558,-0.79913335,0.68928553,0.12978579,-0.79913335
sensor_bias_07,sensor_bias,2816,6.10000000,0.80000000,0.81152485,0.11715672,-0.79323086,0.69151781,0.11161435,-0.79323086
sensor_bias_07,sensor_bias,2816,6.12000000,0.80000000,0.81003484,0.10142991,-0.68777668,0.69340120,0.09416950,-0.68777668
sensor_bias_07,sensor_bias,2816,6.14000000,0.80000000,0.81563748,0.07731739,-0.66806167,0.69498387,0.07913351,-0.66806167
sensor_bias_07,sensor_bias,2816,6.16000000,0.80000000,0.81336725,0.07038902,-0.59255565,0.69628293,0.06495308,-0.59255565
sensor_bias_07,sensor_bias,2816,6.18000000,0.80000000,0.81663557,0.05353963,-0.56713838,0.69733405,0.05255557,-0.56713838
sensor_bias_07,sensor_bias,2816,6.20000000,0.80000000,0.81592026,0.03896243,-0.48137674,0.69815446,0.04102061,-0.48137674
sensor_bias_07,sensor_bias,2816,6.22000000,0.80000000,0.81794210,0.03460067,-0.49596118,0.69878153,0.03135342,-0.49596118
sensor_bias_07,sensor_bias,2816,6.24000000,0.80000000,0.81502463,0.02914618,-0.41617430,0.69921690,0.02176879,-0.41617430
sensor_bias_07,sensor_bias,2816,6.26000000,0.80000000,0.82172795,0.00259928,-0.40409943,0.69949455,0.01388233,-0.40409943
sensor_bias_07,sensor_bias,2816,6.28000000,0.80000000,0.81526503,-0.00034182,-0.27306148,0.69962404,0.00647436,-0.27306148
sensor_bias_07,sensor_bias,2816,6.30000000,0.80000000,0.81681712,0.00449103,-0.32516334,0.69965541,0.00156861,-0.32516334
sensor_bias_07,sensor_bias,2816,6.32000000,0.80000000,0.81498733,-0.00845662,-0.22748882,0.69957417,-0.00406186,-0.22748882
sensor_bias_07,sensor_bias,2816,6.34000000,0.80000000,0.81746487,-0.00669123,-0.28091160,0.69941770,-0.00782345,-0.28091160
sensor_bias_07,sensor_bias,2816,6.36000000,0.80000000,0.82054512,-0.00813089,-0.32915772,0.69917027,-0.01237179,-0.32915772
sensor_bias_07,sensor_bias,2816,6.38000000,0.80000000,0.81935141,-0.01997881,-0.24843139,0.69881845,-0.01759101,-0.24843139
sensor_bias_07,sensor_bias,2816,6.40000000,0.80000000,0.81636487,-0.02359897,-0.17657271,0.69839352,-0.02124618,-0.17657271
sensor_bias_07,sensor_bias,2816,6.42000000,0.80000000,0.82001772,-0.02012893,-0.25967427,0.69792266,-0.02354319,-0.25967427
sensor_bias_07,sensor_bias,2816,6.44000000,0.80000000,0.81178354,-0.02291920,-0.09750777,0.69737893,-0.02718633,-0.09750777
sensor_bias_07,sensor_bias,2816,6.46000000,0.80000000,0.81748462,-0.02931329,-0.16815678,0.69682047,-0.02792297,-0.16815678
sensor_bias_07,sensor_bias,2816,6.48000000,0.80000000,0.81618902,-0.03133735,-0.13471565,0.69622356,-0.02984588,-0.13471565
sensor_bias_07,sensor_bias,2816,6.50000000,0.80000000,0.81823846,-0.03431633,-0.15671070,0.69560097,-0.03112910,-0.15671070
sensor_bias_07,sensor_bias,2816,6.52000000,0.80000000,0.81341059,-0.04610856,-0.01084773,0.69494607,-0.03274538,-0.01084773
sensor_bias_07,sensor_bias,2816,6.54000000,0.80000000,0.80780593,-0.02978594,0.00842297,0.69430998,-0.03180451,0.00842297
sensor_bias_07,sensor_bias,2816,6.56000000,0.80000000,0.81510517,-0.03964129,-0.07368661,0.69369866,-0.03056553,-0.07368661
sensor_bias_07,sensor_bias,2816,6.58000000,0.80000000,0.81305494,-0.03986197,-0.03567909,0.69308312,-0.03077735,-0.03567909
sensor_bias_07,sensor_bias,2816,6.60000000,0.80000000,0.81402458,-0.03478182,-0.07853330,0.69247652,-0.03033007,-0.07853330
sensor_bias_07,sensor_bias,2816,6.62000000,0.80000000,0.81497714,-0.02530994,-0.14303881,0.69186385,-0.03063311,-0.14303881
sensor_bias_07,sensor_bias,2816,6.64000000,0.80000000,0.80861693,-0.03217585,0.00577444,0.69122321,-0.03203198,0.00577444
sensor_bias_07,sensor_bias,2816,6.66000000,0.80000000,0.81502836,-0.02209473,-0.16003689,0.69060660,-0.03083060,-0.16003689
sensor_bias_07,sensor_bias,2816,6.68000000,0.80000000,0.80799251,-0.03102299,0.01124977,0.68995632,-0.03251419,0.01124977
sensor_bias_07,sensor_bias,2816,6.70000000,0.80000000,0.81038690,-0.03160487,-0.02893992,0.68933227,-0.03120231,-0.02893992
sensor_bias_07,sensor_bias,2816,6.72000000,0.80000000,0.80746450,-0.02635450,-0.00258841,0.68871978,-0.03062482,-0.00258841
sensor_bias_07,sensor_bias,2816,6.74000000,0.80000000,0.81087579,-0.03508278,-0.02035026,0.68812747,-0.02961528,-0.02035026
sensor_bias_07,sensor_bias,2816,6.76000000,0.80000000,0.80645239,-0.03200123,0.04386311,0.68754857,-0.02894510,0.04386311
sensor_bias_07,sensor_bias,2816,6.78000000,0.80000000,0.80674138,-0.02417128,-0.00048847,0.68700463,-0.02719674,-0.00048847
sensor_bias_07,sensor_bias,2816,6.80000000,0.80000000,0.80957313,-0.02119158,-0.06635835,0.68647925,-0.02626916,-0.06635835
sensor_bias_07,sensor_bias,2816,6.82000000,0.80000000,0.80696309,-0.03120705,0.03069967,0.68594919,-0.02650316,0.03069967
sensor_bias_07,sensor_bias,2816,6.84000000,0.80000000,0.81098281,-0.02969061,-0.04923750,0.68544790,-0.02506458,-0.04923750
sensor_bias_07,sensor_bias,2816,6.86000000,0.80000000,0.80326330,-0.02366352,0.05957829,0.68494697,-0.02504642,0.05957829
sensor_bias_07,sensor_bias,2816,6.88000000,0.80000000,0.80426008,-0.02359267,0.04128190,0.68448371,-0.02316271,0.04128190
sensor_bias_07,sensor_bias,2816,6.90000000,0.80000000,0.80402475,-0.02821353,0.06862224,0.68405056,-0.02165761,0.06862224
sensor_bias_07,sensor_bias,2816,6.92000000,0.80000000,0.80565434,-0.02550982,0.02577096,0.68365585,-0.01973543,0.02577096
sensor_bias_07,sensor_bias,2816,6.94000000,0.80000000,0.80550491,-0.01983857,0.00010444,0.68328357,-0.01861428,0.00010444
sensor_bias_07,sensor_bias,2816,6.96000000,0.80000000,0.80070376,-0.01474936,0.06107917,0.68292413,-0.01797190,0.06107917
sensor_bias_07,sensor_bias,2816,6.98000000,0.80000000,0.79952158,-0.01179067,0.06756494,0.68259801,-0.01630591,0.06756494
sensor_bias_07,sensor_bias,2816,7.00000000,0.80000000,0.80082887,-0.00747121,0.02243638,0.68230629,-0.01458604,0.02243638
sensor_bias_07,sensor_bias,2816,7.02000000,0.80000000,0.80398442,-0.00995447,-0.02194718,0.68203230,-0.01369929,-0.02194718
sensor_bias_07,sensor_bias,2816,7.04000000,0.80000000,0.80081333,-0.02576300,0.11417506,0.68176022,-0.01360423,0.11417506
sensor_bias_07,sensor_bias,2816,7.06000000,0.80000000,0.80233883,-0.01322182,0.02401014,0.68153666,-0.01117797,0.02401014
sensor_bias_07,sensor_bias,2816,7.08000000,0.80000000,0.80464933,-0.02304971,0.03156060,0.68132903,-0.01038153,0.03156060
sensor_bias_07,sensor_bias,2816,7.10000000,0.80000000,0.80075070,-0.00869220,0.02994847,0.68113937,-0.00948300,0.02994847
sensor_bias_07,sensor_bias,2816,7.12000000,0.80000000,0.79698126,-0.00911343,0.09990444,0.68096651,-0.00864304,0.09990444
sensor_bias_07,sensor_bias,2816,7.14000000,0.80000000,0.80342789,-0.00799925,-0.02170571,0.68083386,-0.00663225,-0.02170571
sensor_bias_07,sensor_bias,2816,7.16000000,0.80000000,0.80218743,-0.01368395,0.02904610,0.68069834,-0.00677626,0.02904610
sensor_bias_07,sensor_bias,2816,7.18000000,0.80000000,0.79951118,-0.00611152,0.03935645,0.68057744,-0.00604493,0.03935645
sensor_bias_07,sensor_bias,2816,7.20000000,0.80000000,0.79653531,-0.01335187,0.12912374,0.68047420,-0.00516194,0.12912374
sensor_bias_07,sensor_bias,2816,7.22000000,0.80000000,0.79793936,0.00249942,0.02459451,0.68041880,-0.00276985,0.02459451
sensor_bias_07,sensor_bias,2816,7.24000000,0.80000000,0.80106857,-0.01400224,0.05077690,0.68037375,-0.00225274,0.05077690
sensor_bias_07,sensor_bias,2816,7.26000000,0.80000000,0.80488937,-0.00166900,-0.07966372,0.68034766,-0.00130440,-0.07966372
sensor_bias_07,sensor_bias,2816,7.28000000,0.80000000,0.80004407,-0.00651034,0.03175847,0.68029515,-0.00262573,0.03175847
sensor_bias_07,sensor_bias,2816,7.30000000,0.80000000,0.79707654,-0.00178909,0.06156781,0.68025533,-0.00199071,0.06156781
sensor_bias_07,sensor_bias,2816,7.32000000,0.80000000,0.80671606,0.00146812,-0.12822966,0.68023801,-0.00086633,-0.12822966
sensor_bias_07,sensor_bias,2816,7.34000000,0.80000000,0.79861400,0.00263087,0.01179365,0.68017729,-0.00303563,0.01179365
sensor_bias_07,sensor_bias,2816,7.36000000,0.80000000,0.79705384,-0.00030911,0.05457647,0.68012272,-0.00272890,0.05457647
sensor_bias_07,sensor_bias,2816,7.38000000,0.80000000,0.80507267,-0.00506154,-0.06600029,0.68008874,-0.00169901,-0.06600029
sensor_bias_07,sensor_bias,2816,7.40000000,0.80000000,0.79732013,-0.00850809,0.09077804,0.68003329,-0.00277243,0.09077804
sensor_bias_07,sensor_bias,2816,7.42000000,0.80000000,0.79814076,0.00094390,0.02874689,0.68001088,-0.00112020,0.02874689
sensor_bias_07,sensor_bias,2816,7.44000000,0.80000000,0.80309201,-0.00585943,-0.02635893,0.67999911,-0.00058864,-0.02635893
sensor_bias_07,sensor_bias,2816,7.46000000,0.80000000,0.79768272,-0.00139392,0.04868069,0.67997870,-0.00102044,0.04868069
sensor_bias_07,sensor_bias,2816,7.48000000,0.80000000,0.79901491,-0.00046904,0.02007676,0.67997569,-0.00015045,0.02007676
sensor_bias_07,sensor_bias,2816,7.50000000,0.80000000,0.80221024,-0.00344787,-0.02254490,0.67997967,0.00019903,-0.02254490
sensor_bias_07,sensor_bias,2816,7.52000000,0.80000000,0.80242446,-0.01024052,0.00756225,0.67997578,-0.00019445,0.00756225
sensor_bias_07,sensor_bias,2816,7.54000000,0.80000000,0.79752645,-0.00461084,0.06757803,0.67997462,-0.00005807,0.06757803
sensor_bias_07,sensor_bias,2816,7.56000000,0.80000000,0.80044740,0.00492453,-0.03267593,0.67999668,0.00110288,-0.03267593
sensor_bias_07,sensor_bias,2816,7.58000000,0.80000000,0.79840335,0.01390036,-0.04076209,0.68000677,0.00050454,-0.04076209
sensor_bias_07,sensor_bias,2816,7.60000000,0.80000000,0.79132940,0.00217754,0.14518312,0.68000253,-0.00021189,0.14518312
sensor_bias_07,sensor_bias,2816,7.62000000,0.80000000,0.80262341,0.01060639,-0.10025336,0.68004824,0.00228526,-0.10025336
sensor_bias_07,sensor_bias,2816,7.64000000,0.80000000,0.79925565,0.00582753,-0.01573935,0.68005798,0.00048729,-0.01573935
sensor_bias_07,sensor_bias,2816,7.66000000,0.80000000,0.80100404,0.00389132,-0.03752925,0.68006200,0.00020060,-0.03752925
sensor_bias_07,sensor_bias,2816,7.68000000,0.80000000,0.79796193,0.00112061,0.03108223,0.68005300,-0.00044992,0.03108223
sensor_bias_07,sensor_bias,2816,7.70000000,0.80000000,0.79874569,-0.00324271,0.03879118,0.68005497,0.00009861,0.03879118
sensor_bias_07,sensor_bias,2816,7.72000000,0.80000000,0.79511388,-0.00220791,0.09898974,0.68007018,0.00076048,0.09898974
sensor_bias_07,sensor_bias,2816,7.74000000,0.80000000,0.80033985,-0.00674328,0.02759904,0.68011882,0.00243196,0.02759904
sensor_bias_07,sensor_bias,2816,7.76000000,0.80000000,0.80651160,-0.00150583,-0.10967967,0.68017525,0.00282158,-0.10967967
sensor_bias_07,sensor_bias,2816,7.78000000,0.80000000,0.80423785,-0.00156752,-0.06844372,0.68019212,0.00084350,-0.06844372
sensor_bias_07,sensor_bias,2816,7.80000000,0.80000000,0.80130479,-0.00943916,0.02370955,0.68018493,-0.00035932,0.02370955
sensor_bias_07,sensor_bias,2816,7.82000000,0.80000000,0.79632865,-0.00696076,0.10088804,0.68018613,0.00005966,0.10088804
sensor_bias_07,sensor_bias,2816,7.84000000,0.80000000,0.79935935,0.00461095,-0.01152296,0.68022188,0.00178781,-0.01152296
sensor_bias_07,sensor_bias,2816,7.86000000,0.80000000,0.79893147,0.00959805,-0.02875667,0.68025246,0.00152867,-0.02875667
sensor_bias_07,sensor_bias,2816,7.88000000,0.80000000,0.80283734,-0.00351754,-0.03348444,0.68027211,0.00098289,-0.03348444
sensor_bias_07,sensor_bias,2816,7.90000000,0.80000000,0.79963189,-0.00217624,0.01750723,0.68027961,0.00037481,0.01750723
sensor_bias_07,sensor_bias,2816,7.92000000,0.80000000,0.79918568,0.00081182,0.01059870,0.68029285,0.00066216,0.01059870
sensor_bias_07,sensor_bias,2816,7.94000000,0.80000000,0.80456473,-0.00243963,-0.06996693,0.68030928,0.00082114,-0.06996693
sensor_bias_07,sensor_bias,2816,7.96000000,0.80000000,0.79746345,0.00133187,0.03899858,0.68030114,-0.00040704,0.03899858
sensor_bias_07,sensor_bias,2816,7.98000000,0.80000000,0.80229817,-0.00812310,0.03899858,0.68030665,0.00027579,0.03899858
