run_id,scenario,seed,time_s,reference_m,position_measured_m,velocity_measured_m_s,force_command_n,position_true_m,velocity_true_m_s,force_applied_n
actuator_loss_00,actuator_loss,2709,0.00000000,0.00000000,-0.00023970,0.00556816,-0.02352620,0.00000000,0.00000000,-0.01364519
actuator_loss_00,actuator_loss,2709,0.02000000,0.00000000,0.00108086,0.00257000,-0.03230551,-0.00000466,-0.00023317,-0.01873719
actuator_loss_00,actuator_loss,2709,0.04000000,0.00000000,0.00032825,0.00750020,-0.04340943,-0.00001556,-0.00054504,-0.02517747
actuator_loss_00,actuator_loss,2709,0.06000000,0.00000000,-0.00063345,0.00135966,0.00460384,-0.00003468,-0.00095586,0.00267023
actuator_loss_00,actuator_loss,2709,0.08000000,0.00000000,-0.00089984,-0.00612850,0.04683962,-0.00005221,-0.00087619,0.02716698
actuator_loss_00,actuator_loss,2709,0.10000000,0.00000000,-0.00330812,0.00234690,0.04781166,-0.00005982,-0.00038075,0.02773076
actuator_loss_00,actuator_loss,2709,0.12000000,0.00000000,-0.00030065,-0.00692463,0.04003481,-0.00005769,0.00010667,0.02322019
actuator_loss_00,actuator_loss,2709,0.14000000,0.00000000,0.00412213,-0.00465390,-0.05092889,-0.00004769,0.00049966,-0.02953876
actuator_loss_00,actuator_loss,2709,0.16000000,0.00000000,-0.00614354,0.00450380,0.08806477,-0.00004815,-0.00002289,0.05107756
actuator_loss_00,actuator_loss,2709,0.18000000,0.00000000,0.00087190,0.01104296,-0.07090899,-0.00003114,0.00085073,-0.04112722
actuator_loss_00,actuator_loss,2709,0.20000000,0.00000000,0.00217272,-0.00246545,-0.02678169,-0.00002878,0.00011765,-0.01553338
actuator_loss_00,actuator_loss,2709,0.22000000,0.00000000,0.00294953,0.00043330,-0.05525802,-0.00003182,-0.00015197,-0.03204965
actuator_loss_00,actuator_loss,2709,0.24000000,0.00000000,0.00076559,-0.00441994,0.00831904,-0.00004571,-0.00069423,0.00482504
actuator_loss_00,actuator_loss,2709,0.26000000,0.00000000,0.00078038,-0.01038267,0.03786650,-0.00005745,-0.00058705,0.02196257
actuator_loss_00,actuator_loss,2709,0.28000000,0.00000000,-0.00433121,-0.01051846,0.13055407,-0.00006127,-0.00019084,0.07572136
actuator_loss_00,actuator_loss,2709,0.30000000,0.00000000,-0.00764032,0.00521616,0.11144496,-0.00003907,0.00110988,0.06463808
actuator_loss_00,actuator_loss,2709,0.32000000,0.00000000,0.00127302,0.00575697,-0.05169915,0.00000443,0.00217488,-0.02998551
actuator_loss_00,actuator_loss,2709,0.34000000,0.00000000,-0.00159646,-0.00269902,0.04223134,0.00003613,0.00158503,0.02449418
actuator_loss_00,actuator_loss,2709,0.36000000,0.00000000,-0.00070554,-0.00485174,0.03695841,0.00007507,0.00194713,0.02143588
actuator_loss_00,actuator_loss,2709,0.38000000,0.00000000,0.00503170,-0.00109321,-0.08510457,0.00011995,0.00224407,-0.04936065
actuator_loss_00,actuator_loss,2709,0.40000000,0.00000000,-0.00497640,0.00531372,0.06300657,0.00014637,0.00132067,0.03654381
actuator_loss_00,actuator_loss,2709,0.42000000,0.00000000,0.00612217,0.00922104,-0.15630419,0.00018433,0.00189809,-0.09065643
actuator_loss_00,actuator_loss,2709,0.44000000,0.00000000,0.00529960,0.00290307,-0.10990814,0.00018996,0.00028134,-0.06374672
actuator_loss_00,actuator_loss,2709,0.46000000,0.00000000,-0.00271737,0.00125128,0.04265631,0.00017360,-0.00081798,0.02474066
actuator_loss_00,actuator_loss,2709,0.48000000,0.00000000,0.00284936,-0.00366327,-0.03297211,0.00016627,-0.00036608,-0.01912382
actuator_loss_00,actuator_loss,2709,0.50000000,0.00000000,-0.00280388,-0.00912846,0.09611221,0.00015268,-0.00067983,0.05574508
actuator_loss_00,actuator_loss,2709,0.52000000,0.00000000,-0.00712930,-0.00883187,0.17248672,0.00015862,0.00029696,0.10004230
actuator_loss_00,actuator_loss,2709,0.54000000,0.00000000,-0.00400291,-0.00117181,0.07791140,0.00019854,0.00199590,0.04518861
actuator_loss_00,actuator_loss,2709,0.56000000,0.00000000,0.00182428,-0.00176016,-0.02403634,0.00025248,0.00269700,-0.01394108
actuator_loss_00,actuator_loss,2709,0.58000000,0.00000000,-0.00083188,-0.00059739,0.01796078,0.00029973,0.00236271,0.01041725
actuator_loss_00,actuator_loss,2709,0.60000000,0.00000000,0.00240210,0.00368603,-0.06166791,0.00034886,0.00245656,-0.03576739
actuator_loss_00,actuator_loss,2709,0.62000000,0.00000000,-0.00065345,0.00227233,0.00040051,0.00038402,0.00175787,0.00023230
actuator_loss_00,actuator_loss,2709,0.64000000,0.00000000,-0.00022587,0.00053606,0.00138534,0.00041800,0.00169923,0.00080350
actuator_loss_00,actuator_loss,2709,0.66000000,0.00000000,0.00490238,0.00489668,-0.11272629,0.00045105,0.00165243,-0.06538125
actuator_loss_00,actuator_loss,2709,0.68000000,0.00000000,0.00560684,0.00638668,-0.13285648,0.00046058,0.00047634,-0.07705676
actuator_loss_00,actuator_loss,2709,0.70000000,0.00000000,-0.00299425,0.00822399,0.01277660,0.00044343,-0.00085737,0.00741043
actuator_loss_00,actuator_loss,2709,0.72000000,0.00000000,0.00480961,-0.00182940,-0.07742604,0.00042943,-0.00070020,-0.04490710
actuator_loss_00,actuator_loss,2709,0.74000000,0.00000000,-0.00146828,-0.00344507,0.04365432,0.00040057,-0.00144263,0.02531950
actuator_loss_00,actuator_loss,2709,0.76000000,0.00000000,0.00250869,0.01148492,-0.10258106,0.00038140,-0.00095859,-0.05949702
actuator_loss_00,actuator_loss,2709,0.78000000,0.00000000,0.00074185,0.00387696,-0.03273807,0.00034258,-0.00194113,-0.01898808
actuator_loss_00,actuator_loss,2709,0.80000000,0.00000000,-0.00164103,-0.00058144,0.03244582,0.00029865,-0.00219646,0.01881858
actuator_loss_00,actuator_loss,2709,0.82000000,0.00000000,0.00181534,-0.00249553,-0.02019855,0.00026272,-0.00179665,-0.01171516
actuator_loss_00,actuator_loss,2709,0.84000000,0.00000000,0.00422138,-0.00345751,-0.05869728,0.00022406,-0.00193285,-0.03404442
actuator_loss_00,actuator_loss,2709,0.86000000,0.00000000,-0.00230052,-0.00708850,0.07685179,0.00017515,-0.00244575,0.04457404
actuator_loss_00,actuator_loss,2709,0.88000000,0.00000000,0.00424369,0.01052954,-0.12903406,0.00014321,-0.00159696,-0.07483976
actuator_loss_00,actuator_loss,2709,0.90000000,0.00000000,0.00085853,0.00383284,-0.03461770,0.00008683,-0.00281894,-0.02007827
actuator_loss_00,actuator_loss,2709,0.92000000,0.00000000,0.00610438,-0.00986681,-0.06054480,0.00002559,-0.00306163,-0.03511599
actuator_loss_00,actuator_loss,2709,0.94000000,0.00000000,-0.00056466,0.00218501,-0.00076116,-0.00004546,-0.00355264,-0.00044148
actuator_loss_00,actuator_loss,2709,0.96000000,0.00000000,-0.00156829,-0.00467941,0.05162629,-0.00011413,-0.00343365,0.02994325
actuator_loss_00,actuator_loss,2709,0.98000000,0.00000000,0.00354477,-0.00383125,-0.04464957,-0.00017012,-0.00279968,-0.02589675
actuator_loss_00,actuator_loss,2709,1.00000000,0.50000000,0.00250778,-0.00332811,8.97150048,-0.00023297,-0.00314248,5.20347028
actuator_loss_00,actuator_loss,2709,1.02000000,0.50000000,0.00159391,0.08711185,8.53575043,0.00148475,0.08588632,4.95073525
actuator_loss_00,actuator_loss,2709,1.04000000,0.50000000,0.00168374,0.15833024,8.17804154,0.00483326,0.16742534,4.74326409
actuator_loss_00,actuator_loss,2709,1.06000000,0.50000000,0.00962797,0.23530796,7.65015676,0.00968356,0.24251480,4.43709092
actuator_loss_00,actuator_loss,2709,1.08000000,0.50000000,0.01381082,0.30268147,7.23799779,0.01587751,0.30969782,4.19803872
actuator_loss_00,actuator_loss,2709,1.10000000,0.50000000,0.02218928,0.36809595,6.76011324,0.02328557,0.37040297,3.92086568
actuator_loss_00,actuator_loss,2709,1.12000000,0.50000000,0.03294514,0.41374255,6.33827467,0.03176976,0.42420958,3.67619931
actuator_loss_00,actuator_loss,2709,1.14000000,0.50000000,0.04387035,0.46466489,5.88700920,0.04120814,0.47191882,3.41446534
actuator_loss_00,actuator_loss,2709,1.16000000,0.50000000,0.04841901,0.52677198,5.49459799,0.05147726,0.51345623,3.18686683
actuator_loss_00,actuator_loss,2709,1.18000000,0.50000000,0.06205948,0.54945746,5.13564208,0.06246976,0.54962495,2.97867241
actuator_loss_00,actuator_loss,2709,1.20000000,0.50000000,0.07448051,0.57296487,4.79452644,0.07408872,0.58094777,2.78082534
actuator_loss_00,actuator_loss,2709,1.22000000,0.50000000,0.08127992,0.60926564,4.49063316,0.08624420,0.60777412,2.60456723
actuator_loss_00,actuator_loss,2709,1.24000000,0.50000000,0.09643660,0.63211756,4.10355338,0.09885686,0.63063306,2.38006096
actuator_loss_00,actuator_loss,2709,1.26000000,0.50000000,0.11246585,0.64572688,3.74698024,0.11183369,0.64884144,2.17324854
actuator_loss_00,actuator_loss,2709,1.28000000,0.50000000,0.12160340,0.65415437,3.54036695,0.12509104,0.66286726,2.05341283
actuator_loss_00,actuator_loss,2709,1.30000000,0.50000000,0.14789323,0.67417876,2.96702812,0.13857795,0.67434575,1.72087631
actuator_loss_00,actuator_loss,2709,1.32000000,0.50000000,0.15412897,0.68076830,2.82183699,0.15217261,0.67973302,1.63666546
actuator_loss_00,actuator_loss,2709,1.34000000,0.50000000,0.16464613,0.67384875,2.66712601,0.16584240,0.68348940,1.54693309
actuator_loss_00,actuator_loss,2709,1.36000000,0.50000000,0.17590951,0.67829678,2.44214484,0.17955397,0.68557864,1.41644401
actuator_loss_00,actuator_loss,2709,1.38000000,0.50000000,0.19721209,0.68892688,2.00554805,0.19326125,0.68536367,1.16321787
actuator_loss_00,actuator_loss,2709,1.40000000,0.50000000,0.20692912,0.68188889,1.86583148,0.20687783,0.68082923,1.08218226
actuator_loss_00,actuator_loss,2709,1.42000000,0.50000000,0.21872529,0.67783604,1.67376458,0.22037926,0.67507157,0.97078346
actuator_loss_00,actuator_loss,2709,1.44000000,0.50000000,0.23498683,0.66739976,1.43323822,0.23373157,0.66761539,0.83127817
actuator_loss_00,actuator_loss,2709,1.46000000,0.50000000,0.25186326,0.65304682,1.20122731,0.24689239,0.65804093,0.69671184
actuator_loss_00,actuator_loss,2709,1.48000000,0.50000000,0.26176303,0.64535473,1.06149178,0.25982255,0.64650803,0.61566523
actuator_loss_00,actuator_loss,2709,1.50000000,0.50000000,0.26804512,0.63443531,1.00301129,0.27250257,0.63400099,0.58174655
actuator_loss_00,actuator_loss,2709,1.52000000,0.50000000,0.28452749,0.63200255,0.71849241,0.28492976,0.62135982,0.41672560
actuator_loss_00,actuator_loss,2709,1.54000000,0.50000000,0.30059787,0.60609349,0.55877094,0.29705675,0.60634903,0.32408714
actuator_loss_00,actuator_loss,2709,1.56000000,0.50000000,0.30945550,0.58746335,0.49248421,0.30886254,0.59028990,0.28564084
actuator_loss_00,actuator_loss,2709,1.58000000,0.50000000,0.32231106,0.57323226,0.33223971,0.32034546,0.57414579,0.19269903
actuator_loss_00,actuator_loss,2709,1.60000000,0.50000000,0.33096047,0.55973371,0.24404298,0.33148523,0.55698853,0.14154493
actuator_loss_00,actuator_loss,2709,1.62000000,0.50000000,0.33937855,0.54625428,0.15991477,0.34227659,0.53956825,0.09275057
actuator_loss_00,actuator_loss,2709,1.64000000,0.50000000,0.35325340,0.52006767,0.04110051,0.35271529,0.52193466,0.02383829
actuator_loss_00,actuator_loss,2709,1.66000000,0.50000000,0.36125300,0.50431831,-0.02414544,0.36279032,0.50375157,-0.01400435
actuator_loss_00,actuator_loss,2709,1.68000000,0.50000000,0.37554129,0.48222485,-0.17086744,0.37250171,0.48556948,-0.09910311
actuator_loss_00,actuator_loss,2709,1.70000000,0.50000000,0.37766824,0.46737374,-0.13489701,0.38183333,0.46658084,-0.07824027
actuator_loss_00,actuator_loss,2709,1.72000000,0.50000000,0.38694556,0.45391672,-0.23460361,0.39080583,0.44862504,-0.13607009
actuator_loss_00,actuator_loss,2709,1.74000000,0.50000000,0.39869602,0.43336902,-0.34337337,0.39941224,0.43032061,-0.19915656
actuator_loss_00,actuator_loss,2709,1.76000000,0.50000000,0.40914838,0.39842831,-0.35681244,0.40764404,0.41159013,-0.20695122
actuator_loss_00,actuator_loss,2709,1.78000000,0.50000000,0.41850840,0.39160077,-0.49115508,0.41551191,0.39339360,-0.28486995
actuator_loss_00,actuator_loss,2709,1.80000000,0.50000000,0.42047939,0.37975259,-0.46739190,0.42300219,0.37451372,-0.27108730
actuator_loss_00,actuator_loss,2709,1.82000000,0.50000000,0.42693261,0.34645643,-0.41706911,0.43013302,0.35654183,-0.24190008
actuator_loss_00,actuator_loss,2709,1.84000000,0.50000000,0.43392109,0.34224124,-0.52178580,0.43692720,0.33970883,-0.30263576
actuator_loss_00,actuator_loss,2709,1.86000000,0.50000000,0.44409996,0.31478409,-0.56771973,0.44337595,0.32243753,-0.32927745
actuator_loss_00,actuator_loss,2709,1.88000000,0.50000000,0.44969073,0.30188734,-0.60386990,0.44948247,0.30532616,-0.35024454
actuator_loss_00,actuator_loss,2709,1.90000000,0.50000000,0.45903948,0.27819221,-0.65367162,0.45525179,0.28846598,-0.37912954
actuator_loss_00,actuator_loss,2709,1.92000000,0.50000000,0.45994069,0.27227036,-0.64028428,0.46068605,0.27171274,-0.37136488
actuator_loss_00,actuator_loss,2709,1.94000000,0.50000000,0.46419692,0.25728677,-0.64197835,0.46579983,0.25568891,-0.37234744
actuator_loss_00,actuator_loss,2709,1.96000000,0.50000000,0.46996011,0.23391043,-0.62883418,0.47060421,0.24021903,-0.36472382
actuator_loss_00,actuator_loss,2709,1.98000000,0.50000000,0.47803030,0.22531074,-0.73109900,0.47511282,0.22543043,-0.42403742
actuator_loss_00,actuator_loss,2709,2.00000000,0.50000000,0.47594404,0.21062220,-0.62010379,0.47931592,0.21015503,-0.35966020
actuator_loss_00,actuator_loss,2709,2.02000000,0.50000000,0.47847376,0.19906288,-0.60784208,0.48324639,0.19652379,-0.35254840
actuator_loss_00,actuator_loss,2709,2.04000000,0.50000000,0.48669975,0.19021915,-0.71169127,0.48691638,0.18349959,-0.41278094
actuator_loss_00,actuator_loss,2709,2.06000000,0.50000000,0.49140657,0.17691636,-0.72990005,0.49031459,0.16991005,-0.42334203
actuator_loss_00,actuator_loss,2709,2.08000000,0.50000000,0.49172318,0.16177941,-0.65991423,0.49344707,0.15662407,-0.38275025
actuator_loss_00,actuator_loss,2709,2.10000000,0.50000000,0.49958545,0.13830025,-0.68403936,0.49633717,0.14450495,-0.39674283
actuator_loss_00,actuator_loss,2709,2.12000000,0.50000000,0.49682002,0.12335747,-0.55954762,0.49898873,0.13257839,-0.32453762
actuator_loss_00,actuator_loss,2709,2.14000000,0.50000000,0.50530752,0.11940870,-0.69257880,0.50143494,0.12231047,-0.40169570
actuator_loss_00,actuator_loss,2709,2.16000000,0.50000000,0.49991711,0.11642562,-0.58063617,0.50365674,0.11108980,-0.33676898
actuator_loss_00,actuator_loss,2709,2.18000000,0.50000000,0.50369065,0.10449791,-0.58892121,0.50568430,0.10137826,-0.34157430
actuator_loss_00,actuator_loss,2709,2.20000000,0.50000000,0.51524366,0.09742364,-0.76150410,0.50752291,0.09193052,-0.44167238
actuator_loss_00,actuator_loss,2709,2.22000000,0.50000000,0.51308240,0.08277629,-0.64936460,0.50914509,0.08110882,-0.37663147
actuator_loss_00,actuator_loss,2709,2.24000000,0.50000000,0.51148445,0.06633882,-0.53841427,0.51058077,0.07178398,-0.31228028
actuator_loss_00,actuator_loss,2709,2.26000000,0.50000000,0.51638445,0.06727394,-0.63128977,0.51185859,0.06389091,-0.36614806
actuator_loss_00,actuator_loss,2709,2.28000000,0.50000000,0.51254066,0.04299104,-0.44068709,0.51296576,0.05535849,-0.25559851
actuator_loss_00,actuator_loss,2709,2.30000000,0.50000000,0.51428180,0.04628662,-0.48850551,0.51394614,0.04901904,-0.28333320
actuator_loss_00,actuator_loss,2709,2.32000000,0.50000000,0.51474927,0.04092305,-0.47010214,0.51479477,0.04243147,-0.27265924
actuator_loss_00,actuator_loss,2709,2.34000000,0.50000000,0.51471566,0.03614587,-0.44561124,0.51551999,0.03626094,-0.25845452
actuator_loss_00,actuator_loss,2709,2.36000000,0.50000000,0.51951213,0.03476506,-0.52504372,0.51613105,0.03055291,-0.30452536
actuator_loss_00,actuator_loss,2709,2.38000000,0.50000000,0.52035043,0.03155862,-0.52410092,0.51661626,0.02426094,-0.30397854
actuator_loss_00,actuator_loss,2709,2.40000000,0.50000000,0.51184815,0.01667240,-0.29662873,0.51698031,0.01820242,-0.17204466
actuator_loss_00,actuator_loss,2709,2.42000000,0.50000000,0.51675982,0.01467118,-0.37503265,0.51727260,0.01461418,-0.21751894
actuator_loss_00,actuator_loss,2709,2.44000000,0.50000000,0.52005313,0.00938843,-0.40789841,0.51748013,0.01037669,-0.23658108
actuator_loss_00,actuator_loss,2709,2.46000000,0.50000000,0.51896402,0.01732846,-0.42799460,0.51759942,0.00596439,-0.24823687
actuator_loss_00,actuator_loss,2709,2.48000000,0.50000000,0.52176903,-0.00153117,-0.38418667,0.51762962,0.00151008,-0.22282827
actuator_loss_00,actuator_loss,2709,2.50000000,0.50000000,0.51871466,0.00730565,-0.37339206,0.51758259,-0.00235139,-0.21656739
actuator_loss_00,actuator_loss,2709,2.52000000,0.50000000,0.51502377,0.00403439,-0.29059979,0.51746323,-0.00596834,-0.16854788
actuator_loss_00,actuator_loss,2709,2.54000000,0.50000000,0.52036892,0.00051892,-0.36923521,0.51729051,-0.00863591,-0.21415642
actuator_loss_00,actuator_loss,2709,2.56000000,0.50000000,0.51356986,-0.02230640,-0.13272553,0.51705075,-0.01198781,-0.07698081
actuator_loss_00,actuator_loss,2709,2.58000000,0.50000000,0.51597044,-0.00677036,-0.25361611,0.51679323,-0.01287628,-0.14709735
actuator_loss_00,actuator_loss,2709,2.60000000,0.50000000,0.51437456,-0.01921288,-0.16267762,0.51649460,-0.01493124,-0.09435302
actuator_loss_00,actuator_loss,2709,2.62000000,0.50000000,0.51662369,-0.01301010,-0.23417591,0.51617437,-0.01601172,-0.13582203
actuator_loss_00,actuator_loss,2709,2.64000000,0.50000000,0.52156850,-0.01690717,-0.30369712,0.51581912,-0.01776234,-0.17614433
actuator_loss_00,actuator_loss,2709,2.66000000,0.50000000,0.51483632,-0.01123746,-0.21086636,0.51541633,-0.02013963,-0.12230249
actuator_loss_00,actuator_loss,2709,2.68000000,0.50000000,0.51564246,-0.01310006,-0.21606402,0.51498608,-0.02151219,-0.12531713
actuator_loss_00,actuator_loss,2709,2.70000000,0.50000000,0.51280417,-0.02812142,-0.08986799,0.51452834,-0.02288738,-0.05212343
actuator_loss_00,actuator_loss,2709,2.72000000,0.50000000,0.51118609,-0.02553594,-0.07366986,0.51406908,-0.02296286,-0.04272852
actuator_loss_00,actuator_loss,2709,2.74000000,0.50000000,0.51138104,-0.01841415,-0.11278799,0.51361158,-0.02287510,-0.06541703
actuator_loss_00,actuator_loss,2709,2.76000000,0.50000000,0.50824628,-0.02143856,-0.04124019,0.51314801,-0.02317818,-0.02391931
actuator_loss_00,actuator_loss,2709,2.78000000,0.50000000,0.50908098,-0.01983966,-0.06425936,0.51269279,-0.02276134,-0.03727043
actuator_loss_00,actuator_loss,2709,2.80000000,0.50000000,0.50809059,-0.02390856,-0.02608784,0.51224104,-0.02258750,-0.01513095
actuator_loss_00,actuator_loss,2709,2.82000000,0.50000000,0.51476523,-0.02622565,-0.13464596,0.51180021,-0.02204153,-0.07809465
actuator_loss_00,actuator_loss,2709,2.84000000,0.50000000,0.51115366,-0.02611986,-0.07016652,0.51134839,-0.02259093,-0.04069658
actuator_loss_00,actuator_loss,2709,2.86000000,0.50000000,0.50911823,-0.03295514,0.00064754,0.51089875,-0.02248170,0.00037557
actuator_loss_00,actuator_loss,2709,2.88000000,0.50000000,0.51244354,-0.03231941,-0.06238662,0.51046526,-0.02167452,-0.03618424
actuator_loss_00,actuator_loss,2709,2.90000000,0.50000000,0.51395719,-0.01110542,-0.19570239,0.51003485,-0.02152083,-0.11350739
actuator_loss_00,actuator_loss,2709,2.92000000,0.50000000,0.51073585,-0.02663261,-0.06008231,0.50958097,-0.02269390,-0.03484774
actuator_loss_00,actuator_loss,2709,2.94000000,0.50000000,0.51059041,-0.02223621,-0.07944639,0.50913135,-0.02248106,-0.04607891
actuator_loss_00,actuator_loss,2709,2.96000000,0.50000000,0.51326053,-0.02056110,-0.13588401,0.50868199,-0.02246772,-0.07881272
actuator_loss_00,actuator_loss,2709,2.98000000,0.50000000,0.50216543,-0.02274272,0.07473591,0.50822171,-0.02301421,0.04334683
actuator_loss_00,actuator_loss,2709,3.00000000,-0.30000000,0.51041210,-0.01335504,-12.00000000,0.50779263,-0.02145377,-6.96000000
actuator_loss_00,actuator_loss,2709,3.02000000,-0.30000000,0.50465160,-0.14430437,-12.00000000,0.50500019,-0.13962207,-6.96000000
actuator_loss_00,actuator_loss,2709,3.04000000,-0.30000000,0.49423783,-0.24994065,-12.00000000,0.49992856,-0.25358142,-6.96000000
actuator_loss_00,actuator_loss,2709,3.06000000,-0.30000000,0.49399931,-0.36712950,-12.00000000,0.49265893,-0.36348172,-6.96000000
actuator_loss_00,actuator_loss,2709,3.08000000,-0.30000000,0.48292453,-0.47687855,-11.70824875,0.48326958,-0.46946756,-6.79078427
actuator_loss_00,actuator_loss,2709,3.10000000,-0.30000000,0.47104956,-0.56839936,-11.03689529,0.47189384,-0.56878680,-6.40139927
actuator_loss_00,actuator_loss,2709,3.12000000,-0.30000000,0.46122820,-0.66394831,-10.38236608,0.45873555,-0.65791465,-6.02177232
actuator_loss_00,actuator_loss,2709,3.14000000,-0.30000000,0.44619676,-0.73541667,-9.75445836,0.44398793,-0.73738086,-5.65758585
actuator_loss_00,actuator_loss,2709,3.16000000,-0.30000000,0.42329741,-0.80698164,-8.98444513,0.42783206,-0.80779339,-5.21097818
actuator_loss_00,actuator_loss,2709,3.18000000,-0.30000000,0.41411116,-0.86944057,-8.50679798,0.41047074,-0.86806632,-4.93394283
actuator_loss_00,actuator_loss,2709,3.20000000,-0.30000000,0.38807678,-0.92379623,-7.76640087,0.39204157,-0.92145845,-4.50451251
actuator_loss_00,actuator_loss,2709,3.22000000,-0.30000000,0.37505035,-0.95304511,-7.38568081,0.37272935,-0.96561073,-4.28369487
actuator_loss_00,actuator_loss,2709,3.24000000,-0.30000000,0.35717378,-1.01474075,-6.75542432,0.35264101,-1.00441706,-3.91814610
actuator_loss_00,actuator_loss,2709,3.26000000,-0.30000000,0.32499791,-1.03384517,-6.08073646,0.33192912,-1.03559468,-3.52682715
actuator_loss_00,actuator_loss,2709,3.28000000,-0.30000000,0.30693178,-1.06569692,-5.59628745,0.31074962,-1.05897494,-3.24584672
actuator_loss_00,actuator_loss,2709,3.30000000,-0.30000000,0.28492072,-1.07272560,-5.16494492,0.28921520,-1.07672105,-2.99566806
actuator_loss_00,actuator_loss,2709,3.32000000,-0.30000000,0.26935256,-1.09602920,-4.76820002,0.26742400,-1.08956001,-2.76555601
actuator_loss_00,actuator_loss,2709,3.34000000,-0.30000000,0.24535175,-1.10911340,-4.27076453,0.24546381,-1.09800953,-2.47704343
actuator_loss_00,actuator_loss,2709,3.36000000,-0.30000000,0.23030748,-1.10041228,-4.04347331,0.22343925,-1.10122798,-2.34521452
actuator_loss_00,actuator_loss,2709,3.38000000,-0.30000000,0.20168755,-1.11045250,-3.47811336,0.20139767,-1.10207911,-2.01730575
actuator_loss_00,actuator_loss,2709,3.40000000,-0.30000000,0.17899470,-1.09982698,-3.12276968,0.17945173,-1.09729661,-1.81120642
actuator_loss_00,actuator_loss,2709,3.42000000,-0.30000000,0.15864198,-1.09892654,-2.76092294,0.15766848,-1.08916264,-1.60133531
actuator_loss_00,actuator_loss,2709,3.44000000,-0.30000000,0.13086853,-1.08114707,-2.34989812,0.13611384,-1.07773211,-1.36294091
actuator_loss_00,actuator_loss,2709,3.46000000,-0.30000000,0.11634450,-1.04891217,-2.24964018,0.11486114,-1.06263503,-1.30479130
actuator_loss_00,actuator_loss,2709,3.48000000,-0.30000000,0.09330481,-1.04978017,-1.83058575,0.09391950,-1.04708202,-1.06173973
actuator_loss_00,actuator_loss,2709,3.50000000,-0.30000000,0.07428458,-1.01776853,-1.64827984,0.07336090,-1.02792972,-0.95600231
actuator_loss_00,actuator_loss,2709,3.52000000,-0.30000000,0.05661290,-1.01277357,-1.35516426,0.05320785,-1.00765276,-0.78599527
actuator_loss_00,actuator_loss,2709,3.54000000,-0.30000000,0.03455842,-0.97901707,-1.12696630,0.03350399,-0.98519295,-0.65364045
actuator_loss_00,actuator_loss,2709,3.56000000,-0.30000000,0.00752427,-0.96356299,-0.71762184,0.01427856,-0.96127143,-0.41622067
actuator_loss_00,actuator_loss,2709,3.58000000,-0.30000000,-0.00314952,-0.92849060,-0.70085556,-0.00440434,-0.93414494,-0.40649622
actuator_loss_00,actuator_loss,2709,3.60000000,-0.30000000,-0.02148103,-0.90763872,-0.47514786,-0.02256071,-0.90781847,-0.27558576
actuator_loss_00,actuator_loss,2709,3.62000000,-0.30000000,-0.03647797,-0.88170254,-0.33488381,-0.04016456,-0.88019271,-0.19423261
actuator_loss_00,actuator_loss,2709,3.64000000,-0.30000000,-0.05547077,-0.84159392,-0.19355658,-0.05720778,-0.85216077,-0.11226282
actuator_loss_00,actuator_loss,2709,3.66000000,-0.30000000,-0.07232028,-0.83213466,0.06243845,-0.07368231,-0.82372659,0.03621430
actuator_loss_00,actuator_loss,2709,3.68000000,-0.30000000,-0.08809877,-0.79629933,0.16727450,-0.08955767,-0.79376800,0.09701921
actuator_loss_00,actuator_loss,2709,3.70000000,-0.30000000,-0.10450292,-0.76997816,0.33094334,-0.10483442,-0.76383745,0.19194713
actuator_loss_00,actuator_loss,2709,3.72000000,-0.30000000,-0.11801234,-0.73957779,0.42211104,-0.11950143,-0.73335086,0.24482440
actuator_loss_00,actuator_loss,2709,3.74000000,-0.30000000,-0.13386543,-0.70385747,0.52886505,-0.13356237,-0.70304657,0.30674173
actuator_loss_00,actuator_loss,2709,3.76000000,-0.30000000,-0.14693634,-0.66933426,0.59152538,-0.14701764,-0.67276364,0.34308472
actuator_loss_00,actuator_loss,2709,3.78000000,-0.30000000,-0.15671771,-0.64015247,0.62168107,-0.15987641,-0.64293830,0.36057502
actuator_loss_00,actuator_loss,2709,3.80000000,-0.30000000,-0.17431197,-0.62299576,0.85259423,-0.17215393,-0.61387641,0.49450465
actuator_loss_00,actuator_loss,2709,3.82000000,-0.30000000,-0.18462638,-0.58326349,0.83959231,-0.18382515,-0.58356107,0.48696354
actuator_loss_00,actuator_loss,2709,3.84000000,-0.30000000,-0.19867510,-0.56188729,0.98558833,-0.19491424,-0.55445438,0.57164123
actuator_loss_00,actuator_loss,2709,3.86000000,-0.30000000,-0.20801914,-0.52903116,0.98950033,-0.20541299,-0.52493744,0.57391019
actuator_loss_00,actuator_loss,2709,3.88000000,-0.30000000,-0.21177979,-0.49549467,0.88950964,-0.21534165,-0.49643308,0.51591559
actuator_loss_00,actuator_loss,2709,3.90000000,-0.30000000,-0.22426242,-0.47018320,0.98763953,-0.22474035,-0.46993500,0.57283093
actuator_loss_00,actuator_loss,2709,3.92000000,-0.30000000,-0.23258967,-0.44973327,1.03528037,-0.23360852,-0.44340818,0.60046261
actuator_loss_00,actuator_loss,2709,3.94000000,-0.30000000,-0.23762188,-0.42092534,0.98182061,-0.24195560,-0.41735402,0.56945595
actuator_loss_00,actuator_loss,2709,3.96000000,-0.30000000,-0.24907270,-0.39643279,1.06547257,-0.24981075,-0.39275771,0.61797409
actuator_loss_00,actuator_loss,2709,3.98000000,-0.30000000,-0.25595596,-0.37105604,1.06248756,-0.25717492,-0.36820840,0.61624278
actuator_loss_00,actuator_loss,2709,4.00000000,-0.30000000,-0.26146265,-0.35089900,1.06082264,-0.26406618,-0.34456309,0.61527713
actuator_loss_00,actuator_loss,2709,4.02000000,-0.30000000,-0.26940062,-0.31541353,1.02627888,-0.27050171,-0.32177648,0.59524175
actuator_loss_00,actuator_loss,2709,4.04000000,-0.30000000,-0.27906663,-0.29078856,1.07714205,-0.27650459,-0.30014385,0.62474239
actuator_loss_00,actuator_loss,2709,4.06000000,-0.30000000,-0.28478265,-0.26992142,1.07569482,-0.28208014,-0.27877764,0.62390300
actuator_loss_00,actuator_loss,2709,4.08000000,-0.30000000,-0.28609323,-0.26406289,1.06999263,-0.28724388,-0.25818679,0.62059573
actuator_loss_00,actuator_loss,2709,4.10000000,-0.30000000,-0.28648950,-0.23972500,0.95543603,-0.29201159,-0.23838588,0.55415290
actuator_loss_00,actuator_loss,2709,4.12000000,-0.30000000,-0.29747636,-0.21393994,1.02427412,-0.29642011,-0.22042561,0.59407899
actuator_loss_00,actuator_loss,2709,4.14000000,-0.30000000,-0.30588825,-0.19642843,1.08813066,-0.30046856,-0.20242280,0.63111578
actuator_loss_00,actuator_loss,2709,4.16000000,-0.30000000,-0.29978957,-0.18338864,0.91315538,-0.30415713,-0.18442834,0.52963012
actuator_loss_00,actuator_loss,2709,4.18000000,-0.30000000,-0.30517195,-0.16643456,0.92526797,-0.30753331,-0.16880899,0.53665542
actuator_loss_00,actuator_loss,2709,4.20000000,-0.30000000,-0.30936059,-0.14877861,0.91238371,-0.31060583,-0.15362594,0.52918255
actuator_loss_00,actuator_loss,2709,4.22000000,-0.30000000,-0.32042955,-0.13408487,1.03815623,-0.31338805,-0.13911137,0.60213061
actuator_loss_00,actuator_loss,2709,4.24000000,-0.30000000,-0.30993557,-0.12448082,0.80124442,-0.31586540,-0.12386725,0.46472176
actuator_loss_00,actuator_loss,2709,4.26000000,-0.30000000,-0.32092459,-0.11133727,0.93332891,-0.31809568,-0.11151415,0.54133077
actuator_loss_00,actuator_loss,2709,4.28000000,-0.30000000,-0.32312565,-0.09395618,0.88604254,-0.32006152,-0.09829194,0.51390467
actuator_loss_00,actuator_loss,2709,4.30000000,-0.30000000,-0.31983160,-0.09211106,0.81752406,-0.32178171,-0.08600935,0.47416396
actuator_loss_00,actuator_loss,2709,4.32000000,-0.30000000,-0.32478690,-0.09165689,0.90444867,-0.32327857,-0.07484333,0.52458023
actuator_loss_00,actuator_loss,2709,4.34000000,-0.30000000,-0.32618879,-0.06671275,0.80496192,-0.32454284,-0.06321351,0.46687792
actuator_loss_00,actuator_loss,2709,4.36000000,-0.30000000,-0.32720314,-0.05206019,0.74995741,-0.32560252,-0.05298394,0.43497530
actuator_loss_00,actuator_loss,2709,4.38000000,-0.30000000,-0.32694218,-0.03823238,0.67612111,-0.32647580,-0.04366389,0.39215024
actuator_loss_00,actuator_loss,2709,4.40000000,-0.30000000,-0.32870227,-0.03829987,0.70814014,-0.32718395,-0.03540759,0.41072128
actuator_loss_00,actuator_loss,2709,4.42000000,-0.30000000,-0.32611565,-0.02602848,0.60022407,-0.32772651,-0.02712803,0.34812996
actuator_loss_00,actuator_loss,2709,4.44000000,-0.30000000,-0.33207339,-0.02211322,0.68788717,-0.32813077,-0.02021293,0.39897456
actuator_loss_00,actuator_loss,2709,4.46000000,-0.30000000,-0.32163580,-0.01186066,0.44874777,-0.32838428,-0.01267531,0.26027371
actuator_loss_00,actuator_loss,2709,4.48000000,-0.30000000,-0.32878796,-0.01307229,0.58354478,-0.32853980,-0.00777628,0.33845597
actuator_loss_00,actuator_loss,2709,4.50000000,-0.30000000,-0.32547296,-0.01178821,0.51745438,-0.32857412,-0.00171577,0.30012354
actuator_loss_00,actuator_loss,2709,4.52000000,-0.30000000,-0.32781868,-0.00619560,0.53171421,-0.32850464,0.00347386,0.30839424
actuator_loss_00,actuator_loss,2709,4.54000000,-0.30000000,-0.32768077,0.00256650,0.48542129,-0.32833224,0.00861996,0.28154435
actuator_loss_00,actuator_loss,2709,4.56000000,-0.30000000,-0.32891342,0.00858082,0.47753742,-0.32806976,0.01312396,0.27697171
actuator_loss_00,actuator_loss,2709,4.58000000,-0.30000000,-0.32272468,0.01890986,0.31449491,-0.32772198,0.01738940,0.18240705
actuator_loss_00,actuator_loss,2709,4.60000000,-0.30000000,-0.32543523,0.01201766,0.39774595,-0.32732424,0.01988699,0.23069265
actuator_loss_00,actuator_loss,2709,4.62000000,-0.30000000,-0.32500748,0.01934695,0.35339983,-0.32686182,0.02312072,0.20497190
actuator_loss_00,actuator_loss,2709,4.64000000,-0.30000000,-0.32722548,0.02518530,0.36413224,-0.32634583,0.02579976,0.21119670
actuator_loss_00,actuator_loss,2709,4.66000000,-0.30000000,-0.32482121,0.02033153,0.34512411,-0.32577603,0.02848975,0.20017198
actuator_loss_00,actuator_loss,2709,4.68000000,-0.30000000,-0.32272835,0.02833472,0.26743674,-0.32515812,0.03089553,0.15511331
actuator_loss_00,actuator_loss,2709,4.70000000,-0.30000000,-0.32786588,0.03413248,0.33092336,-0.32450921,0.03244566,0.19193555
actuator_loss_00,actuator_loss,2709,4.72000000,-0.30000000,-0.32267122,0.03266245,0.24476972,-0.32381781,0.03456979,0.14196644
actuator_loss_00,actuator_loss,2709,4.74000000,-0.30000000,-0.32328652,0.03519270,0.24319385,-0.32310252,0.03576439,0.14105243
actuator_loss_00,actuator_loss,2709,4.76000000,-0.30000000,-0.32351100,0.03716734,0.23736137,-0.32236451,0.03690083,0.13766960
actuator_loss_00,actuator_loss,2709,4.78000000,-0.30000000,-0.31998833,0.03810983,0.16924072,-0.32160573,0.03793898,0.09815962
actuator_loss_00,actuator_loss,2709,4.80000000,-0.30000000,-0.32318450,0.02279334,0.30335421,-0.32084043,0.03826501,0.17594544
actuator_loss_00,actuator_loss,2709,4.82000000,-0.30000000,-0.32379640,0.04013264,0.22767202,-0.32004226,0.03990863,0.13204977
actuator_loss_00,actuator_loss,2709,4.84000000,-0.30000000,-0.31858361,0.03439170,0.16254650,-0.31922738,0.04074362,0.09427697
actuator_loss_00,actuator_loss,2709,4.86000000,-0.30000000,-0.32614464,0.04116728,0.26476718,-0.31840931,0.04090340,0.15356497
actuator_loss_00,actuator_loss,2709,4.88000000,-0.30000000,-0.31583455,0.04490780,0.06048286,-0.31756790,0.04207061,0.03508006
actuator_loss_00,actuator_loss,2709,4.90000000,-0.30000000,-0.31521387,0.04627807,0.04245933,-0.31674447,0.04117157,0.02462641
actuator_loss_00,actuator_loss,2709,4.92000000,-0.30000000,-0.31337586,0.03536421,0.06394451,-0.31594195,0.04012593,0.03708782
actuator_loss_00,actuator_loss,2709,4.94000000,-0.30000000,-0.31707618,0.03699401,0.12240113,-0.31515534,0.03933046,0.07099265
actuator_loss_00,actuator_loss,2709,4.96000000,-0.30000000,-0.31593351,0.04112238,0.08119134,-0.31437249,0.03914270,0.04709098
actuator_loss_00,actuator_loss,2709,4.98000000,-0.30000000,-0.31657237,0.04690714,0.06376694,-0.31360143,0.03855320,0.03698482
actuator_loss_00,actuator_loss,2709,5.00000000,0.80000000,-0.31428386,0.04540125,12.00000000,-0.31284519,0.03781199,6.96000000
actuator_loss_00,actuator_loss,2709,5.02000000,0.80000000,-0.31225068,0.15803047,12.00000000,-0.30973723,0.15539764,6.96000000
actuator_loss_00,actuator_loss,2709,5.04000000,0.80000000,-0.29749219,0.26646476,12.00000000,-0.30436133,0.26879508,6.96000000
actuator_loss_00,actuator_loss,2709,5.06000000,0.80000000,-0.29822280,0.38215202,12.00000000,-0.29679826,0.37815350,6.96000000
actuator_loss_00,actuator_loss,2709,5.08000000,0.80000000,-0.28720892,0.46786934,12.00000000,-0.28712593,0.48361676,6.96000000
actuator_loss_00,actuator_loss,2709,5.10000000,0.80000000,-0.27680270,0.59375011,12.00000000,-0.27541945,0.58532359,6.96000000
actuator_loss_00,actuator_loss,2709,5.12000000,0.80000000,-0.26352031,0.68627451,12.00000000,-0.26175130,0.68340779,6.96000000
actuator_loss_00,actuator_loss,2709,5.14000000,0.80000000,-0.24728050,0.78347398,12.00000000,-0.24619133,0.77799840,6.96000000
actuator_loss_00,actuator_loss,2709,5.16000000,0.80000000,-0.23209710,0.86868021,12.00000000,-0.22880693,0.86921985,6.96000000
actuator_loss_00,actuator_loss,2709,5.18000000,0.80000000,-0.21448770,0.96196416,12.00000000,-0.20966309,0.95719215,6.96000000
actuator_loss_00,actuator_loss,2709,5.20000000,0.80000000,-0.18804009,1.03720632,12.00000000,-0.18882247,1.04203102,6.96000000
actuator_loss_00,actuator_loss,2709,5.22000000,0.80000000,-0.16718505,1.12794198,11.76962100,-0.16634551,1.12384808,6.82638018
actuator_loss_00,actuator_loss,2709,5.24000000,0.80000000,-0.14186773,1.18883039,11.00946709,-0.14233616,1.20046765,6.38549091
actuator_loss_00,actuator_loss,2709,5.26000000,0.80000000,-0.11716178,1.27143797,10.15172214,-0.11699967,1.26682425,5.88799884
actuator_loss_00,actuator_loss,2709,5.28000000,0.80000000,-0.09275536,1.32787237,9.43023457,-0.09055335,1.32231620,5.46953605
actuator_loss_00,actuator_loss,2709,5.30000000,0.80000000,-0.06205484,1.36903178,8.67182826,-0.06317973,1.36868092,5.02966039
actuator_loss_00,actuator_loss,2709,5.32000000,0.80000000,-0.04209460,1.39703832,8.17251120,-0.03506218,1.40587762,4.74005649
actuator_loss_00,actuator_loss,2709,5.34000000,0.80000000,-0.00875529,1.44505474,7.33232159,-0.00632616,1.43680069,4.25274652
actuator_loss_00,actuator_loss,2709,5.36000000,0.80000000,0.02249444,1.45129127,6.73864378,0.02283974,1.45829517,3.90841339
actuator_loss_00,actuator_loss,2709,5.38000000,0.80000000,0.06017192,1.48118779,5.91096646,0.05230254,1.47314010,3.42836054
actuator_loss_00,actuator_loss,2709,5.40000000,0.80000000,0.08207944,1.47343744,5.55538279,0.08188761,1.47925314,3.22212202
actuator_loss_00,actuator_loss,2709,5.42000000,0.80000000,0.11908160,1.47503258,4.88136820,0.11152009,1.48162423,2.83119356
actuator_loss_00,actuator_loss,2709,5.44000000,0.80000000,0.14080871,1.47633836,4.48375145,0.14106470,1.47723069,2.60057584
actuator_loss_00,actuator_loss,2709,5.46000000,0.80000000,0.16929022,1.47685689,3.96849158,0.17044576,1.46905284,2.30172512
actuator_loss_00,actuator_loss,2709,5.48000000,0.80000000,0.20066268,1.45308241,3.52265972,0.19956695,1.45605952,2.04314263
actuator_loss_00,actuator_loss,2709,5.50000000,0.80000000,0.22492549,1.43720904,3.16529602,0.22834916,1.43911034,1.83587169
actuator_loss_00,actuator_loss,2709,5.52000000,0.80000000,0.25657057,1.41920921,2.68568376,0.25673362,1.41922302,1.55769658
actuator_loss_00,actuator_loss,2709,5.54000000,0.80000000,0.28647777,1.38970188,2.29489070,0.28463943,1.39529059,1.33103661
actuator_loss_00,actuator_loss,2709,5.56000000,0.80000000,0.30703293,1.36651815,2.04081651,0.31200618,1.36833743,1.18367358
actuator_loss_00,actuator_loss,2709,5.58000000,0.80000000,0.33999078,1.34449863,1.55767290,0.33880270,1.33982616,0.90345028
actuator_loss_00,actuator_loss,2709,5.60000000,0.80000000,0.36607582,1.31078537,1.25670830,0.36495354,1.30754196,0.72889081
actuator_loss_00,actuator_loss,2709,5.62000000,0.80000000,0.39527358,1.27839456,0.89310280,0.39042204,1.27342480,0.51799963
actuator_loss_00,actuator_loss,2709,5.64000000,0.80000000,0.42118798,1.23842630,0.62648496,0.41516042,1.23691912,0.36336128
actuator_loss_00,actuator_loss,2709,5.66000000,0.80000000,0.44037514,1.19259939,0.51025052,0.43914185,1.19907126,0.29594530
actuator_loss_00,actuator_loss,2709,5.68000000,0.80000000,0.46185833,1.15720377,0.30053126,0.46237024,1.16141947,0.17430813
actuator_loss_00,actuator_loss,2709,5.70000000,0.80000000,0.48528965,1.13130591,0.00825674,0.48483084,1.12303024,0.00478891
actuator_loss_00,actuator_loss,2709,5.72000000,0.80000000,0.51260240,1.09267859,-0.29023616,0.50649307,1.08311162,-0.16833698
actuator_loss_00,actuator_loss,2709,5.74000000,0.80000000,0.53015850,1.03256296,-0.30566790,0.52732620,1.04165646,-0.17728738
actuator_loss_00,actuator_loss,2709,5.76000000,0.80000000,0.54704400,0.99884543,-0.44101920,0.54735670,1.00152493,-0.25579114
actuator_loss_00,actuator_loss,2709,5.78000000,0.80000000,0.56597369,0.96774777,-0.62626528,0.56658633,0.96148133,-0.36323386
actuator_loss_00,actuator_loss,2709,5.80000000,0.80000000,0.58631402,0.91804267,-0.74386574,0.58500689,0.92102805,-0.43144213
actuator_loss_00,actuator_loss,2709,5.82000000,0.80000000,0.59864286,0.88309059,-0.79102436,0.60262389,0.88085010,-0.45879413
actuator_loss_00,actuator_loss,2709,5.84000000,0.80000000,0.61725390,0.84468533,-0.93399681,0.61945661,0.84163582,-0.54171815
actuator_loss_00,actuator_loss,2709,5.86000000,0.80000000,0.63568604,0.81404187,-1.11255814,0.63550463,0.80240129,-0.64528372
actuator_loss_00,actuator_loss,2709,5.88000000,0.80000000,0.64720842,0.77481077,-1.12380533,0.65076052,0.76279450,-0.65180709
actuator_loss_00,actuator_loss,2709,5.90000000,0.80000000,0.66368150,0.73013518,-1.19694288,0.66525026,0.72448697,-0.69422687
actuator_loss_00,actuator_loss,2709,5.92000000,0.80000000,0.67806081,0.68576953,-1.23394220,0.67898664,0.68681902,-0.71568647
actuator_loss_00,actuator_loss,2709,5.94000000,0.80000000,0.69678723,0.64878477,-1.38609405,0.69198916,0.65012603,-0.80393455
actuator_loss_00,actuator_loss,2709,5.96000000,0.80000000,0.70259425,0.61110612,-1.30222717,0.70425380,0.61323200,-0.75529176
actuator_loss_00,actuator_loss,2709,5.98000000,0.80000000,0.71871095,0.57714655,-1.42252990,0.71582347,0.57848329,-0.82506734
actuator_loss_00,actuator_loss,2709,6.00000000,0.80000000,0.72990639,0.54673540,-1.47199199,0.72669907,0.54377994,-0.85375536
actuator_loss_00,actuator_loss,2709,6.02000000,0.80000000,0.73481401,0.51441754,-1.39873992,0.73689552,0.50982245,-0.81126915
actuator_loss_00,actuator_loss,2709,6.04000000,0.80000000,0.74510805,0.48194924,-1.42169102,0.74645153,0.47780046,-0.82458079
actuator_loss_00,actuator_loss,2709,6.06000000,0.80000000,0.75495084,0.45129483,-1.44558918,0.75538536,0.44669158,-0.83844172
actuator_loss_00,actuator_loss,2709,6.08000000,0.80000000,0.77018753,0.41046035,-1.51567734,0.76371443,0.41645389,-0.87909286
actuator_loss_00,actuator_loss,2709,6.10000000,0.80000000,0.76782464,0.38738283,-1.35775770,0.77144641,0.38659857,-0.78749947
actuator_loss_00,actuator_loss,2709,6.12000000,0.80000000,0.78029741,0.35869584,-1.43883266,0.77863384,0.35937179,-0.83452295
actuator_loss_00,actuator_loss,2709,6.14000000,0.80000000,0.78343650,0.33676595,-1.38568676,0.78528007,0.33231125,-0.80369832
actuator_loss_00,actuator_loss,2709,6.16000000,0.80000000,0.79444812,0.30914759,-1.44580403,0.79141489,0.30674129,-0.83856634
actuator_loss_00,actuator_loss,2709,6.18000000,0.80000000,0.79675969,0.27372474,-1.31029805,0.79704462,0.28148626,-0.75997287
actuator_loss_00,actuator_loss,2709,6.20000000,0.80000000,0.80311721,0.25141663,-1.31319289,0.80221409,0.25847378,-0.76165188
actuator_loss_00,actuator_loss,2709,6.22000000,0.80000000,0.80598841,0.24312356,-1.32340928,0.80693914,0.23625227,-0.76757738
actuator_loss_00,actuator_loss,2709,6.24000000,0.80000000,0.80889224,0.21329704,-1.22654543,0.81123356,0.21472101,-0.71139635
actuator_loss_00,actuator_loss,2709,6.26000000,0.80000000,0.81062999,0.19456832,-1.16418138,0.81513189,0.19491667,-0.67522520
actuator_loss_00,actuator_loss,2709,6.28000000,0.80000000,0.81992223,0.17697606,-1.24348038,0.81866061,0.17643582,-0.72121862
actuator_loss_00,actuator_loss,2709,6.30000000,0.80000000,0.82681521,0.15692118,-1.26727971,0.82181715,0.15782729,-0.73502223
actuator_loss_00,actuator_loss,2709,6.32000000,0.80000000,0.82568432,0.14531147,-1.18887517,0.82461007,0.13964569,-0.68954760
actuator_loss_00,actuator_loss,2709,6.34000000,0.80000000,0.83262752,0.11298012,-1.15219594,0.82706784,0.12288876,-0.66827365
actuator_loss_00,actuator_loss,2709,6.36000000,0.80000000,0.83408440,0.10789765,-1.15300751,0.82920969,0.10709221,-0.66874436
actuator_loss_00,actuator_loss,2709,6.38000000,0.80000000,0.82878612,0.09307017,-0.98350106,0.83104669,0.09185027,-0.57043061
actuator_loss_00,actuator_loss,2709,6.40000000,0.80000000,0.82742435,0.07261185,-0.85669748,0.83262332,0.07883120,-0.49688454
actuator_loss_00,actuator_loss,2709,6.42000000,0.80000000,0.83296271,0.07225681,-0.95461276,0.83397397,0.06753261,-0.55367540
actuator_loss_00,actuator_loss,2709,6.44000000,0.80000000,0.83368680,0.06148477,-0.91378626,0.83508729,0.05566601,-0.52999603
actuator_loss_00,actuator_loss,2709,6.46000000,0.80000000,0.83837977,0.03971399,-0.88940588,0.83597982,0.04462671,-0.51585541
actuator_loss_00,actuator_loss,2709,6.48000000,0.80000000,0.84061400,0.02766989,-0.86940142,0.83666427,0.03422224,-0.50425282
actuator_loss_00,actuator_loss,2709,6.50000000,0.80000000,0.84338049,0.02438925,-0.90279509,0.83715200,0.02438663,-0.52362115
actuator_loss_00,actuator_loss,2709,6.52000000,0.80000000,0.83345933,0.01633814,-0.68395856,0.83744341,0.01457039,-0.39669596
actuator_loss_00,actuator_loss,2709,6.54000000,0.80000000,0.83615811,0.00987235,-0.70020772,0.83758886,0.00727268,-0.40612048
actuator_loss_00,actuator_loss,2709,6.56000000,0.80000000,0.83745553,-0.00217227,-0.66333826,0.83759034,0.00007385,-0.38473619
actuator_loss_00,actuator_loss,2709,6.58000000,0.80000000,0.83693207,-0.00853389,-0.62210790,0.83746028,-0.00650315,-0.36082258
actuator_loss_00,actuator_loss,2709,6.60000000,0.80000000,0.83779993,-0.00517529,-0.65452231,0.83721153,-0.01243725,-0.37962294
actuator_loss_00,actuator_loss,2709,6.62000000,0.80000000,0.83602181,-0.02457069,-0.52553907,0.83684191,-0.01848125,-0.30481266
actuator_loss_00,actuator_loss,2709,6.64000000,0.80000000,0.83580244,-0.02553449,-0.51677148,0.83638127,-0.02303162,-0.29972746
actuator_loss_00,actuator_loss,2709,6.66000000,0.80000000,0.83591490,-0.01789833,-0.55697661,0.83583461,-0.02733301,-0.32304644
actuator_loss_00,actuator_loss,2709,6.68000000,0.80000000,0.83498408,-0.01878308,-0.53579795,0.83519702,-0.03187967,-0.31076281
actuator_loss_00,actuator_loss,2709,6.70000000,0.80000000,0.82922209,-0.03657287,-0.34313323,0.83447593,-0.03605449,-0.19901727
actuator_loss_00,actuator_loss,2709,6.72000000,0.80000000,0.83334678,-0.02889284,-0.45577792,0.83371251,-0.03817109,-0.26435120
actuator_loss_00,actuator_loss,2709,6.74000000,0.80000000,0.83098926,-0.04961946,-0.30970937,0.83288593,-0.04132873,-0.17963143
actuator_loss_00,actuator_loss,2709,6.76000000,0.80000000,0.83082026,-0.04534120,-0.32805872,0.83202741,-0.04292622,-0.19027406
actuator_loss_00,actuator_loss,2709,6.78000000,0.80000000,0.82491742,-0.03930345,-0.25199630,0.83113444,-0.04464866,-0.14615785
actuator_loss_00,actuator_loss,2709,6.80000000,0.80000000,0.82343055,-0.04532069,-0.19514640,0.83022332,-0.04555589,-0.11318491
actuator_loss_00,actuator_loss,2709,6.82000000,0.80000000,0.83348421,-0.03421433,-0.43164421,0.82930597,-0.04586737,-0.25035364
actuator_loss_00,actuator_loss,2709,6.84000000,0.80000000,0.83051553,-0.05159761,-0.29129158,0.82833574,-0.04851169,-0.16894912
actuator_loss_00,actuator_loss,2709,6.86000000,0.80000000,0.82919143,-0.04769432,-0.28697414,0.82734232,-0.04967079,-0.16644500
actuator_loss_00,actuator_loss,2709,6.88000000,0.80000000,0.83461676,-0.05509562,-0.34762355,0.82632741,-0.05074581,-0.20162166
actuator_loss_00,actuator_loss,2709,6.90000000,0.80000000,0.82227969,-0.05541328,-0.12396805,0.82527973,-0.05238364,-0.07190147
actuator_loss_00,actuator_loss,2709,6.92000000,0.80000000,0.82281352,-0.04578288,-0.18172902,0.82424480,-0.05174648,-0.10540283
actuator_loss_00,actuator_loss,2709,6.94000000,0.80000000,0.82797346,-0.03885724,-0.30923599,0.82321071,-0.05170448,-0.17935688
actuator_loss_00,actuator_loss,2709,6.96000000,0.80000000,0.81986343,-0.04896857,-0.11269894,0.82215216,-0.05292770,-0.06536538
actuator_loss_00,actuator_loss,2709,6.98000000,0.80000000,0.82069397,-0.05200915,-0.11244574,0.82110897,-0.05215947,-0.06521853
actuator_loss_00,actuator_loss,2709,7.00000000,0.80000000,0.81637860,-0.04853507,-0.05213943,0.82008065,-0.05141609,-0.03024087
actuator_loss_00,actuator_loss,2709,7.02000000,0.80000000,0.82075163,-0.05061532,-0.12045285,0.81907862,-0.05010149,-0.06986265
actuator_loss_00,actuator_loss,2709,7.04000000,0.80000000,0.82315893,-0.05303142,-0.15170359,0.81808840,-0.04951077,-0.08798808
actuator_loss_00,actuator_loss,2709,7.06000000,0.80000000,0.81873666,-0.05723088,-0.05110547,0.81710339,-0.04925082,-0.02964117
actuator_loss_00,actuator_loss,2709,7.08000000,0.80000000,0.81216763,-0.04861420,0.02405364,0.81614332,-0.04800310,0.01395111
actuator_loss_00,actuator_loss,2709,7.10000000,0.80000000,0.81512430,-0.04551594,-0.04465769,0.81522223,-0.04605491,-0.02590146
actuator_loss_00,actuator_loss,2709,7.12000000,0.80000000,0.81019802,-0.03311560,-0.01798640,0.81432508,-0.04485712,-0.01043211
actuator_loss_00,actuator_loss,2709,7.14000000,0.80000000,0.81405250,-0.04528081,-0.02654099,0.81345633,-0.04343765,-0.01539378
actuator_loss_00,actuator_loss,2709,7.16000000,0.80000000,0.80781652,-0.04382874,0.07844633,0.81261326,-0.04215352,0.04549887
actuator_loss_00,actuator_loss,2709,7.18000000,0.80000000,0.81544123,-0.04021488,-0.07686774,0.81181577,-0.03987460,-0.04458329
actuator_loss_00,actuator_loss,2709,7.20000000,0.80000000,0.81114597,-0.03813597,-0.00994759,0.81103145,-0.03921617,-0.00576960
actuator_loss_00,actuator_loss,2709,7.22000000,0.80000000,0.81260368,-0.03362407,-0.05874599,0.81027309,-0.03791795,-0.03407267
actuator_loss_00,actuator_loss,2709,7.24000000,0.80000000,0.80740303,-0.03272063,0.03034861,0.80953009,-0.03714961,0.01760219
actuator_loss_00,actuator_loss,2709,7.26000000,0.80000000,0.80909675,-0.03689484,0.02073265,0.80881958,-0.03552561,0.01202494
actuator_loss_00,actuator_loss,2709,7.28000000,0.80000000,0.80283014,-0.03196026,0.10885874,0.80813849,-0.03405477,0.06313807
actuator_loss_00,actuator_loss,2709,7.30000000,0.80000000,0.80707059,-0.03514829,0.04847091,0.80750323,-0.03176289,0.02811313
actuator_loss_00,actuator_loss,2709,7.32000000,0.80000000,0.80867213,-0.02207191,-0.04573879,0.80690021,-0.03015116,-0.02652850
actuator_loss_00,actuator_loss,2709,7.34000000,0.80000000,0.80208610,-0.03115124,0.11820644,0.80630959,-0.02953054,0.06855973
actuator_loss_00,actuator_loss,2709,7.36000000,0.80000000,0.80734528,-0.02195588,-0.02243563,0.80576345,-0.02730716,-0.01301267
actuator_loss_00,actuator_loss,2709,7.38000000,0.80000000,0.80821409,-0.02215565,-0.03707534,0.80523231,-0.02655689,-0.02150370
actuator_loss_00,actuator_loss,2709,7.40000000,0.80000000,0.80522676,-0.02351478,0.02349225,0.80471274,-0.02597843,0.01362551
actuator_loss_00,actuator_loss,2709,7.42000000,0.80000000,0.81058521,-0.03333404,-0.02386349,0.80421634,-0.02482029,-0.01384083
actuator_loss_00,actuator_loss,2709,7.44000000,0.80000000,0.80550699,-0.01389567,-0.02964742,0.80373288,-0.02417275,-0.01719550
actuator_loss_00,actuator_loss,2709,7.46000000,0.80000000,0.80120419,-0.01761829,0.06641604,0.80326077,-0.02360559,0.03852130
actuator_loss_00,actuator_loss,2709,7.48000000,0.80000000,0.79866810,-0.01980915,0.12301994,0.80281864,-0.02210655,0.07135156
actuator_loss_00,actuator_loss,2709,7.50000000,0.80000000,0.80024205,-0.00859549,0.03862049,0.80241664,-0.02009989,0.02239989
actuator_loss_00,actuator_loss,2709,7.52000000,0.80000000,0.80521062,-0.01749424,-0.00631999,0.80203662,-0.01900120,-0.00366560
actuator_loss_00,actuator_loss,2709,7.54000000,0.80000000,0.79899612,-0.02187096,0.12742454,0.80166888,-0.01838705,0.07390623
actuator_loss_00,actuator_loss,2709,7.56000000,0.80000000,0.80154225,-0.01514431,0.04796107,0.80133949,-0.01646922,0.02781742
actuator_loss_00,actuator_loss,2709,7.58000000,0.80000000,0.80205753,-0.02085912,0.06726010,0.80103135,-0.01540727,0.03901086
actuator_loss_00,actuator_loss,2709,7.60000000,0.80000000,0.80651641,-0.02382920,0.00185068,0.80074751,-0.01419187,0.00107339
actuator_loss_00,actuator_loss,2709,7.62000000,0.80000000,0.80042994,-0.00759666,0.03024447,0.80047415,-0.01366804,0.01754179
actuator_loss_00,actuator_loss,2709,7.64000000,0.80000000,0.79538718,-0.02043918,0.18522661,0.80021652,-0.01288145,0.10743143
actuator_loss_00,actuator_loss,2709,7.66000000,0.80000000,0.80258158,-0.01278931,0.01747816,0.80000478,-0.01058685,0.01013733
actuator_loss_00,actuator_loss,2709,7.68000000,0.80000000,0.80229060,-0.01246442,0.02109136,0.79980405,-0.01003654,0.01223299
actuator_loss_00,actuator_loss,2709,7.70000000,0.80000000,0.80493095,-0.01560327,-0.01074075,0.79961465,-0.00947002,-0.00622963
actuator_loss_00,actuator_loss,2709,7.72000000,0.80000000,0.79209569,-0.00269960,0.15577559,0.79942987,-0.00923916,0.09034984
actuator_loss_00,actuator_loss,2709,7.74000000,0.80000000,0.80505677,0.00049578,-0.09350078,0.79928255,-0.00736618,-0.05423045
actuator_loss_00,actuator_loss,2709,7.76000000,0.80000000,0.79841860,-0.02220732,0.13950184,0.79912194,-0.00803050,0.08091107
actuator_loss_00,actuator_loss,2709,7.78000000,0.80000000,0.80323910,-0.00891146,-0.01374655,0.79899470,-0.00636186,-0.00797300
actuator_loss_00,actuator_loss,2709,7.80000000,0.80000000,0.80194839,-0.00337139,-0.01821417,0.79886927,-0.00627150,-0.01056422
actuator_loss_00,actuator_loss,2709,7.82000000,0.80000000,0.80166778,-0.01474110,0.04368545,0.79874470,-0.00622864,0.02533756
actuator_loss_00,actuator_loss,2709,7.84000000,0.80000000,0.79780879,-0.00372546,0.05806911,0.79863322,-0.00557382,0.03368008
actuator_loss_00,actuator_loss,2709,7.86000000,0.80000000,0.80420447,-0.00209417,-0.06520964,0.79853722,-0.00479977,-0.03782159
actuator_loss_00,actuator_loss,2709,7.88000000,0.80000000,0.80199110,-0.01795665,0.05394352,0.79843172,-0.00527510,0.03128724
actuator_loss_00,actuator_loss,2709,7.90000000,0.80000000,0.79622909,-0.00538211,0.09478695,0.79834067,-0.00455258,0.05497643
actuator_loss_00,actuator_loss,2709,7.92000000,0.80000000,0.79315797,-0.01256828,0.18599792,0.79827165,-0.00345098,0.10787879
actuator_loss_00,actuator_loss,2709,7.94000000,0.80000000,0.79837110,-0.00605593,0.05959987,0.79824196,-0.00148463,0.03456793
actuator_loss_00,actuator_loss,2709,7.96000000,0.80000000,0.79707606,-0.00243054,0.06478365,0.79822514,-0.00084106,0.03757452
actuator_loss_00,actuator_loss,2709,7.98000000,0.80000000,0.80102533,0.00880397,0.06478365,0.79822176,-0.00016903,0.03757452
actuator_loss_01,actuator_loss,2710,0.00000000,0.00000000,0.00299226,-0.00224886,-0.04261637,0.00000000,0.00000000,-0.02471749
actuator_loss_01,actuator_loss,2710,0.02000000,0.00000000,0.00020660,0.00673093,-0.03737352,-0.00000813,-0.00040648,-0.02167664
actuator_loss_01,actuator_loss,2710,0.04000000,0.00000000,0.00186743,-0.00611342,-0.00304673,-0.00002313,-0.00075003,-0.00176710
actuator_loss_01,actuator_loss,2710,0.06000000,0.00000000,0.00047360,0.00614648,-0.03925724,-0.00003824,-0.00075525,-0.02276920
actuator_loss_01,actuator_loss,2710,0.08000000,0.00000000,0.00231529,-0.00401375,-0.02160655,-0.00006035,-0.00110568,-0.01253180
actuator_loss_01,actuator_loss,2710,0.10000000,0.00000000,-0.00552441,0.00719434,0.06346765,-0.00008588,-0.00127661,0.03681124
actuator_loss_01,actuator_loss,2710,0.12000000,0.00000000,0.00050399,0.00306216,-0.02438261,-0.00009849,-0.00063065,-0.01414191
actuator_loss_01,actuator_loss,2710,0.14000000,0.00000000,-0.00015484,-0.00694422,0.03750828,-0.00011536,-0.00084316,0.02175480
actuator_loss_01,actuator_loss,2710,0.16000000,0.00000000,-0.00005970,0.00307008,-0.01427582,-0.00012453,-0.00045859,-0.00827998
actuator_loss_01,actuator_loss,2710,0.18000000,0.00000000,-0.00396814,0.00014752,0.07068896,-0.00013613,-0.00058018,0.04099959
actuator_loss_01,actuator_loss,2710,0.20000000,0.00000000,0.00349312,0.00325894,-0.07917081,-0.00013388,0.00011251,-0.04591907
actuator_loss_01,actuator_loss,2710,0.22000000,0.00000000,0.00004348,-0.00066405,0.00253755,-0.00014681,-0.00064621,0.00147178
actuator_loss_01,actuator_loss,2710,0.24000000,0.00000000,0.00186635,-0.00464101,-0.01038934,-0.00015884,-0.00060146,-0.00602582
actuator_loss_01,actuator_loss,2710,0.26000000,0.00000000,0.00267814,0.00026955,-0.04955420,-0.00017246,-0.00068143,-0.02874143
actuator_loss_01,actuator_loss,2710,0.28000000,0.00000000,0.00168402,0.00525937,-0.05660919,-0.00019511,-0.00113242,-0.03283333
actuator_loss_01,actuator_loss,2710,0.30000000,0.00000000,-0.00101437,-0.00729252,0.05472120,-0.00022784,-0.00163637,0.03173829
actuator_loss_01,actuator_loss,2710,0.32000000,0.00000000,0.00026938,0.00579066,-0.03380214,-0.00024909,-0.00106239,-0.01960524
actuator_loss_01,actuator_loss,2710,0.34000000,0.00000000,0.00235080,-0.00256299,-0.02949936,-0.00027611,-0.00135103,-0.01710963
actuator_loss_01,actuator_loss,2710,0.36000000,0.00000000,0.00154048,-0.00395158,-0.00797080,-0.00030790,-0.00158944,-0.00462306
actuator_loss_01,actuator_loss,2710,0.38000000,0.00000000,-0.00231184,-0.00257685,0.05449739,-0.00034020,-0.00161493,0.03160848
actuator_loss_01,actuator_loss,2710,0.40000000,0.00000000,-0.00033779,-0.00412675,0.02671393,-0.00036107,-0.00104378,0.01549408
actuator_loss_01,actuator_loss,2710,0.42000000,0.00000000,-0.00087215,-0.00052460,0.01832165,-0.00037619,-0.00075578,0.01062656
actuator_loss_01,actuator_loss,2710,0.44000000,0.00000000,-0.00252952,0.00333418,0.02886053,-0.00038733,-0.00055700,0.01673911
actuator_loss_01,actuator_loss,2710,0.46000000,0.00000000,0.00206094,0.00571410,-0.06566745,-0.00039261,-0.00026401,-0.03808712
actuator_loss_01,actuator_loss,2710,0.48000000,0.00000000,0.00154192,-0.00078179,-0.02384556,-0.00041025,-0.00088197,-0.01383043
actuator_loss_01,actuator_loss,2710,0.50000000,0.00000000,-0.00231039,-0.00810129,0.08209348,-0.00043187,-0.00108137,0.04761422
actuator_loss_01,actuator_loss,2710,0.52000000,0.00000000,-0.00062713,-0.00093520,0.01596426,-0.00043715,-0.00026396,0.00925927
actuator_loss_01,actuator_loss,2710,0.54000000,0.00000000,-0.00441686,-0.00307808,0.09489387,-0.00043922,-0.00010330,0.05503844
actuator_loss_01,actuator_loss,2710,0.56000000,0.00000000,0.00402401,0.00314745,-0.08816939,-0.00042312,0.00080510,-0.05113825
actuator_loss_01,actuator_loss,2710,0.58000000,0.00000000,-0.00182325,0.00745539,-0.00445853,-0.00042435,-0.00006147,-0.00258595
actuator_loss_01,actuator_loss,2710,0.60000000,0.00000000,-0.00094513,-0.00021870,0.01810591,-0.00042639,-0.00010204,0.01050143
actuator_loss_01,actuator_loss,2710,0.62000000,0.00000000,-0.00203369,-0.00401425,0.05667777,-0.00042491,0.00007390,0.03287310
actuator_loss_01,actuator_loss,2710,0.64000000,0.00000000,-0.00352185,0.00207977,0.05299444,-0.00041267,0.00061215,0.03073678
actuator_loss_01,actuator_loss,2710,0.66000000,0.00000000,0.00511582,0.00437901,-0.11397973,-0.00039070,0.00109816,-0.06610824
actuator_loss_01,actuator_loss,2710,0.68000000,0.00000000,-0.00494849,-0.00027038,0.09042470,-0.00039118,-0.00002392,0.05244633
actuator_loss_01,actuator_loss,2710,0.70000000,0.00000000,0.00095198,0.00572552,-0.04576317,-0.00037439,0.00083933,-0.02654264
actuator_loss_01,actuator_loss,2710,0.72000000,0.00000000,-0.00074080,0.00830938,-0.02821251,-0.00036687,0.00037615,-0.01636326
actuator_loss_01,actuator_loss,2710,0.74000000,0.00000000,0.00555920,-0.01109190,-0.04460610,-0.00036497,0.00009509,-0.02587154
actuator_loss_01,actuator_loss,2710,0.76000000,0.00000000,-0.00202295,-0.00021287,0.03747746,-0.00037164,-0.00033340,0.02173693
actuator_loss_01,actuator_loss,2710,0.78000000,0.00000000,-0.00144302,-0.01458571,0.09890289,-0.00037094,0.00003467,0.05736368
actuator_loss_01,actuator_loss,2710,0.80000000,0.00000000,-0.00151335,-0.00729296,0.06370505,-0.00035141,0.00097692,0.03694893
actuator_loss_01,actuator_loss,2710,0.82000000,0.00000000,0.00170856,0.00253484,-0.04342831,-0.00032034,0.00155349,-0.02518842
actuator_loss_01,actuator_loss,2710,0.84000000,0.00000000,0.00342275,-0.01161080,-0.00355557,-0.00029854,0.00108987,-0.00206223
actuator_loss_01,actuator_loss,2710,0.86000000,0.00000000,0.00341782,0.00025766,-0.06280899,-0.00027811,0.00102130,-0.03642921
actuator_loss_01,actuator_loss,2710,0.88000000,0.00000000,-0.00150829,0.00716529,-0.00867730,-0.00027032,0.00038975,-0.00503283
actuator_loss_01,actuator_loss,2710,0.90000000,0.00000000,-0.00348536,-0.00791887,0.10233080,-0.00026443,0.00029459,0.05935186
actuator_loss_01,actuator_loss,2710,0.92000000,0.00000000,0.00679963,0.00532270,-0.14900690,-0.00023920,0.00126127,-0.08642400
actuator_loss_01,actuator_loss,2710,0.94000000,0.00000000,-0.00839333,0.00015195,0.15032019,-0.00024320,-0.00020009,0.08718571
actuator_loss_01,actuator_loss,2710,0.96000000,0.00000000,0.00131247,-0.00712458,0.01199853,-0.00021840,0.00124006,0.00695914
actuator_loss_01,actuator_loss,2710,0.98000000,0.00000000,-0.00127150,-0.01589370,0.10235560,-0.00019210,0.00131507,0.05936625
actuator_loss_01,actuator_loss,2710,1.00000000,0.50000000,0.00113964,0.01035083,8.92773234,-0.00014711,0.00224955,5.17808476
actuator_loss_01,actuator_loss,2710,1.02000000,0.50000000,-0.00666958,0.09565917,8.64175660,0.00159954,0.08733246,5.01221883
actuator_loss_01,actuator_loss,2710,1.04000000,0.50000000,0.00248419,0.16033939,8.15358752,0.00493919,0.16698240,4.72908076
actuator_loss_01,actuator_loss,2710,1.06000000,0.50000000,0.01418113,0.24196780,7.53490064,0.00972806,0.23944356,4.37024237
actuator_loss_01,actuator_loss,2710,1.08000000,0.50000000,0.01615588,0.30460398,7.18617429,0.01580205,0.30369960,4.16798109
actuator_loss_01,actuator_loss,2710,1.10000000,0.50000000,0.01869576,0.36948622,6.81604520,0.02305378,0.36258635,3.95330622
actuator_loss_01,actuator_loss,2710,1.12000000,0.50000000,0.03118004,0.41760223,6.35074813,0.03137519,0.41607039,3.68343391
actuator_loss_01,actuator_loss,2710,1.14000000,0.50000000,0.03889784,0.46566351,5.97152129,0.04064350,0.46341577,3.46348235
actuator_loss_01,actuator_loss,2710,1.16000000,0.50000000,0.05538701,0.51002247,5.45292142,0.05075627,0.50563862,3.16269442
actuator_loss_01,actuator_loss,2710,1.18000000,0.50000000,0.05517927,0.53994503,5.30704794,0.06158772,0.54157246,3.07808781
actuator_loss_01,actuator_loss,2710,1.20000000,0.50000000,0.07073578,0.57425133,4.85549939,0.07308717,0.57497239,2.81618965
actuator_loss_01,actuator_loss,2710,1.22000000,0.50000000,0.08556195,0.59606479,4.47956097,0.08514724,0.60300338,2.59814536
actuator_loss_01,actuator_loss,2710,1.24000000,0.50000000,0.10197374,0.62707402,4.02910254,0.09767839,0.62655733,2.33687947
actuator_loss_01,actuator_loss,2710,1.26000000,0.50000000,0.10259478,0.63936835,3.95645220,0.11057970,0.64506580,2.29474228
actuator_loss_01,actuator_loss,2710,1.28000000,0.50000000,0.12396731,0.65946466,3.47126507,0.12382556,0.66229283,2.01333374
actuator_loss_01,actuator_loss,2710,1.30000000,0.50000000,0.13554783,0.67317425,3.19426778,0.13731244,0.67434431,1.85267531
actuator_loss_01,actuator_loss,2710,1.32000000,0.50000000,0.15244025,0.68043057,2.85392265,0.15097985,0.68337054,1.65527513
actuator_loss_01,actuator_loss,2710,1.34000000,0.50000000,0.16540801,0.68940998,2.57560586,0.16475712,0.68886350,1.49385140
actuator_loss_01,actuator_loss,2710,1.36000000,0.50000000,0.18121399,0.70314985,2.22239898,0.17858767,0.69152717,1.28899141
actuator_loss_01,actuator_loss,2710,1.38000000,0.50000000,0.19031801,0.69793481,2.08460183,0.19240241,0.69073719,1.20906906
actuator_loss_01,actuator_loss,2710,1.40000000,0.50000000,0.20569559,0.68145273,1.89021566,0.20617557,0.68865799,1.09632509
actuator_loss_01,actuator_loss,2710,1.42000000,0.50000000,0.21734666,0.68317081,1.67190606,0.21987139,0.68479081,0.96970551
actuator_loss_01,actuator_loss,2710,1.44000000,0.50000000,0.22885070,0.68094343,1.47597034,0.23345067,0.67896430,0.85606280
actuator_loss_01,actuator_loss,2710,1.46000000,0.50000000,0.24752584,0.67268277,1.18112094,0.24687976,0.67145419,0.68505015
actuator_loss_01,actuator_loss,2710,1.48000000,0.50000000,0.26280476,0.66891151,0.92495683,0.26010717,0.66137053,0.53647496
actuator_loss_01,actuator_loss,2710,1.50000000,0.50000000,0.27465714,0.64754289,0.81845697,0.27309045,0.64916415,0.47470504
actuator_loss_01,actuator_loss,2710,1.52000000,0.50000000,0.29087118,0.63737007,0.57746831,0.28581705,0.63633007,0.33493162
actuator_loss_01,actuator_loss,2710,1.54000000,0.50000000,0.29937670,0.61998059,0.51131651,0.29824916,0.62160545,0.29656358
actuator_loss_01,actuator_loss,2710,1.56000000,0.50000000,0.31378133,0.60971594,0.30335640,0.31038352,0.60671805,0.17594671
actuator_loss_01,actuator_loss,2710,1.58000000,0.50000000,0.32267418,0.59069274,0.23840108,0.32218993,0.59032044,0.13827263
actuator_loss_01,actuator_loss,2710,1.60000000,0.50000000,0.33436167,0.57361886,0.11339555,0.33366642,0.57382466,0.06576942
actuator_loss_01,actuator_loss,2710,1.62000000,0.50000000,0.34561558,0.55801203,-0.01114054,0.34479965,0.55666104,-0.00646151
actuator_loss_01,actuator_loss,2710,1.64000000,0.50000000,0.35365036,0.53252992,-0.02835603,0.35557675,0.53885530,-0.01644650
actuator_loss_01,actuator_loss,2710,1.66000000,0.50000000,0.36633257,0.53041250,-0.24604871,0.36600578,0.52145150,-0.14270825
actuator_loss_01,actuator_loss,2710,1.68000000,0.50000000,0.37541049,0.50175763,-0.26617690,0.37605627,0.50252468,-0.15438260
actuator_loss_01,actuator_loss,2710,1.70000000,0.50000000,0.38630321,0.49273719,-0.41714369,0.38573643,0.48400766,-0.24194334
actuator_loss_01,actuator_loss,2710,1.72000000,0.50000000,0.39500135,0.46710752,-0.44556185,0.39502922,0.46463946,-0.25842587
actuator_loss_01,actuator_loss,2710,1.74000000,0.50000000,0.40672729,0.43793886,-0.51078561,0.40394154,0.44561603,-0.29625566
actuator_loss_01,actuator_loss,2710,1.76000000,0.50000000,0.42102183,0.42855417,-0.72116382,0.41247304,0.42657534,-0.41827502
actuator_loss_01,actuator_loss,2710,1.78000000,0.50000000,0.42353833,0.40174058,-0.63239278,0.42059571,0.40613344,-0.36678781
actuator_loss_01,actuator_loss,2710,1.80000000,0.50000000,0.42947658,0.38993314,-0.68024421,0.42833948,0.38718822,-0.39454164
actuator_loss_01,actuator_loss,2710,1.82000000,0.50000000,0.43646187,0.37036131,-0.70812023,0.43570726,0.36838897,-0.41070973
actuator_loss_01,actuator_loss,2710,1.84000000,0.50000000,0.44464870,0.35121683,-0.75976070,0.44270569,0.34992156,-0.44066121
actuator_loss_01,actuator_loss,2710,1.86000000,0.50000000,0.45038326,0.33343255,-0.77406142,0.44933666,0.33154879,-0.44895562
actuator_loss_01,actuator_loss,2710,1.88000000,0.50000000,0.45821108,0.31796513,-0.83762507,0.45560914,0.31362378,-0.48582254
actuator_loss_01,actuator_loss,2710,1.90000000,0.50000000,0.46815188,0.31145119,-0.98398984,0.46152239,0.29566244,-0.57071411
actuator_loss_01,actuator_loss,2710,1.92000000,0.50000000,0.46767902,0.28287065,-0.83257566,0.46705991,0.27687613,-0.48289388
actuator_loss_01,actuator_loss,2710,1.94000000,0.50000000,0.47485550,0.27204304,-0.90761410,0.47226254,0.26013137,-0.52641618
actuator_loss_01,actuator_loss,2710,1.96000000,0.50000000,0.48260874,0.25237159,-0.94881525,0.47712660,0.24320329,-0.55031285
actuator_loss_01,actuator_loss,2710,1.98000000,0.50000000,0.47797252,0.21824857,-0.69474823,0.48165501,0.22642046,-0.40295398
actuator_loss_01,actuator_loss,2710,2.00000000,0.50000000,0.48517067,0.21717308,-0.81893742,0.48590691,0.21259460,-0.47498370
actuator_loss_01,actuator_loss,2710,2.02000000,0.50000000,0.48848173,0.19251467,-0.75524449,0.48986738,0.19802381,-0.43804180
actuator_loss_01,actuator_loss,2710,2.04000000,0.50000000,0.49339819,0.18629865,-0.81266068,0.49355786,0.18452381,-0.47134319
actuator_loss_01,actuator_loss,2710,2.06000000,0.50000000,0.50379485,0.17410324,-0.93882342,0.49697597,0.17090542,-0.54451758
actuator_loss_01,actuator_loss,2710,2.08000000,0.50000000,0.50211997,0.15146960,-0.79550739,0.50010630,0.15651667,-0.46139429
actuator_loss_01,actuator_loss,2710,2.10000000,0.50000000,0.50370103,0.14648336,-0.79903542,0.50298535,0.14395239,-0.46344054
actuator_loss_01,actuator_loss,2710,2.12000000,0.50000000,0.50031665,0.12719231,-0.64166117,0.50562043,0.13175396,-0.37216348
actuator_loss_01,actuator_loss,2710,2.14000000,0.50000000,0.51067138,0.11803507,-0.78226013,0.50804932,0.12144445,-0.45371088
actuator_loss_01,actuator_loss,2710,2.16000000,0.50000000,0.50968113,0.11095963,-0.72905853,0.51025175,0.11012168,-0.42285395
actuator_loss_01,actuator_loss,2710,2.18000000,0.50000000,0.50996884,0.08755207,-0.61719938,0.51224508,0.09966637,-0.35797564
actuator_loss_01,actuator_loss,2710,2.20000000,0.50000000,0.51334175,0.08548434,-0.66757318,0.51405729,0.09061043,-0.38719244
actuator_loss_01,actuator_loss,2710,2.22000000,0.50000000,0.51393278,0.08213441,-0.66146213,0.51568453,0.08136196,-0.38364803
actuator_loss_01,actuator_loss,2710,2.24000000,0.50000000,0.51930788,0.06872092,-0.69114643,0.51713384,0.07246584,-0.40086493
actuator_loss_01,actuator_loss,2710,2.26000000,0.50000000,0.52541743,0.06003753,-0.75770138,0.51840523,0.06356944,-0.43946680
actuator_loss_01,actuator_loss,2710,2.28000000,0.50000000,0.51811111,0.05391459,-0.59557288,0.51949165,0.05432110,-0.34543227
actuator_loss_01,actuator_loss,2710,2.30000000,0.50000000,0.52629501,0.04440014,-0.69531092,0.52042992,0.04691323,-0.40328034
actuator_loss_01,actuator_loss,2710,2.32000000,0.50000000,0.52365024,0.03867505,-0.61907958,0.52120571,0.03878958,-0.35906616
actuator_loss_01,actuator_loss,2710,2.34000000,0.50000000,0.51924951,0.04238496,-0.55841592,0.52183874,0.03165133,-0.32388123
actuator_loss_01,actuator_loss,2710,2.36000000,0.50000000,0.52206859,0.03288901,-0.56167967,0.52234511,0.02531867,-0.32577421
actuator_loss_01,actuator_loss,2710,2.38000000,0.50000000,0.52370732,0.02146910,-0.53407732,0.52272823,0.01915624,-0.30976485
actuator_loss_01,actuator_loss,2710,2.40000000,0.50000000,0.52074018,0.00970056,-0.42182612,0.52299729,0.01345301,-0.24465915
actuator_loss_01,actuator_loss,2710,2.42000000,0.50000000,0.52611210,0.02154868,-0.57776121,0.52317733,0.00900181,-0.33510150
actuator_loss_01,actuator_loss,2710,2.44000000,0.50000000,0.52483958,0.00876844,-0.49095472,0.52324143,0.00320479,-0.28475374
actuator_loss_01,actuator_loss,2710,2.46000000,0.50000000,0.52220332,0.00339155,-0.41661746,0.52320983,-0.00157993,-0.24163813
actuator_loss_01,actuator_loss,2710,2.48000000,0.50000000,0.52138828,-0.00793397,-0.34531911,0.52309976,-0.00550347,-0.20028509
actuator_loss_01,actuator_loss,2710,2.50000000,0.50000000,0.52179862,-0.00569043,-0.36392302,0.52292731,-0.00862221,-0.21107535
actuator_loss_01,actuator_loss,2710,2.52000000,0.50000000,0.52753957,-0.00585644,-0.46643003,0.52269093,-0.01181923,-0.27052942
actuator_loss_01,actuator_loss,2710,2.54000000,0.50000000,0.52626361,-0.01661667,-0.38966155,0.52237308,-0.01589232,-0.22600370
actuator_loss_01,actuator_loss,2710,2.56000000,0.50000000,0.52194659,-0.01136138,-0.33823179,0.52199101,-0.01910368,-0.19617444
actuator_loss_01,actuator_loss,2710,2.58000000,0.50000000,0.51993015,-0.02912454,-0.21312001,0.52155656,-0.02172239,-0.12360961
actuator_loss_01,actuator_loss,2710,2.60000000,0.50000000,0.52235433,-0.02069414,-0.29890716,0.52109527,-0.02306448,-0.17336615
actuator_loss_01,actuator_loss,2710,2.62000000,0.50000000,0.52027092,-0.03033951,-0.21317896,0.52059163,-0.02518217,-0.12364380
actuator_loss_01,actuator_loss,2710,2.64000000,0.50000000,0.52164588,-0.02607805,-0.25923555,0.52006333,-0.02641482,-0.15035662
actuator_loss_01,actuator_loss,2710,2.66000000,0.50000000,0.51846468,-0.02228997,-0.22091431,0.51950238,-0.02804758,-0.12813030
actuator_loss_01,actuator_loss,2710,2.68000000,0.50000000,0.52058926,-0.03077662,-0.21672362,0.51891712,-0.02926291,-0.12569970
actuator_loss_01,actuator_loss,2710,2.70000000,0.50000000,0.51570582,-0.03159399,-0.12473477,0.51830913,-0.03039962,-0.07234617
actuator_loss_01,actuator_loss,2710,2.72000000,0.50000000,0.51337195,-0.02508347,-0.11527764,0.51769667,-0.03062279,-0.06686103
actuator_loss_01,actuator_loss,2710,2.74000000,0.50000000,0.51507701,-0.03382328,-0.10226980,0.51708170,-0.03074865,-0.05931648
actuator_loss_01,actuator_loss,2710,2.76000000,0.50000000,0.51886194,-0.03998565,-0.13958673,0.51646677,-0.03074644,-0.08096030
actuator_loss_01,actuator_loss,2710,2.78000000,0.50000000,0.51736953,-0.03458423,-0.13973035,0.51584477,-0.03110024,-0.08104360
actuator_loss_01,actuator_loss,2710,2.80000000,0.50000000,0.51420762,-0.02989870,-0.10624360,0.51521588,-0.03144416,-0.06162129
actuator_loss_01,actuator_loss,2710,2.82000000,0.50000000,0.51680385,-0.03133415,-0.14579850,0.51458673,-0.03145774,-0.08456313
actuator_loss_01,actuator_loss,2710,2.84000000,0.50000000,0.51927922,-0.03275056,-0.18327321,0.51394977,-0.03184817,-0.10629846
actuator_loss_01,actuator_loss,2710,2.86000000,0.50000000,0.51104682,-0.03767676,-0.01045899,0.51329809,-0.03258363,-0.00606621
actuator_loss_01,actuator_loss,2710,2.88000000,0.50000000,0.51074450,-0.03198549,-0.03347355,0.51266515,-0.03164737,-0.01941466
actuator_loss_01,actuator_loss,2710,2.90000000,0.50000000,0.51073501,-0.02969914,-0.04473453,0.51204594,-0.03096039,-0.02594603
actuator_loss_01,actuator_loss,2710,2.92000000,0.50000000,0.50896380,-0.02504131,-0.03614179,0.51143788,-0.03040267,-0.02096224
actuator_loss_01,actuator_loss,2710,2.94000000,0.50000000,0.51103560,-0.02831764,-0.05705262,0.51084227,-0.02978072,-0.03309052
actuator_loss_01,actuator_loss,2710,2.96000000,0.50000000,0.51490497,-0.02642304,-0.13617425,0.51025471,-0.02937799,-0.07898107
actuator_loss_01,actuator_loss,2710,2.98000000,0.50000000,0.51218104,-0.02845336,-0.07699195,0.50965986,-0.02974275,-0.04465533
actuator_loss_01,actuator_loss,2710,3.00000000,-0.30000000,0.50345230,-0.02473752,-12.00000000,0.50906923,-0.02953142,-6.96000000
actuator_loss_01,actuator_loss,2710,3.02000000,-0.30000000,0.50713076,-0.15544597,-12.00000000,0.50620821,-0.14305077,-6.96000000
actuator_loss_01,actuator_loss,2710,3.04000000,-0.30000000,0.49851014,-0.25432865,-12.00000000,0.50114900,-0.25296068,-6.96000000
actuator_loss_01,actuator_loss,2710,3.06000000,-0.30000000,0.49390654,-0.36818519,-12.00000000,0.49396148,-0.35937591,-6.96000000
actuator_loss_01,actuator_loss,2710,3.08000000,-0.30000000,0.48258411,-0.46124504,-11.78028878,0.48471333,-0.46240759,-6.83256749
actuator_loss_01,actuator_loss,2710,3.10000000,-0.30000000,0.46854260,-0.56512735,-11.00813004,0.47351197,-0.56006765,-6.38471542
actuator_loss_01,actuator_loss,2710,3.12000000,-0.30000000,0.45687588,-0.64427792,-10.40237622,0.46056682,-0.64725753,-6.03337821
actuator_loss_01,actuator_loss,2710,3.14000000,-0.30000000,0.44655709,-0.72152495,-9.83040287,0.44604888,-0.72589734,-5.70163366
actuator_loss_01,actuator_loss,2710,3.16000000,-0.30000000,0.42968689,-0.80153164,-9.12670579,0.43011725,-0.79658115,-5.29348936
actuator_loss_01,actuator_loss,2710,3.18000000,-0.30000000,0.40991469,-0.86056895,-8.47561963,0.41295114,-0.85830551,-4.91585939
actuator_loss_01,actuator_loss,2710,3.20000000,-0.30000000,0.39001245,-0.92468098,-7.79681913,0.39471400,-0.91185710,-4.52215510
actuator_loss_01,actuator_loss,2710,3.22000000,-0.30000000,0.37689685,-0.95405394,-7.41387368,0.37556937,-0.95723146,-4.30004673
actuator_loss_01,actuator_loss,2710,3.24000000,-0.30000000,0.35533991,-1.00409848,-6.77562606,0.35561916,-0.99751049,-3.92986311
actuator_loss_01,actuator_loss,2710,3.26000000,-0.30000000,0.33402295,-1.01501557,-6.33733523,0.33501074,-1.03042108,-3.67565444
actuator_loss_01,actuator_loss,2710,3.28000000,-0.30000000,0.31402846,-1.06645897,-5.72021740,0.31384865,-1.05810476,-3.31772609
actuator_loss_01,actuator_loss,2710,3.30000000,-0.30000000,0.29213476,-1.07822835,-5.26728392,0.29226821,-1.07902202,-3.05502467
actuator_loss_01,actuator_loss,2710,3.32000000,-0.30000000,0.27524329,-1.08079745,-4.95039205,0.27036913,-1.09495404,-2.87122739
actuator_loss_01,actuator_loss,2710,3.34000000,-0.30000000,0.25150930,-1.10213807,-4.41647711,0.24822199,-1.10735691,-2.56155672
actuator_loss_01,actuator_loss,2710,3.36000000,-0.30000000,0.22563668,-1.11400796,-3.89142041,0.22593653,-1.11427283,-2.25702384
actuator_loss_01,actuator_loss,2710,3.38000000,-0.30000000,0.20515445,-1.10902923,-3.54763398,0.20361731,-1.11596077,-2.05762771
actuator_loss_01,actuator_loss,2710,3.40000000,-0.30000000,0.17669139,-1.11305243,-3.01518284,0.18133100,-1.11431593,-1.74880605
actuator_loss_01,actuator_loss,2710,3.42000000,-0.30000000,0.15973169,-1.10525949,-2.74887300,0.15917810,-1.10764478,-1.59434634
actuator_loss_01,actuator_loss,2710,3.44000000,-0.30000000,0.13166378,-1.10752021,-2.23234691,0.13720519,-1.09864562,-1.29476121
actuator_loss_01,actuator_loss,2710,3.46000000,-0.30000000,0.11495178,-1.07502717,-2.09399625,0.11550507,-1.08500587,-1.21451783
actuator_loss_01,actuator_loss,2710,3.48000000,-0.30000000,0.08787789,-1.06517061,-1.65594893,0.09409547,-1.07048019,-0.96045038
actuator_loss_01,actuator_loss,2710,3.50000000,-0.30000000,0.07216644,-1.05758732,-1.41105935,0.07305070,-1.05223819,-0.81841443
actuator_loss_01,actuator_loss,2710,3.52000000,-0.30000000,0.05851028,-1.03807915,-1.26278936,0.05240590,-1.03224040,-0.73241783
actuator_loss_01,actuator_loss,2710,3.54000000,-0.30000000,0.03166310,-1.01130159,-0.91342780,0.03217661,-1.01146423,-0.52978812
actuator_loss_01,actuator_loss,2710,3.56000000,-0.30000000,0.01250662,-0.99103220,-0.66995811,0.01241628,-0.98801638,-0.38857570
actuator_loss_01,actuator_loss,2710,3.58000000,-0.30000000,-0.00482868,-0.97043246,-0.46092147,-0.00684355,-0.96299181,-0.26733445
actuator_loss_01,actuator_loss,2710,3.60000000,-0.30000000,-0.02514653,-0.93799029,-0.25741107,-0.02557893,-0.93676908,-0.14929842
actuator_loss_01,actuator_loss,2710,3.62000000,-0.30000000,-0.03993664,-0.89674448,-0.19741804,-0.04376771,-0.90943901,-0.11450246
actuator_loss_01,actuator_loss,2710,3.64000000,-0.30000000,-0.06201893,-0.88673149,0.14999825,-0.06141583,-0.88240569,0.08699898
actuator_loss_01,actuator_loss,2710,3.66000000,-0.30000000,-0.08284325,-0.85850450,0.38370097,-0.07847419,-0.85291819,0.22254656
actuator_loss_01,actuator_loss,2710,3.68000000,-0.30000000,-0.09867863,-0.82371027,0.49476671,-0.09491698,-0.82213917,0.28696469
actuator_loss_01,actuator_loss,2710,3.70000000,-0.30000000,-0.10989424,-0.78178040,0.48699827,-0.11074256,-0.79127942,0.28245900
actuator_loss_01,actuator_loss,2710,3.72000000,-0.30000000,-0.12989749,-0.76092613,0.74278543,-0.12597206,-0.76147498,0.43081555
actuator_loss_01,actuator_loss,2710,3.74000000,-0.30000000,-0.14570133,-0.73946518,0.91994992,-0.14057563,-0.73017846,0.53357095
actuator_loss_01,actuator_loss,2710,3.76000000,-0.30000000,-0.15772101,-0.69902281,0.93409220,-0.15453938,-0.69818719,0.54177347
actuator_loss_01,actuator_loss,2710,3.78000000,-0.30000000,-0.16995377,-0.65947384,0.95653714,-0.16788094,-0.66707823,0.55479154
actuator_loss_01,actuator_loss,2710,3.80000000,-0.30000000,-0.18014213,-0.63823639,1.03374022,-0.18061583,-0.63674431,0.59956933
actuator_loss_01,actuator_loss,2710,3.82000000,-0.30000000,-0.19309512,-0.60630086,1.10721645,-0.19274860,-0.60663851,0.64218554
actuator_loss_01,actuator_loss,2710,3.84000000,-0.30000000,-0.20290274,-0.56219064,1.06320258,-0.20428438,-0.57678912,0.61665749
actuator_loss_01,actuator_loss,2710,3.86000000,-0.30000000,-0.21949658,-0.54800632,1.29096997,-0.21525055,-0.54830862,0.74876258
actuator_loss_01,actuator_loss,2710,3.88000000,-0.30000000,-0.22770636,-0.52644426,1.33093572,-0.22562178,-0.51856119,0.77194272
actuator_loss_01,actuator_loss,2710,3.90000000,-0.30000000,-0.23713765,-0.48462894,1.29162236,-0.23540934,-0.48937841,0.74914097
actuator_loss_01,actuator_loss,2710,3.92000000,-0.30000000,-0.24496031,-0.46476199,1.33309560,-0.24463931,-0.46149849,0.77319545
actuator_loss_01,actuator_loss,2710,3.94000000,-0.30000000,-0.24742413,-0.43556150,1.23144182,-0.25332150,-0.43410946,0.71423626
actuator_loss_01,actuator_loss,2710,3.96000000,-0.30000000,-0.26191978,-0.40650293,1.34707062,-0.26149272,-0.40856087,0.78130096
actuator_loss_01,actuator_loss,2710,3.98000000,-0.30000000,-0.27335467,-0.38896738,1.46522091,-0.26914716,-0.38272174,0.84982813
actuator_loss_01,actuator_loss,2710,4.00000000,-0.30000000,-0.27877622,-0.35817395,1.40884181,-0.27627870,-0.35657724,0.81712825
actuator_loss_01,actuator_loss,2710,4.02000000,-0.30000000,-0.28143817,-0.32393728,1.28557344,-0.28291474,-0.33180178,0.74563259
actuator_loss_01,actuator_loss,2710,4.04000000,-0.30000000,-0.28879566,-0.30867574,1.34170058,-0.28909453,-0.30898983,0.77818634
actuator_loss_01,actuator_loss,2710,4.06000000,-0.30000000,-0.29666598,-0.28846326,1.38230384,-0.29482189,-0.28636786,0.80173623
actuator_loss_01,actuator_loss,2710,4.08000000,-0.30000000,-0.29995111,-0.27207420,1.35949098,-0.30010345,-0.26407788,0.78850477
actuator_loss_01,actuator_loss,2710,4.10000000,-0.30000000,-0.30210505,-0.24416734,1.25872769,-0.30495773,-0.24271423,0.73006206
actuator_loss_01,actuator_loss,2710,4.12000000,-0.30000000,-0.30545288,-0.21928007,1.19455214,-0.30941755,-0.22299095,0.69284024
actuator_loss_01,actuator_loss,2710,4.14000000,-0.30000000,-0.31215592,-0.19908025,1.21420771,-0.31350769,-0.20450691,0.70424047
actuator_loss_01,actuator_loss,2710,4.16000000,-0.30000000,-0.31799052,-0.18764135,1.26203612,-0.31723615,-0.18642310,0.73198095
actuator_loss_01,actuator_loss,2710,4.18000000,-0.30000000,-0.32314576,-0.17674859,1.30036662,-0.32060531,-0.16845809,0.75421264
actuator_loss_01,actuator_loss,2710,4.20000000,-0.30000000,-0.32666705,-0.14587164,1.20936511,-0.32361929,-0.15069868,0.70143177
actuator_loss_01,actuator_loss,2710,4.22000000,-0.30000000,-0.32269242,-0.12928488,1.05488802,-0.32630673,-0.13437194,0.61183505
actuator_loss_01,actuator_loss,2710,4.24000000,-0.30000000,-0.33317385,-0.11906065,1.19243254,-0.32870748,-0.12003775,0.69161087
actuator_loss_01,actuator_loss,2710,4.26000000,-0.30000000,-0.32517499,-0.10363517,0.97132569,-0.33080443,-0.10484740,0.56336890
actuator_loss_01,actuator_loss,2710,4.28000000,-0.30000000,-0.33248956,-0.08573123,1.01346823,-0.33264941,-0.09224901,0.58781157
actuator_loss_01,actuator_loss,2710,4.30000000,-0.30000000,-0.33420669,-0.07892546,1.01034767,-0.33424239,-0.07964922,0.58600165
actuator_loss_01,actuator_loss,2710,4.32000000,-0.30000000,-0.33514819,-0.06183424,0.94183868,-0.33559199,-0.06747982,0.54626643
actuator_loss_01,actuator_loss,2710,4.34000000,-0.30000000,-0.33179138,-0.05501006,0.84729515,-0.33671901,-0.05635081,0.49143119
actuator_loss_01,actuator_loss,2710,4.36000000,-0.30000000,-0.33904571,-0.04421584,0.92390191,-0.33764855,-0.04647742,0.53586311
actuator_loss_01,actuator_loss,2710,4.38000000,-0.30000000,-0.34015069,-0.02990032,0.87221408,-0.33837230,-0.03618728,0.50588417
actuator_loss_01,actuator_loss,2710,4.40000000,-0.30000000,-0.33865426,-0.02788257,0.83518960,-0.33890665,-0.02671733,0.48440997
actuator_loss_01,actuator_loss,2710,4.42000000,-0.30000000,-0.33795319,-0.01973938,0.78185442,-0.33926468,-0.01790163,0.45347557
actuator_loss_01,actuator_loss,2710,4.44000000,-0.30000000,-0.33948065,-0.01265438,0.77392368,-0.33946218,-0.00987496,0.44887574
actuator_loss_01,actuator_loss,2710,4.46000000,-0.30000000,-0.33938784,0.00082363,0.70486287,-0.33950576,-0.00217914,0.40882046
actuator_loss_01,actuator_loss,2710,4.48000000,-0.30000000,-0.33925182,0.01070994,0.65298309,-0.33941350,0.00461326,0.37873019
actuator_loss_01,actuator_loss,2710,4.50000000,-0.30000000,-0.33829123,0.01041652,0.63715951,-0.33919960,0.01069486,0.36955252
actuator_loss_01,actuator_loss,2710,4.52000000,-0.30000000,-0.33646420,0.00389843,0.63686346,-0.33887096,0.01643216,0.36938081
actuator_loss_01,actuator_loss,2710,4.54000000,-0.30000000,-0.33864139,0.01567786,0.61715569,-0.33843127,0.02198421,0.35795030
actuator_loss_01,actuator_loss,2710,4.56000000,-0.30000000,-0.33316947,0.02336898,0.48020563,-0.33788784,0.02717176,0.27851926
actuator_loss_01,actuator_loss,2710,4.58000000,-0.30000000,-0.33317451,0.02258890,0.48419677,-0.33727007,0.03088811,0.28083413
actuator_loss_01,actuator_loss,2710,4.60000000,-0.30000000,-0.33354471,0.03649208,0.42134440,-0.33657959,0.03452436,0.24437975
actuator_loss_01,actuator_loss,2710,4.62000000,-0.30000000,-0.33873579,0.03808556,0.50681648,-0.33583068,0.03744549,0.29395356
actuator_loss_01,actuator_loss,2710,4.64000000,-0.30000000,-0.33647542,0.03503364,0.48138932,-0.33500890,0.04108900,0.27920581
actuator_loss_01,actuator_loss,2710,4.66000000,-0.30000000,-0.33482833,0.05468482,0.35348590,-0.33412141,0.04437412,0.20502182
actuator_loss_01,actuator_loss,2710,4.68000000,-0.30000000,-0.33402469,0.04774319,0.37372856,-0.33319472,0.04633483,0.21676257
actuator_loss_01,actuator_loss,2710,4.70000000,-0.30000000,-0.33076500,0.04329297,0.33730520,-0.33222619,0.04842627,0.19563702
actuator_loss_01,actuator_loss,2710,4.72000000,-0.30000000,-0.32855088,0.04784816,0.27467503,-0.33122412,0.05010380,0.15931152
actuator_loss_01,actuator_loss,2710,4.74000000,-0.30000000,-0.32280907,0.05276628,0.14673194,-0.33020150,0.05113062,0.08510453
actuator_loss_01,actuator_loss,2710,4.76000000,-0.30000000,-0.32528699,0.05362189,0.18705639,-0.32918342,0.05090444,0.10849271
actuator_loss_01,actuator_loss,2710,4.78000000,-0.30000000,-0.32613655,0.05426792,0.19911823,-0.32816201,0.05107007,0.11548857
actuator_loss_01,actuator_loss,2710,4.80000000,-0.30000000,-0.33422999,0.05608147,0.33573241,-0.32713510,0.05134548,0.19472480
actuator_loss_01,actuator_loss,2710,4.82000000,-0.30000000,-0.32767351,0.05552278,0.22050920,-0.32607680,0.05291519,0.12789534
actuator_loss_01,actuator_loss,2710,4.84000000,-0.30000000,-0.32437215,0.04896160,0.19389071,-0.32501008,0.05333597,0.11245661
actuator_loss_01,actuator_loss,2710,4.86000000,-0.30000000,-0.32867707,0.05572283,0.23757319,-0.32394029,0.05348948,0.13779245
actuator_loss_01,actuator_loss,2710,4.88000000,-0.30000000,-0.32581760,0.05659302,0.18175168,-0.32285920,0.05405476,0.10541598
actuator_loss_01,actuator_loss,2710,4.90000000,-0.30000000,-0.32283747,0.04507069,0.18572108,-0.32177780,0.05406963,0.10771823
actuator_loss_01,actuator_loss,2710,4.92000000,-0.30000000,-0.32024859,0.04527827,0.13808335,-0.32069537,0.05412189,0.08008834
actuator_loss_01,actuator_loss,2710,4.94000000,-0.30000000,-0.31696562,0.05271379,0.04181229,-0.31962100,0.05371810,0.02425113
actuator_loss_01,actuator_loss,2710,4.96000000,-0.30000000,-0.31361325,0.05402573,-0.02509012,-0.31857283,0.05240891,-0.01455227
actuator_loss_01,actuator_loss,2710,4.98000000,-0.30000000,-0.31572861,0.05423503,0.01193984,-0.31756276,0.05050321,0.00692511
actuator_loss_01,actuator_loss,2710,5.00000000,0.80000000,-0.31087891,0.05032245,12.00000000,-0.31658253,0.04901131,6.96000000
actuator_loss_01,actuator_loss,2710,5.02000000,0.80000000,-0.31470114,0.16127565,12.00000000,-0.31334431,0.16191127,6.96000000
actuator_loss_01,actuator_loss,2710,5.04000000,0.80000000,-0.31153976,0.25978264,12.00000000,-0.30791988,0.27122150,6.96000000
actuator_loss_01,actuator_loss,2710,5.06000000,0.80000000,-0.30244020,0.37673166,12.00000000,-0.30037876,0.37705612,6.96000000
actuator_loss_01,actuator_loss,2710,5.08000000,0.80000000,-0.28974768,0.47544220,12.00000000,-0.29078824,0.47952564,6.96000000
actuator_loss_01,actuator_loss,2710,5.10000000,0.80000000,-0.28160223,0.57799249,12.00000000,-0.27921350,0.57873706,6.96000000
actuator_loss_01,actuator_loss,2710,5.12000000,0.80000000,-0.26620509,0.65457285,12.00000000,-0.26571762,0.67479398,6.96000000
actuator_loss_01,actuator_loss,2710,5.14000000,0.80000000,-0.24962288,0.77189999,12.00000000,-0.25036169,0.76779670,6.96000000
actuator_loss_01,actuator_loss,2710,5.16000000,0.80000000,-0.24011604,0.85067349,12.00000000,-0.23320484,0.85784231,6.96000000
actuator_loss_01,actuator_loss,2710,5.18000000,0.80000000,-0.21847962,0.93744007,12.00000000,-0.21430435,0.94502486,6.96000000
actuator_loss_01,actuator_loss,2710,5.20000000,0.80000000,-0.19078327,1.04142286,12.00000000,-0.19371564,1.02943537,6.96000000
actuator_loss_01,actuator_loss,2710,5.22000000,0.80000000,-0.17174485,1.11257342,11.92854018,-0.17149240,1.11116198,6.91855331
actuator_loss_01,actuator_loss,2710,5.24000000,0.80000000,-0.15008534,1.20299453,11.08656357,-0.14770023,1.18960843,6.43020687
actuator_loss_01,actuator_loss,2710,5.26000000,0.80000000,-0.12254822,1.25854345,10.31315066,-0.12254964,1.25752968,5.98162739
actuator_loss_01,actuator_loss,2710,5.28000000,0.80000000,-0.08970401,1.32450793,9.39213246,-0.09623135,1.31591435,5.44743683
actuator_loss_01,actuator_loss,2710,5.30000000,0.80000000,-0.07010104,1.35987175,8.86245996,-0.06895819,1.36365779,5.14022678
actuator_loss_01,actuator_loss,2710,5.32000000,0.80000000,-0.04293522,1.40460612,8.14980330,-0.04086157,1.40483107,4.72688591
actuator_loss_01,actuator_loss,2710,5.34000000,0.80000000,-0.01319616,1.43616080,7.45672689,-0.01210362,1.43789776,4.32490160
actuator_loss_01,actuator_loss,2710,5.36000000,0.80000000,0.01674703,1.46515794,6.77276380,0.01716243,1.46330237,3.92820301
actuator_loss_01,actuator_loss,2710,5.38000000,0.80000000,0.04444092,1.49054739,6.14732647,0.04678994,1.48137545,3.56544935
actuator_loss_01,actuator_loss,2710,5.40000000,0.80000000,0.07561325,1.48733932,5.60226495,0.07664811,1.49290833,3.24931367
actuator_loss_01,actuator_loss,2710,5.42000000,0.80000000,0.11208847,1.50392803,4.86276741,0.10662562,1.49887562,2.82040510
actuator_loss_01,actuator_loss,2710,5.44000000,0.80000000,0.14207387,1.49984061,4.34346718,0.13657761,1.49759970,2.51921097
actuator_loss_01,actuator_loss,2710,5.46000000,0.80000000,0.16134877,1.49613152,4.01506455,0.16640584,1.49141117,2.32873744
actuator_loss_01,actuator_loss,2710,5.48000000,0.80000000,0.19851211,1.47864717,3.43354619,0.19605158,1.48228703,1.99145679
actuator_loss_01,actuator_loss,2710,5.50000000,0.80000000,0.22341102,1.47656537,2.99577473,0.22540970,1.46790637,1.73754935
actuator_loss_01,actuator_loss,2710,5.52000000,0.80000000,0.25424570,1.44399330,2.60361084,0.25440585,1.44980741,1.51009429
actuator_loss_01,actuator_loss,2710,5.54000000,0.80000000,0.27901680,1.42841049,2.23564509,0.28297672,1.42854338,1.29667415
actuator_loss_01,actuator_loss,2710,5.56000000,0.80000000,0.30965403,1.41107045,1.77087524,0.31106563,1.40444573,1.02710764
actuator_loss_01,actuator_loss,2710,5.58000000,0.80000000,0.33651591,1.37600856,1.46267090,0.33859926,1.37668122,0.84834912
actuator_loss_01,actuator_loss,2710,5.60000000,0.80000000,0.36746617,1.35239239,1.02364707,0.36553645,1.34685979,0.59371530
actuator_loss_01,actuator_loss,2710,5.62000000,0.80000000,0.39222903,1.31978608,0.74094703,0.39181244,1.31379907,0.42974928
actuator_loss_01,actuator_loss,2710,5.64000000,0.80000000,0.41978963,1.26752998,0.50613683,0.41739430,1.27909308,0.29355936
actuator_loss_01,actuator_loss,2710,5.66000000,0.80000000,0.44531770,1.24376150,0.16547382,0.44225932,1.24325094,0.09597481
actuator_loss_01,actuator_loss,2710,5.68000000,0.80000000,0.46801177,1.21007607,-0.07459215,0.46636530,1.20529912,-0.04326345
actuator_loss_01,actuator_loss,2710,5.70000000,0.80000000,0.49069287,1.15480404,-0.20649183,0.48969058,1.16626420,-0.11976526
actuator_loss_01,actuator_loss,2710,5.72000000,0.80000000,0.51472086,1.12267658,-0.47835835,0.51223483,1.12721235,-0.27744784
actuator_loss_01,actuator_loss,2710,5.74000000,0.80000000,0.52869024,1.09065034,-0.56967607,0.53397101,1.08680907,-0.33041212
actuator_loss_01,actuator_loss,2710,5.76000000,0.80000000,0.55382885,1.04768972,-0.80736795,0.55490740,1.04681944,-0.46827341
actuator_loss_01,actuator_loss,2710,5.78000000,0.80000000,0.57603558,1.00305106,-0.98389577,0.57502408,1.00583416,-0.57065954
actuator_loss_01,actuator_loss,2710,5.80000000,0.80000000,0.59161418,0.96180682,-1.05808935,0.59431345,0.96446828,-0.61369182
actuator_loss_01,actuator_loss,2710,5.82000000,0.80000000,0.61261009,0.92147673,-1.23436529,0.61278765,0.92370999,-0.71593187
actuator_loss_01,actuator_loss,2710,5.84000000,0.80000000,0.63063903,0.88418102,-1.37240764,0.63043897,0.88256628,-0.79599643
actuator_loss_01,actuator_loss,2710,5.86000000,0.80000000,0.64457040,0.82421066,-1.32332043,0.64726726,0.84141410,-0.76752585
actuator_loss_01,actuator_loss,2710,5.88000000,0.80000000,0.66115212,0.80031312,-1.50230379,0.66330803,0.80203859,-0.87133620
actuator_loss_01,actuator_loss,2710,5.90000000,0.80000000,0.68295837,0.74665493,-1.62652538,0.67855219,0.76220788,-0.94338472
actuator_loss_01,actuator_loss,2710,5.92000000,0.80000000,0.69671747,0.71843575,-1.73309323,0.69300136,0.72245876,-1.00519408
actuator_loss_01,actuator_loss,2710,5.94000000,0.80000000,0.70981427,0.67230393,-1.73817645,0.70666050,0.68295704,-1.00814234
actuator_loss_01,actuator_loss,2710,5.96000000,0.80000000,0.72098517,0.64685527,-1.81200942,0.71955376,0.64466281,-1.05096546
actuator_loss_01,actuator_loss,2710,5.98000000,0.80000000,0.73220911,0.60416237,-1.80057586,0.73169140,0.60688195,-1.04433400
actuator_loss_01,actuator_loss,2710,6.00000000,0.80000000,0.74099680,0.57723238,-1.82410431,0.74309962,0.57041142,-1.05798050
actuator_loss_01,actuator_loss,2710,6.02000000,0.80000000,0.75497581,0.53784116,-1.87877034,0.75379715,0.53487608,-1.08968680
actuator_loss_01,actuator_loss,2710,6.04000000,0.80000000,0.76539315,0.49664149,-1.86028423,0.76379613,0.49994920,-1.07896485
actuator_loss_01,actuator_loss,2710,6.06000000,0.80000000,0.77239864,0.47621012,-1.88422618,0.77312231,0.46630917,-1.09285119
actuator_loss_01,actuator_loss,2710,6.08000000,0.80000000,0.78078507,0.44503304,-1.87929643,0.78179252,0.43351039,-1.08999193
actuator_loss_01,actuator_loss,2710,6.10000000,0.80000000,0.78869127,0.40895671,-1.84122638,0.78982855,0.40180149,-1.06791130
actuator_loss_01,actuator_loss,2710,6.12000000,0.80000000,0.80298331,0.38282724,-1.96783570,0.79725783,0.37146392,-1.14134471
actuator_loss_01,actuator_loss,2710,6.14000000,0.80000000,0.80452092,0.33516178,-1.75718535,0.80407550,0.34088333,-1.01916751
actuator_loss_01,actuator_loss,2710,6.16000000,0.80000000,0.80680941,0.31087945,-1.67696667,0.81034118,0.31328431,-0.97264067
actuator_loss_01,actuator_loss,2710,6.18000000,0.80000000,0.81502023,0.29818537,-1.76129101,0.81608774,0.28732795,-1.02154878
actuator_loss_01,actuator_loss,2710,6.20000000,0.80000000,0.82795735,0.25957545,-1.80110947,0.82131559,0.26139260,-1.04464349
actuator_loss_01,actuator_loss,2710,6.22000000,0.80000000,0.82981912,0.24868642,-1.78017632,0.82603364,0.23590208,-1.03250226
actuator_loss_01,actuator_loss,2710,6.24000000,0.80000000,0.82853522,0.21213705,-1.57431928,0.83026207,0.21142172,-0.91310518
actuator_loss_01,actuator_loss,2710,6.26000000,0.80000000,0.83189021,0.18699325,-1.50898995,0.83405573,0.18968324,-0.87521417
actuator_loss_01,actuator_loss,2710,6.28000000,0.80000000,0.84091066,0.15866301,-1.52970702,0.83744092,0.16925908,-0.88723007
actuator_loss_01,actuator_loss,2710,6.30000000,0.80000000,0.84132308,0.15720844,-1.52985763,0.84042665,0.14928671,-0.88731743
actuator_loss_01,actuator_loss,2710,6.32000000,0.80000000,0.83707239,0.13032825,-1.31894424,0.84302561,0.12994794,-0.76498766
actuator_loss_01,actuator_loss,2710,6.34000000,0.80000000,0.84044186,0.11997013,-1.32780417,0.84529033,0.11323580,-0.77012642
actuator_loss_01,actuator_loss,2710,6.36000000,0.80000000,0.84838954,0.08560079,-1.29901568,0.84722974,0.09697052,-0.75342910
actuator_loss_01,actuator_loss,2710,6.38000000,0.80000000,0.85102534,0.08678412,-1.35237666,0.84885968,0.08149701,-0.78437846
actuator_loss_01,actuator_loss,2710,6.40000000,0.80000000,0.85502255,0.06141047,-1.29745829,0.85017981,0.06600652,-0.75252581
actuator_loss_01,actuator_loss,2710,6.42000000,0.80000000,0.84998675,0.04999359,-1.14972951,0.85121045,0.05153238,-0.66684312
actuator_loss_01,actuator_loss,2710,6.44000000,0.80000000,0.85079279,0.04077207,-1.11813051,0.85198900,0.03892752,-0.64851570
actuator_loss_01,actuator_loss,2710,6.46000000,0.80000000,0.85521617,0.02993818,-1.14358186,0.85252950,0.02702485,-0.66327748
actuator_loss_01,actuator_loss,2710,6.48000000,0.80000000,0.85541387,0.01780732,-1.08648630,0.85283466,0.01525787,-0.63016206
actuator_loss_01,actuator_loss,2710,6.50000000,0.80000000,0.85198834,0.00919763,-0.98177822,0.85292285,0.00440961,-0.56943137
actuator_loss_01,actuator_loss,2710,6.52000000,0.80000000,0.84895834,-0.01602458,-0.80112720,0.85282095,-0.00509498,-0.46465377
actuator_loss_01,actuator_loss,2710,6.54000000,0.80000000,0.85288110,-0.02733288,-0.81519543,0.85256946,-0.01257429,-0.47281335
actuator_loss_01,actuator_loss,2710,6.56000000,0.80000000,0.85496852,-0.01519985,-0.91343402,0.85217047,-0.01994997,-0.52979173
actuator_loss_01,actuator_loss,2710,6.58000000,0.80000000,0.85253838,-0.02218669,-0.83475732,0.85160990,-0.02802816,-0.48415925
actuator_loss_01,actuator_loss,2710,6.60000000,0.80000000,0.84430547,-0.04191031,-0.58794686,0.85090792,-0.03509906,-0.34100918
actuator_loss_01,actuator_loss,2710,6.62000000,0.80000000,0.85235571,-0.04373163,-0.72374459,0.85011610,-0.03959101,-0.41977186
actuator_loss_01,actuator_loss,2710,6.64000000,0.80000000,0.85338668,-0.04542024,-0.73385903,0.84921139,-0.04523540,-0.42563824
actuator_loss_01,actuator_loss,2710,6.66000000,0.80000000,0.84862836,-0.04604700,-0.64507542,0.84819546,-0.05079679,-0.37414375
actuator_loss_01,actuator_loss,2710,6.68000000,0.80000000,0.84625535,-0.06005826,-0.53230495,0.84708877,-0.05533452,-0.30873687
actuator_loss_01,actuator_loss,2710,6.70000000,0.80000000,0.84211784,-0.06002355,-0.45800331,0.84591572,-0.05865234,-0.26564192
actuator_loss_01,actuator_loss,2710,6.72000000,0.80000000,0.84379453,-0.05764126,-0.50009523,0.84469260,-0.06115597,-0.29005523
actuator_loss_01,actuator_loss,2710,6.74000000,0.80000000,0.84122571,-0.07005730,-0.39177627,0.84341297,-0.06398147,-0.22723024
actuator_loss_01,actuator_loss,2710,6.76000000,0.80000000,0.83500870,-0.06235302,-0.31839149,0.84209929,-0.06568397,-0.18466707
actuator_loss_01,actuator_loss,2710,6.78000000,0.80000000,0.84140588,-0.07348776,-0.37786707,0.84076664,-0.06663237,-0.21916290
actuator_loss_01,actuator_loss,2710,6.80000000,0.80000000,0.83649768,-0.05977701,-0.35807330,0.83940429,-0.06811791,-0.20768251
actuator_loss_01,actuator_loss,2710,6.82000000,0.80000000,0.83511652,-0.05888803,-0.33765720,0.83801694,-0.06936742,-0.19584117
actuator_loss_01,actuator_loss,2710,6.84000000,0.80000000,0.83963913,-0.07414480,-0.34278027,0.83660929,-0.07038247,-0.19881256
actuator_loss_01,actuator_loss,2710,6.86000000,0.80000000,0.83865247,-0.07135298,-0.33897961,0.83518101,-0.07141411,-0.19660817
actuator_loss_01,actuator_loss,2710,6.88000000,0.80000000,0.83296841,-0.07547112,-0.21607579,0.83373347,-0.07237669,-0.12532396
actuator_loss_01,actuator_loss,2710,6.90000000,0.80000000,0.83852431,-0.07792164,-0.30382931,0.83229074,-0.07213639,-0.17622100
actuator_loss_01,actuator_loss,2710,6.92000000,0.80000000,0.82733301,-0.06711525,-0.15641790,0.83083593,-0.07274074,-0.09072238
actuator_loss_01,actuator_loss,2710,6.94000000,0.80000000,0.82928019,-0.07214972,-0.16629473,0.82939753,-0.07191984,-0.09645095
actuator_loss_01,actuator_loss,2710,6.96000000,0.80000000,0.82451431,-0.07431260,-0.06969454,0.82797315,-0.07121924,-0.04042283
actuator_loss_01,actuator_loss,2710,6.98000000,0.80000000,0.83344855,-0.07432460,-0.23045088,0.82658076,-0.06961953,-0.13366151
actuator_loss_01,actuator_loss,2710,7.00000000,0.80000000,0.83095871,-0.06579415,-0.22828605,0.82518868,-0.06960401,-0.13240591
actuator_loss_01,actuator_loss,2710,7.02000000,0.80000000,0.82198661,-0.07794632,-0.00602736,0.82379731,-0.06956833,-0.00349587
actuator_loss_01,actuator_loss,2710,7.04000000,0.80000000,0.81878562,-0.07169457,0.02033163,0.82244903,-0.06741384,0.01179234
actuator_loss_01,actuator_loss,2710,7.06000000,0.80000000,0.81848976,-0.06129029,-0.02636428,0.82114751,-0.06507644,-0.01529128
actuator_loss_01,actuator_loss,2710,7.08000000,0.80000000,0.82294251,-0.07153155,-0.05530750,0.81988233,-0.06325875,-0.03207835
actuator_loss_01,actuator_loss,2710,7.10000000,0.80000000,0.81610056,-0.05962193,0.00829965,0.81864683,-0.06177492,0.00481380
actuator_loss_01,actuator_loss,2710,7.12000000,0.80000000,0.81530914,-0.06287039,0.03878748,0.81745220,-0.05973157,0.02249674
actuator_loss_01,actuator_loss,2710,7.14000000,0.80000000,0.81829774,-0.06378997,-0.01040955,0.81630295,-0.05746240,-0.00603754
actuator_loss_01,actuator_loss,2710,7.16000000,0.80000000,0.81769121,-0.05803872,-0.02824826,0.81518826,-0.05573462,-0.01638399
actuator_loss_01,actuator_loss,2710,7.18000000,0.80000000,0.81149775,-0.05730250,0.07955304,0.81410362,-0.05423193,0.04614077
actuator_loss_01,actuator_loss,2710,7.20000000,0.80000000,0.81731675,-0.05223598,-0.05052163,0.81306865,-0.05174879,-0.02930255
actuator_loss_01,actuator_loss,2710,7.22000000,0.80000000,0.81412021,-0.04665262,-0.02090070,0.81205694,-0.05058529,-0.01212240
actuator_loss_01,actuator_loss,2710,7.24000000,0.80000000,0.80911167,-0.04163543,0.04416704,0.81107341,-0.04917624,0.02561688
actuator_loss_01,actuator_loss,2710,7.26000000,0.80000000,0.81205134,-0.05643558,0.06525387,0.81012959,-0.04719137,0.03784725
actuator_loss_01,actuator_loss,2710,7.28000000,0.80000000,0.80732832,-0.03709928,0.05358660,0.80922822,-0.04506848,0.03108023
actuator_loss_01,actuator_loss,2710,7.30000000,0.80000000,0.80843509,-0.05462377,0.12128726,0.80836573,-0.04312437,0.07034661
actuator_loss_01,actuator_loss,2710,7.32000000,0.80000000,0.80566621,-0.04105783,0.10329746,0.80755380,-0.04059634,0.05991253
actuator_loss_01,actuator_loss,2710,7.34000000,0.80000000,0.80443502,-0.03989094,0.11962429,0.80678740,-0.03832027,0.06938209
actuator_loss_01,actuator_loss,2710,7.36000000,0.80000000,0.80594726,-0.02970525,0.04147563,0.80606818,-0.03596085,0.02405587
actuator_loss_01,actuator_loss,2710,7.38000000,0.80000000,0.80480288,-0.03495592,0.08832780,0.80537974,-0.03442184,0.05123012
actuator_loss_01,actuator_loss,2710,7.40000000,0.80000000,0.80589307,-0.02182558,0.00305259,0.80473005,-0.03248489,0.00177050
actuator_loss_01,actuator_loss,2710,7.42000000,0.80000000,0.80604505,-0.03603783,0.07137822,0.80410159,-0.03142289,0.04139937
actuator_loss_01,actuator_loss,2710,7.44000000,0.80000000,0.80860512,-0.02448744,-0.03245491,0.80350673,-0.02974295,-0.01882385
actuator_loss_01,actuator_loss,2710,7.46000000,0.80000000,0.79934786,-0.02952435,0.15936017,0.80292459,-0.02910681,0.09242890
actuator_loss_01,actuator_loss,2710,7.48000000,0.80000000,0.79943050,-0.01912489,0.10587542,0.80239137,-0.02666133,0.06140774
actuator_loss_01,actuator_loss,2710,7.50000000,0.80000000,0.79749209,-0.03883064,0.23929557,0.80189529,-0.02480375,0.13879143
actuator_loss_01,actuator_loss,2710,7.52000000,0.80000000,0.79907015,-0.03238245,0.17864961,0.80146064,-0.02173265,0.10361677
actuator_loss_01,actuator_loss,2710,7.54000000,0.80000000,0.80252854,-0.02033135,0.05614306,0.80107389,-0.01933765,0.03256297
actuator_loss_01,actuator_loss,2710,7.56000000,0.80000000,0.80103831,-0.01115224,0.03707158,0.80071014,-0.01818729,0.02150152
actuator_loss_01,actuator_loss,2710,7.58000000,0.80000000,0.80170715,-0.02376241,0.08808330,0.80036503,-0.01725542,0.05108831
actuator_loss_01,actuator_loss,2710,7.60000000,0.80000000,0.79536911,-0.03158333,0.24127268,0.80004770,-0.01586661,0.13993816
actuator_loss_01,actuator_loss,2710,7.62000000,0.80000000,0.79496005,-0.00971931,0.13931571,0.79978648,-0.01306081,0.08080311
actuator_loss_01,actuator_loss,2710,7.64000000,0.80000000,0.80202305,-0.01713138,0.04924202,0.79956015,-0.01131671,0.02856037
actuator_loss_01,actuator_loss,2710,7.66000000,0.80000000,0.79821057,-0.00787841,0.07160183,0.79935040,-0.01048721,0.04152906
actuator_loss_01,actuator_loss,2710,7.68000000,0.80000000,0.79449538,-0.01296536,0.16391001,0.79916099,-0.00947081,0.09506781
actuator_loss_01,actuator_loss,2710,7.70000000,0.80000000,0.80620940,-0.00761863,-0.07367611,0.79900886,-0.00760627,-0.04273215
actuator_loss_01,actuator_loss,2710,7.72000000,0.80000000,0.80290385,-0.01558004,0.02563093,0.79884752,-0.00806716,0.01486594
actuator_loss_01,actuator_loss,2710,7.74000000,0.80000000,0.79640281,-0.00335250,0.08151188,0.79869620,-0.00756619,0.04727689
actuator_loss_01,actuator_loss,2710,7.76000000,0.80000000,0.79709426,-0.00096079,0.05710723,0.79856523,-0.00654814,0.03312219
actuator_loss_01,actuator_loss,2710,7.78000000,0.80000000,0.80393900,-0.00574048,-0.04219967,0.79844933,-0.00579524,-0.02447581
actuator_loss_01,actuator_loss,2710,7.80000000,0.80000000,0.80369593,-0.00773125,-0.02787044,0.79832906,-0.00601348,-0.01616486
actuator_loss_01,actuator_loss,2710,7.82000000,0.80000000,0.79760888,-0.00468577,0.06646894,0.79820730,-0.00608811,0.03855199
actuator_loss_01,actuator_loss,2710,7.84000000,0.80000000,0.80143302,0.00101309,-0.03085982,0.79810209,-0.00526054,-0.01789870
actuator_loss_01,actuator_loss,2710,7.86000000,0.80000000,0.79817792,0.00255738,0.02001063,0.79799433,-0.00538762,0.01160617
actuator_loss_01,actuator_loss,2710,7.88000000,0.80000000,0.79927207,-0.01492801,0.08774284,0.79789382,-0.00502545,0.05089085
actuator_loss_01,actuator_loss,2710,7.90000000,0.80000000,0.79818778,-0.00774128,0.07132640,0.79781325,-0.00402876,0.04136931
actuator_loss_01,actuator_loss,2710,7.92000000,0.80000000,0.79566100,-0.00647794,0.11049179,0.79774884,-0.00322034,0.06408524
actuator_loss_01,actuator_loss,2710,7.94000000,0.80000000,0.79825449,-0.00585269,0.06068261,0.79770756,-0.00206405,0.03519591
actuator_loss_01,actuator_loss,2710,7.96000000,0.80000000,0.79846216,0.00405167,0.00742285,0.79767917,-0.00141962,0.00430525
actuator_loss_01,actuator_loss,2710,7.98000000,0.80000000,0.79626298,0.00926918,0.00742285,0.79765310,-0.00130368,0.00430525
actuator_loss_02,actuator_loss,2711,0.00000000,0.00000000,-0.00137187,-0.00111900,0.03028861,0.00000000,0.00000000,0.01756740
actuator_loss_02,actuator_loss,2711,0.02000000,0.00000000,0.00184057,-0.01248996,0.02931955,0.00000570,0.00028510,0.01700534
actuator_loss_02,actuator_loss,2711,0.04000000,0.00000000,-0.00525204,0.00648547,0.06210941,0.00001674,0.00055196,0.03602346
actuator_loss_02,actuator_loss,2711,0.06000000,0.00000000,0.00022470,0.00376625,-0.02287586,0.00003912,0.00111892,-0.01326800
actuator_loss_02,actuator_loss,2711,0.08000000,0.00000000,-0.00284845,0.00391723,0.03168589,0.00005648,0.00086777,0.01837782
actuator_loss_02,actuator_loss,2711,0.10000000,0.00000000,-0.00402018,0.00029426,0.07089195,0.00007924,0.00113825,0.04111733
actuator_loss_02,actuator_loss,2711,0.12000000,0.00000000,-0.00520838,0.00741860,0.05665784,0.00011462,0.00176912,0.03286155
actuator_loss_02,actuator_loss,2711,0.14000000,0.00000000,0.00037151,0.00677271,-0.04055081,0.00015954,0.00224580,-0.02351947
actuator_loss_02,actuator_loss,2711,0.16000000,0.00000000,0.00304415,-0.00513749,-0.02910726,0.00019538,0.00179220,-0.01688221
actuator_loss_02,actuator_loss,2711,0.18000000,0.00000000,0.00210881,0.00147491,-0.04533309,0.00022460,0.00146084,-0.02629319
actuator_loss_02,actuator_loss,2711,0.20000000,0.00000000,-0.00063328,-0.00454258,0.03411200,0.00024435,0.00098736,0.01978496
actuator_loss_02,actuator_loss,2711,0.22000000,0.00000000,0.00548235,0.00791398,-0.13825231,0.00026988,0.00127685,-0.08018634
actuator_loss_02,actuator_loss,2711,0.24000000,0.00000000,-0.00426314,-0.00173426,0.08540777,0.00026858,-0.00006539,0.04953651
actuator_loss_02,actuator_loss,2711,0.26000000,0.00000000,-0.00005015,0.01051260,-0.05166023,0.00028339,0.00074064,-0.02996293
actuator_loss_02,actuator_loss,2711,0.28000000,0.00000000,0.00094940,-0.00059475,-0.01411544,0.00028800,0.00023066,-0.00818696
actuator_loss_02,actuator_loss,2711,0.30000000,0.00000000,0.00053435,-0.01147612,0.04776226,0.00028981,0.00009041,0.02770211
actuator_loss_02,actuator_loss,2711,0.32000000,0.00000000,0.00425801,-0.00121705,-0.07055899,0.00030055,0.00053709,-0.04092421
actuator_loss_02,actuator_loss,2711,0.34000000,0.00000000,-0.00104726,0.00730135,-0.01765610,0.00029767,-0.00014427,-0.01024054
actuator_loss_02,actuator_loss,2711,0.36000000,0.00000000,0.00321582,-0.00597522,-0.02800868,0.00029155,-0.00030584,-0.01624504
actuator_loss_02,actuator_loss,2711,0.38000000,0.00000000,-0.00645239,0.00580779,0.08710412,0.00028036,-0.00055970,0.05052039
actuator_loss_02,actuator_loss,2711,0.40000000,0.00000000,0.00333053,0.00141359,-0.06701751,0.00028592,0.00027813,-0.03887016
actuator_loss_02,actuator_loss,2711,0.42000000,0.00000000,0.00175018,-0.01044077,0.02070056,0.00027869,-0.00036161,0.01200632
actuator_loss_02,actuator_loss,2711,0.44000000,0.00000000,-0.00027908,-0.00448774,0.02746224,0.00027558,-0.00015518,0.01592810
actuator_loss_02,actuator_loss,2711,0.46000000,0.00000000,0.00491315,0.00056489,-0.09126116,0.00027775,0.00010829,-0.05293147
actuator_loss_02,actuator_loss,2711,0.48000000,0.00000000,-0.00083008,0.00936971,-0.03190717,0.00026266,-0.00075421,-0.01850616
actuator_loss_02,actuator_loss,2711,0.50000000,0.00000000,-0.00367825,-0.00725863,0.10250171,0.00024206,-0.00103041,0.05945099
actuator_loss_02,actuator_loss,2711,0.52000000,0.00000000,0.00259630,-0.00604538,-0.01650642,0.00024140,-0.00003258,-0.00957372
actuator_loss_02,actuator_loss,2711,0.54000000,0.00000000,-0.00460665,0.00721821,0.04682867,0.00023767,-0.00018691,0.02716063
actuator_loss_02,actuator_loss,2711,0.56000000,0.00000000,0.00539181,-0.01667010,-0.01370199,0.00024286,0.00025987,-0.00794716
actuator_loss_02,actuator_loss,2711,0.58000000,0.00000000,-0.00043754,-0.00622840,0.03901782,0.00024531,0.00012257,0.02263033
actuator_loss_02,actuator_loss,2711,0.60000000,0.00000000,0.00083337,-0.00113179,-0.00934163,0.00025503,0.00048592,-0.00541814
actuator_loss_02,actuator_loss,2711,0.62000000,0.00000000,-0.00267511,-0.01489415,0.12262263,0.00026268,0.00038243,0.07112112
actuator_loss_02,actuator_loss,2711,0.64000000,0.00000000,-0.00184687,0.00834182,-0.00846539,0.00029317,0.00152443,-0.00490993
actuator_loss_02,actuator_loss,2711,0.66000000,0.00000000,-0.00565826,-0.00361898,0.11994358,0.00032109,0.00139594,0.06956727
actuator_loss_02,actuator_loss,2711,0.68000000,0.00000000,0.00136345,-0.00177633,-0.01566043,0.00037069,0.00248028,-0.00908305
actuator_loss_02,actuator_loss,2711,0.70000000,0.00000000,-0.00115402,0.00123170,0.01461383,0.00041576,0.00225347,0.00847602
actuator_loss_02,actuator_loss,2711,0.72000000,0.00000000,-0.00092159,0.00194745,0.00685144,0.00046214,0.00231889,0.00397383
actuator_loss_02,actuator_loss,2711,0.74000000,0.00000000,0.00003659,0.00533011,-0.02730922,0.00050832,0.00230914,-0.01583935
actuator_loss_02,actuator_loss,2711,0.76000000,0.00000000,-0.00557846,0.00626956,0.06906442,0.00054789,0.00197816,0.04005736
actuator_loss_02,actuator_loss,2711,0.78000000,0.00000000,0.00434780,-0.00594836,-0.04851859,0.00059919,0.00256494,-0.02814078
actuator_loss_02,actuator_loss,2711,0.80000000,0.00000000,-0.00008429,0.00542502,-0.02560798,0.00063971,0.00202612,-0.01485263
actuator_loss_02,actuator_loss,2711,0.82000000,0.00000000,-0.00198034,0.00460638,0.01261418,0.00067411,0.00172021,0.00731623
actuator_loss_02,actuator_loss,2711,0.84000000,0.00000000,0.00568596,0.00544352,-0.12956480,0.00070979,0.00178388,-0.07514759
actuator_loss_02,actuator_loss,2711,0.86000000,0.00000000,0.00499799,0.00116416,-0.09578460,0.00071993,0.00050719,-0.05555507
actuator_loss_02,actuator_loss,2711,0.88000000,0.00000000,0.00087458,-0.00157786,-0.00785311,0.00071172,-0.00041066,-0.00455481
actuator_loss_02,actuator_loss,2711,0.90000000,0.00000000,-0.00575359,-0.00400762,0.12360269,0.00070229,-0.00047144,0.07168956
actuator_loss_02,actuator_loss,2711,0.92000000,0.00000000,0.00506324,0.01286621,-0.15546937,0.00071644,0.00070712,-0.09017224
actuator_loss_02,actuator_loss,2711,0.94000000,0.00000000,0.00498861,0.00069258,-0.09325791,0.00070086,-0.00077894,-0.05408959
actuator_loss_02,actuator_loss,2711,0.96000000,0.00000000,0.00315008,0.00376321,-0.07551742,0.00066822,-0.00163184,-0.04380010
actuator_loss_02,actuator_loss,2711,0.98000000,0.00000000,0.00014118,0.00157909,-0.01043669,0.00062241,-0.00229044,-0.00605328
actuator_loss_02,actuator_loss,2711,1.00000000,0.50000000,0.00004244,-0.00106112,9.00454175,0.00057610,-0.00231535,5.22263421
actuator_loss_02,actuator_loss,2711,1.02000000,0.50000000,0.00678571,0.08373732,8.45917061,0.00222646,0.08251799,4.90631895
actuator_loss_02,actuator_loss,2711,1.04000000,0.50000000,-0.00013539,0.14784769,8.26319858,0.00541650,0.15950203,4.79265517
actuator_loss_02,actuator_loss,2711,1.06000000,0.50000000,0.00739862,0.22307123,7.75146863,0.01006004,0.23217694,4.49585180
actuator_loss_02,actuator_loss,2711,1.08000000,0.50000000,0.01529253,0.30754063,7.18703124,0.01601421,0.29770845,4.16847812
actuator_loss_02,actuator_loss,2711,1.10000000,0.50000000,0.02717520,0.36434427,6.68912508,0.02313079,0.35582909,3.87969254
actuator_loss_02,actuator_loss,2711,1.12000000,0.50000000,0.03349822,0.40351229,6.37947066,0.03127884,0.40740238,3.70009298
actuator_loss_02,actuator_loss,2711,1.14000000,0.50000000,0.03660054,0.44947723,6.09380406,0.04036704,0.45440991,3.53440636
actuator_loss_02,actuator_loss,2711,1.16000000,0.50000000,0.05309871,0.50532032,5.51762159,0.05031151,0.49722364,3.20022052
actuator_loss_02,actuator_loss,2711,1.18000000,0.50000000,0.06452277,0.53663642,5.15540807,0.06097638,0.53324321,2.99013668
actuator_loss_02,actuator_loss,2711,1.20000000,0.50000000,0.07387397,0.56032106,4.86866331,0.07227038,0.56470021,2.82382472
actuator_loss_02,actuator_loss,2711,1.22000000,0.50000000,0.08206221,0.59203174,4.56272154,0.08411940,0.59245107,2.64637849
actuator_loss_02,actuator_loss,2711,1.24000000,0.50000000,0.09848607,0.62725008,4.09100043,0.09644808,0.61643374,2.37278025
actuator_loss_02,actuator_loss,2711,1.26000000,0.50000000,0.10964388,0.64793216,3.78674931,0.10915224,0.63520837,2.19631460
actuator_loss_02,actuator_loss,2711,1.28000000,0.50000000,0.11947115,0.65298981,3.58457022,0.12216261,0.65051808,2.07905073
actuator_loss_02,actuator_loss,2711,1.30000000,0.50000000,0.13287486,0.65562501,3.33012750,0.13543130,0.66343459,1.93147395
actuator_loss_02,actuator_loss,2711,1.32000000,0.50000000,0.15213345,0.67164484,2.90337363,0.14890215,0.67354255,1.68395670
actuator_loss_02,actuator_loss,2711,1.34000000,0.50000000,0.16239949,0.67199939,2.71681220,0.16248835,0.67930991,1.57575108
actuator_loss_02,actuator_loss,2711,1.36000000,0.50000000,0.17339372,0.68003391,2.47874358,0.17615108,0.68313656,1.43767128
actuator_loss_02,actuator_loss,2711,1.38000000,0.50000000,0.18650501,0.68028593,2.24148022,0.18984307,0.68459978,1.30005853
actuator_loss_02,actuator_loss,2711,1.40000000,0.50000000,0.20208280,0.67924399,1.96628972,0.20351873,0.68378281,1.14044804
actuator_loss_02,actuator_loss,2711,1.42000000,0.50000000,0.21684272,0.68402323,1.67671492,0.21712676,0.68040164,0.97249465
actuator_loss_02,actuator_loss,2711,1.44000000,0.50000000,0.23862941,0.67773109,1.31601509,0.23061482,0.67440297,0.76328875
actuator_loss_02,actuator_loss,2711,1.46000000,0.50000000,0.24589086,0.66238308,1.26204909,0.24391884,0.66520108,0.73198847
actuator_loss_02,actuator_loss,2711,1.48000000,0.50000000,0.25387327,0.66211469,1.11970767,0.25703456,0.65578579,0.64943045
actuator_loss_02,actuator_loss,2711,1.50000000,0.50000000,0.26880554,0.65725704,0.87521504,0.26994120,0.64533205,0.50762473
actuator_loss_02,actuator_loss,2711,1.52000000,0.50000000,0.28166446,0.62540691,0.80300509,0.28259943,0.63291158,0.46574295
actuator_loss_02,actuator_loss,2711,1.54000000,0.50000000,0.29861814,0.62294902,0.51012833,0.29500361,0.62020901,0.29587443
actuator_loss_02,actuator_loss,2711,1.56000000,0.50000000,0.30245729,0.60866972,0.51242012,0.30710674,0.60515625,0.29720367
actuator_loss_02,actuator_loss,2711,1.58000000,0.50000000,0.32203837,0.58808067,0.26290604,0.31891888,0.59060694,0.15248550
actuator_loss_02,actuator_loss,2711,1.60000000,0.50000000,0.33269919,0.56460330,0.18839801,0.33040237,0.57417474,0.10927085
actuator_loss_02,actuator_loss,2711,1.62000000,0.50000000,0.33803967,0.56541715,0.08820022,0.34155372,0.55756723,0.05115613
actuator_loss_02,actuator_loss,2711,1.64000000,0.50000000,0.35435253,0.54903105,-0.12350085,0.35236468,0.54054822,-0.07163049
actuator_loss_02,actuator_loss,2711,1.66000000,0.50000000,0.36187722,0.51919831,-0.10978145,0.36280631,0.52208130,-0.06367324
actuator_loss_02,actuator_loss,2711,1.68000000,0.50000000,0.36988072,0.49727721,-0.14423901,0.37289300,0.50433471,-0.08365863
actuator_loss_02,actuator_loss,2711,1.70000000,0.50000000,0.38148590,0.48849933,-0.30924283,0.38262964,0.48683187,-0.17936084
actuator_loss_02,actuator_loss,2711,1.72000000,0.50000000,0.39099903,0.47421530,-0.40905896,0.39199636,0.46833619,-0.23725420
actuator_loss_02,actuator_loss,2711,1.74000000,0.50000000,0.39691195,0.44837682,-0.38629929,0.40098622,0.44949303,-0.22405359
actuator_loss_02,actuator_loss,2711,1.76000000,0.50000000,0.41013206,0.43161837,-0.54046884,0.40961557,0.43146733,-0.31347193
actuator_loss_02,actuator_loss,2711,1.78000000,0.50000000,0.41288071,0.41371070,-0.50040634,0.41786692,0.41256750,-0.29023568
actuator_loss_02,actuator_loss,2711,1.80000000,0.50000000,0.42782574,0.40265921,-0.71415929,0.42575991,0.39464980,-0.41421239
actuator_loss_02,actuator_loss,2711,1.82000000,0.50000000,0.43542955,0.37406380,-0.70805098,0.43326579,0.37529365,-0.41066957
actuator_loss_02,actuator_loss,2711,1.84000000,0.50000000,0.44052656,0.35953903,-0.72717330,0.44039808,0.35661465,-0.42176051
actuator_loss_02,actuator_loss,2711,1.86000000,0.50000000,0.45185945,0.33408933,-0.80391667,0.44716515,0.33835361,-0.46627167
actuator_loss_02,actuator_loss,2711,1.88000000,0.50000000,0.45468279,0.31558424,-0.76221142,0.45356425,0.31995478,-0.44208262
actuator_loss_02,actuator_loss,2711,1.90000000,0.50000000,0.45870642,0.29670999,-0.74026548,0.45961500,0.30253751,-0.42935398
actuator_loss_02,actuator_loss,2711,1.92000000,0.50000000,0.46375578,0.28931820,-0.79419511,0.46533269,0.28588439,-0.46063317
actuator_loss_02,actuator_loss,2711,1.94000000,0.50000000,0.47078843,0.27742316,-0.86130747,0.47071782,0.26925675,-0.49955833
actuator_loss_02,actuator_loss,2711,1.96000000,0.50000000,0.47399997,0.24343225,-0.74916076,0.47576841,0.25252967,-0.43451324
actuator_loss_02,actuator_loss,2711,1.98000000,0.50000000,0.47986292,0.23780069,-0.82653593,0.48051629,0.23739371,-0.47939084
actuator_loss_02,actuator_loss,2711,2.00000000,0.50000000,0.48859883,0.21869145,-0.88823620,0.48495657,0.22201396,-0.51517700
actuator_loss_02,actuator_loss,2711,2.02000000,0.50000000,0.48690664,0.20950357,-0.81183729,0.48908748,0.20654578,-0.47086563
actuator_loss_02,actuator_loss,2711,2.04000000,0.50000000,0.48854322,0.18431462,-0.71535112,0.49293332,0.19229192,-0.41490365
actuator_loss_02,actuator_loss,2711,2.06000000,0.50000000,0.49719817,0.18116307,-0.85538247,0.49652137,0.17940257,-0.49612183
actuator_loss_02,actuator_loss,2711,2.08000000,0.50000000,0.50149834,0.16536934,-0.85381681,0.49983353,0.16560775,-0.49521375
actuator_loss_02,actuator_loss,2711,2.10000000,0.50000000,0.50290573,0.15604157,-0.83251093,0.50287891,0.15226927,-0.48285634
actuator_loss_02,actuator_loss,2711,2.12000000,0.50000000,0.50860292,0.14180726,-0.86388882,0.50567008,0.13955834,-0.50105551
actuator_loss_02,actuator_loss,2711,2.14000000,0.50000000,0.50718908,0.11982514,-0.72852915,0.50820926,0.12695897,-0.42254691
actuator_loss_02,actuator_loss,2711,2.16000000,0.50000000,0.50723023,0.11003140,-0.68030117,0.51053000,0.11603707,-0.39457468
actuator_loss_02,actuator_loss,2711,2.18000000,0.50000000,0.51829151,0.10330666,-0.84578044,0.51264838,0.10591877,-0.49055266
actuator_loss_02,actuator_loss,2711,2.20000000,0.50000000,0.51414997,0.09572697,-0.73333438,0.51453971,0.09456675,-0.42533394
actuator_loss_02,actuator_loss,2711,2.22000000,0.50000000,0.51565905,0.07918367,-0.67778122,0.51623244,0.08463658,-0.39311311
actuator_loss_02,actuator_loss,2711,2.24000000,0.50000000,0.51708753,0.08198140,-0.71748251,0.51774339,0.07554722,-0.41613985
actuator_loss_02,actuator_loss,2711,2.26000000,0.50000000,0.51948139,0.06607770,-0.68105356,0.51907089,0.06637512,-0.39501107
actuator_loss_02,actuator_loss,2711,2.28000000,0.50000000,0.51481596,0.06766443,-0.60500946,0.52022768,0.05783956,-0.35090549
actuator_loss_02,actuator_loss,2711,2.30000000,0.50000000,0.52240720,0.04767070,-0.64168310,0.52123354,0.05029304,-0.37217620
actuator_loss_02,actuator_loss,2711,2.32000000,0.50000000,0.52121199,0.04086503,-0.58614106,0.52208640,0.04264290,-0.33996182
actuator_loss_02,actuator_loss,2711,2.34000000,0.50000000,0.52148041,0.03931581,-0.58322649,0.52280161,0.03576047,-0.33827137
actuator_loss_02,actuator_loss,2711,2.36000000,0.50000000,0.52572567,0.02076841,-0.56690415,0.52338413,0.02912581,-0.32880441
actuator_loss_02,actuator_loss,2711,2.38000000,0.50000000,0.52208986,0.02218934,-0.50856418,0.52384127,0.02285718,-0.29496722
actuator_loss_02,actuator_loss,2711,2.40000000,0.50000000,0.52430394,0.02113546,-0.54314822,0.52418804,0.01733837,-0.31502597
actuator_loss_02,actuator_loss,2711,2.42000000,0.50000000,0.52197255,0.01007679,-0.44588989,0.52442145,0.01167070,-0.25861614
actuator_loss_02,actuator_loss,2711,2.44000000,0.50000000,0.52340703,0.01029864,-0.47281977,0.52456345,0.00709996,-0.27423547
actuator_loss_02,actuator_loss,2711,2.46000000,0.50000000,0.52173440,0.01217841,-0.45211118,0.52461189,0.00242204,-0.26222449
actuator_loss_02,actuator_loss,2711,2.48000000,0.50000000,0.52600353,-0.00177013,-0.45921289,0.52457367,-0.00191119,-0.26634348
actuator_loss_02,actuator_loss,2711,2.50000000,0.50000000,0.52769400,-0.00414118,-0.47778605,0.52445022,-0.00617255,-0.27711591
actuator_loss_02,actuator_loss,2711,2.52000000,0.50000000,0.52087952,-0.01126802,-0.31949129,0.52424077,-0.01047232,-0.18530495
actuator_loss_02,actuator_loss,2711,2.54000000,0.50000000,0.52747235,-0.01237885,-0.43260807,0.52397788,-0.01314443,-0.25091268
actuator_loss_02,actuator_loss,2711,2.56000000,0.50000000,0.52705742,-0.01688076,-0.40262984,0.52364197,-0.01679575,-0.23352531
actuator_loss_02,actuator_loss,2711,2.58000000,0.50000000,0.52055358,-0.01883682,-0.27578029,0.52324101,-0.02004801,-0.15995257
actuator_loss_02,actuator_loss,2711,2.60000000,0.50000000,0.52796840,-0.01356144,-0.43562405,0.52280096,-0.02200212,-0.25266195
actuator_loss_02,actuator_loss,2711,2.62000000,0.50000000,0.52034941,-0.02748201,-0.22887934,0.52229300,-0.02539827,-0.13275002
actuator_loss_02,actuator_loss,2711,2.64000000,0.50000000,0.51755300,-0.01874903,-0.22220885,0.52175821,-0.02673964,-0.12888113
actuator_loss_02,actuator_loss,2711,2.66000000,0.50000000,0.52115913,-0.03063349,-0.22769687,0.52119870,-0.02797527,-0.13206418
actuator_loss_02,actuator_loss,2711,2.68000000,0.50000000,0.51768059,-0.02429733,-0.19676392,0.52061424,-0.02922300,-0.11412307
actuator_loss_02,actuator_loss,2711,2.70000000,0.50000000,0.52001263,-0.03575240,-0.18146536,0.52001145,-0.03013962,-0.10524991
actuator_loss_02,actuator_loss,2711,2.72000000,0.50000000,0.51885295,-0.03772337,-0.15073622,0.51939379,-0.03088289,-0.08742701
actuator_loss_02,actuator_loss,2711,2.74000000,0.50000000,0.52064616,-0.01776917,-0.28278508,0.51876753,-0.03131312,-0.16401535
actuator_loss_02,actuator_loss,2711,2.76000000,0.50000000,0.51614144,-0.03065961,-0.13724782,0.51810808,-0.03297254,-0.07960374
actuator_loss_02,actuator_loss,2711,2.78000000,0.50000000,0.51988526,-0.03827171,-0.16657618,0.51744390,-0.03320890,-0.09661418
actuator_loss_02,actuator_loss,2711,2.80000000,0.50000000,0.52048746,-0.04078698,-0.16483937,0.51676962,-0.03371377,-0.09560683
actuator_loss_02,actuator_loss,2711,2.82000000,0.50000000,0.51585266,-0.03039919,-0.13335199,0.51608590,-0.03418612,-0.07734415
actuator_loss_02,actuator_loss,2711,2.84000000,0.50000000,0.51776683,-0.03446165,-0.14749473,0.51539896,-0.03434697,-0.08554694
actuator_loss_02,actuator_loss,2711,2.86000000,0.50000000,0.51796608,-0.02680161,-0.18938133,0.51470625,-0.03463579,-0.10984117
actuator_loss_02,actuator_loss,2711,2.88000000,0.50000000,0.51313768,-0.04032663,-0.03484503,0.51400005,-0.03530964,-0.02021012
actuator_loss_02,actuator_loss,2711,2.90000000,0.50000000,0.51283199,-0.02969838,-0.08248390,0.51330991,-0.03450728,-0.04784066
actuator_loss_02,actuator_loss,2711,2.92000000,0.50000000,0.50830539,-0.03087579,0.00488188,0.51262633,-0.03417902,0.00283149
actuator_loss_02,actuator_loss,2711,2.94000000,0.50000000,0.50981953,-0.04182733,0.03238519,0.51196555,-0.03303890,0.01878341
actuator_loss_02,actuator_loss,2711,2.96000000,0.50000000,0.51127583,-0.02920910,-0.05691940,0.51133202,-0.03167640,-0.03301325
actuator_loss_02,actuator_loss,2711,2.98000000,0.50000000,0.50818867,-0.03257507,0.01547920,0.51070806,-0.03119813,0.00897794
actuator_loss_02,actuator_loss,2711,3.00000000,-0.30000000,0.50758207,-0.02286356,-12.00000000,0.51010698,-0.03005369,-6.96000000
actuator_loss_02,actuator_loss,2711,3.02000000,-0.30000000,0.51040829,-0.13106203,-12.00000000,0.50726605,-0.14204688,-6.96000000
actuator_loss_02,actuator_loss,2711,3.04000000,-0.30000000,0.49437927,-0.24634978,-12.00000000,0.50225695,-0.25045487,-6.96000000
actuator_loss_02,actuator_loss,2711,3.06000000,-0.30000000,0.49337724,-0.34956934,-12.00000000,0.49514910,-0.35539242,-6.96000000
actuator_loss_02,actuator_loss,2711,3.08000000,-0.30000000,0.48670827,-0.46003418,-11.86057792,0.48600969,-0.45697064,-6.87913519
actuator_loss_02,actuator_loss,2711,3.10000000,-0.30000000,0.47592739,-0.56163643,-11.15851087,0.47492999,-0.55398469,-6.47193630
actuator_loss_02,actuator_loss,2711,3.12000000,-0.30000000,0.46180444,-0.63665295,-10.52921524,0.46210430,-0.64128455,-6.10694484
actuator_loss_02,actuator_loss,2711,3.14000000,-0.30000000,0.44969177,-0.72310894,-9.87890716,0.44770698,-0.71986618,-5.72976615
actuator_loss_02,actuator_loss,2711,3.16000000,-0.30000000,0.43034432,-0.79143172,-9.18903917,0.43191076,-0.78981088,-5.32964272
actuator_loss_02,actuator_loss,2711,3.18000000,-0.30000000,0.41431245,-0.85169156,-8.59916622,0.41489031,-0.85102278,-4.98751641
actuator_loss_02,actuator_loss,2711,3.20000000,-0.30000000,0.39281859,-0.91372117,-7.90212881,0.39679585,-0.90472269,-4.58323471
actuator_loss_02,actuator_loss,2711,3.22000000,-0.30000000,0.37637113,-0.94994688,-7.42494602,0.37779301,-0.95014234,-4.30646869
actuator_loss_02,actuator_loss,2711,3.24000000,-0.30000000,0.35250883,-0.98726007,-6.80885856,0.35800068,-0.98961629,-3.94913796
actuator_loss_02,actuator_loss,2711,3.26000000,-0.30000000,0.33048110,-1.02412479,-6.22803586,0.33756013,-1.02202739,-3.61226080
actuator_loss_02,actuator_loss,2711,3.28000000,-0.30000000,0.32162918,-1.04974969,-5.94057674,0.31660146,-1.04793366,-3.44553451
actuator_loss_02,actuator_loss,2711,3.30000000,-0.30000000,0.29452940,-1.07000983,-5.35147999,0.29519536,-1.07030477,-3.10385839
actuator_loss_02,actuator_loss,2711,3.32000000,-0.30000000,0.27358456,-1.07851415,-4.93195142,0.27346707,-1.08641459,-2.86053182
actuator_loss_02,actuator_loss,2711,3.34000000,-0.30000000,0.24879320,-1.09664104,-4.39507238,0.25150588,-1.09805969,-2.54914198
actuator_loss_02,actuator_loss,2711,3.36000000,-0.30000000,0.23100846,-1.09247362,-4.09578419,0.22942031,-1.10427838,-2.37555483
actuator_loss_02,actuator_loss,2711,3.38000000,-0.30000000,0.20719664,-1.09991263,-3.62997632,0.20727069,-1.10748082,-2.10538626
actuator_loss_02,actuator_loss,2711,3.40000000,-0.30000000,0.18548996,-1.10749356,-3.20135140,0.18514677,-1.10619612,-1.85678381
actuator_loss_02,actuator_loss,2711,3.42000000,-0.30000000,0.15989598,-1.09685505,-2.79385241,0.16312841,-1.10091793,-1.62043440
actuator_loss_02,actuator_loss,2711,3.44000000,-0.30000000,0.13961636,-1.08697668,-2.47821098,0.14128895,-1.09197293,-1.43736237
actuator_loss_02,actuator_loss,2711,3.46000000,-0.30000000,0.12050304,-1.08863395,-2.12588495,0.11968209,-1.08034318,-1.23301327
actuator_loss_02,actuator_loss,2711,3.48000000,-0.30000000,0.09718321,-1.06416254,-1.82848511,0.09836670,-1.06576931,-1.06052136
actuator_loss_02,actuator_loss,2711,3.50000000,-0.30000000,0.07929841,-1.05687604,-1.54299110,0.07738945,-1.04886257,-0.89493484
actuator_loss_02,actuator_loss,2711,3.52000000,-0.30000000,0.05698832,-1.03500416,-1.25076890,0.05679326,-1.02980973,-0.72544596
actuator_loss_02,actuator_loss,2711,3.54000000,-0.30000000,0.03482162,-1.00402253,-1.00667652,0.03662094,-1.00861615,-0.58387238
actuator_loss_02,actuator_loss,2711,3.56000000,-0.30000000,0.01359616,-0.97460101,-0.77172574,0.01690487,-0.98580341,-0.44760093
actuator_loss_02,actuator_loss,2711,3.58000000,-0.30000000,-0.00279494,-0.96700878,-0.51464711,-0.00232532,-0.96150939,-0.29849532
actuator_loss_02,actuator_loss,2711,3.60000000,-0.30000000,-0.02077836,-0.93197104,-0.36613438,-0.02103678,-0.93557322,-0.21235794
actuator_loss_02,actuator_loss,2711,3.62000000,-0.30000000,-0.04017039,-0.91629722,-0.09544693,-0.03921817,-0.90906939,-0.05535922
actuator_loss_02,actuator_loss,2711,3.64000000,-0.30000000,-0.05578762,-0.88732885,0.04082138,-0.05683549,-0.88086606,0.02367640
actuator_loss_02,actuator_loss,2711,3.66000000,-0.30000000,-0.07298654,-0.85203402,0.17392775,-0.07388115,-0.85228291,0.10087809
actuator_loss_02,actuator_loss,2711,3.68000000,-0.30000000,-0.08710493,-0.81879013,0.26183932,-0.09034839,-0.82336186,0.15186681
actuator_loss_02,actuator_loss,2711,3.70000000,-0.30000000,-0.10552983,-0.79587413,0.47890762,-0.10623917,-0.79453914,0.27776642
actuator_loss_02,actuator_loss,2711,3.72000000,-0.30000000,-0.12308543,-0.77210032,0.67603925,-0.12153109,-0.76459587,0.39210277
actuator_loss_02,actuator_loss,2711,3.74000000,-0.30000000,-0.13204251,-0.72500857,0.60180808,-0.13620620,-0.73375557,0.34904869
actuator_loss_02,actuator_loss,2711,3.76000000,-0.30000000,-0.15226805,-0.70096260,0.84563790,-0.15029823,-0.70460129,0.49046998
actuator_loss_02,actuator_loss,2711,3.78000000,-0.30000000,-0.16123272,-0.66540228,0.82920044,-0.16377993,-0.67408516,0.48093625
actuator_loss_02,actuator_loss,2711,3.80000000,-0.30000000,-0.17587668,-0.65001637,1.01586216,-0.17667394,-0.64470065,0.58920005
actuator_loss_02,actuator_loss,2711,3.82000000,-0.30000000,-0.18146783,-0.60886397,0.91074083,-0.18896394,-0.61449979,0.52822968
actuator_loss_02,actuator_loss,2711,3.84000000,-0.30000000,-0.19858103,-0.58788870,1.11390204,-0.20068904,-0.58625524,0.64606319
actuator_loss_02,actuator_loss,2711,3.86000000,-0.30000000,-0.21060439,-0.56223841,1.20207104,-0.21182909,-0.55700254,0.69720120
actuator_loss_02,actuator_loss,2711,3.88000000,-0.30000000,-0.22247158,-0.52822434,1.24561018,-0.22238622,-0.52785636,0.72245391
actuator_loss_02,actuator_loss,2711,3.90000000,-0.30000000,-0.22844106,-0.49877042,1.20579120,-0.23237089,-0.49923339,0.69935890
actuator_loss_02,actuator_loss,2711,3.92000000,-0.30000000,-0.24467674,-0.46517487,1.33005562,-0.24180892,-0.47190154,0.77143226
actuator_loss_02,actuator_loss,2711,3.94000000,-0.30000000,-0.25489059,-0.45501980,1.46312964,-0.25069442,-0.44427496,0.84861519
actuator_loss_02,actuator_loss,2711,3.96000000,-0.30000000,-0.25889617,-0.41212175,1.32073978,-0.25902002,-0.41628017,0.76602907
actuator_loss_02,actuator_loss,2711,3.98000000,-0.30000000,-0.27179998,-0.39075384,1.44616891,-0.26683046,-0.39052187,0.83877797
actuator_loss_02,actuator_loss,2711,4.00000000,-0.30000000,-0.27399908,-0.36644185,1.36419268,-0.27411861,-0.36440751,0.79123175
actuator_loss_02,actuator_loss,2711,4.02000000,-0.30000000,-0.28427981,-0.34855874,1.45983026,-0.28091662,-0.33990077,0.84670155
actuator_loss_02,actuator_loss,2711,4.04000000,-0.30000000,-0.28419789,-0.30932506,1.26218726,-0.28722219,-0.31527833,0.73206861
actuator_loss_02,actuator_loss,2711,4.06000000,-0.30000000,-0.29257414,-0.28886448,1.31065698,-0.29308828,-0.29330453,0.76018105
actuator_loss_02,actuator_loss,2711,4.08000000,-0.30000000,-0.29975383,-0.26475029,1.31932038,-0.29851984,-0.27157792,0.76520582
actuator_loss_02,actuator_loss,2711,4.10000000,-0.30000000,-0.30407799,-0.23820903,1.26444901,-0.30352915,-0.25046529,0.73338043
actuator_loss_02,actuator_loss,2711,4.12000000,-0.30000000,-0.30826896,-0.22597119,1.27869716,-0.30814005,-0.23054504,0.74164435
actuator_loss_02,actuator_loss,2711,4.14000000,-0.30000000,-0.31344943,-0.21117985,1.29798900,-0.31236261,-0.21112837,0.75283362
actuator_loss_02,actuator_loss,2711,4.16000000,-0.30000000,-0.31876355,-0.19289048,1.30219638,-0.31620565,-0.19215168,0.75527390
actuator_loss_02,actuator_loss,2711,4.18000000,-0.30000000,-0.31685818,-0.17139245,1.16040945,-0.31968051,-0.17374289,0.67303748
actuator_loss_02,actuator_loss,2711,4.20000000,-0.30000000,-0.32022585,-0.15444805,1.13630549,-0.32282567,-0.15725805,0.65905718
actuator_loss_02,actuator_loss,2711,4.22000000,-0.30000000,-0.32419547,-0.14629997,1.16701835,-0.32565622,-0.14152782,0.67687064
actuator_loss_02,actuator_loss,2711,4.24000000,-0.30000000,-0.32490367,-0.11531725,1.02485222,-0.32817646,-0.12601205,0.59441428
actuator_loss_02,actuator_loss,2711,4.26000000,-0.30000000,-0.33505703,-0.11820626,1.22205779,-0.33042309,-0.11233119,0.70879352
actuator_loss_02,actuator_loss,2711,4.28000000,-0.30000000,-0.33277002,-0.09734681,1.07659443,-0.33236773,-0.09723201,0.62442477
actuator_loss_02,actuator_loss,2711,4.30000000,-0.30000000,-0.33409364,-0.07723681,0.99986954,-0.33404744,-0.08398543,0.57992433
actuator_loss_02,actuator_loss,2711,4.32000000,-0.30000000,-0.33281698,-0.07223139,0.95186259,-0.33548514,-0.07188512,0.55208030
actuator_loss_02,actuator_loss,2711,4.34000000,-0.30000000,-0.34071648,-0.06421433,1.05396832,-0.33669762,-0.06062405,0.61130163
actuator_loss_02,actuator_loss,2711,4.36000000,-0.30000000,-0.33912456,-0.05889856,0.99873483,-0.33767287,-0.04876237,0.57926620
actuator_loss_02,actuator_loss,2711,4.38000000,-0.30000000,-0.33902829,-0.04431317,0.92407515,-0.33842887,-0.03780033,0.53596359
actuator_loss_02,actuator_loss,2711,4.40000000,-0.30000000,-0.33763819,-0.02454156,0.80019530,-0.33898671,-0.02789197,0.46411327
actuator_loss_02,actuator_loss,2711,4.42000000,-0.30000000,-0.34043738,-0.01698409,0.81279330,-0.33937605,-0.01946688,0.47142011
actuator_loss_02,actuator_loss,2711,4.44000000,-0.30000000,-0.34007189,-0.01759217,0.80925495,-0.33959991,-0.01119292,0.46936787
actuator_loss_02,actuator_loss,2711,4.46000000,-0.30000000,-0.34062680,-0.00707181,0.76664139,-0.33966425,-0.00321714,0.44465201
actuator_loss_02,actuator_loss,2711,4.48000000,-0.30000000,-0.33935869,0.01092824,0.65381529,-0.33958221,0.00410220,0.37921287
actuator_loss_02,actuator_loss,2711,4.50000000,-0.30000000,-0.33786140,0.00971430,0.63293377,-0.33937970,0.01012521,0.36710159
actuator_loss_02,actuator_loss,2711,4.52000000,-0.30000000,-0.34111220,0.01525980,0.66372052,-0.33906453,0.01575884,0.38495790
actuator_loss_02,actuator_loss,2711,4.54000000,-0.30000000,-0.33631296,0.01870439,0.56011130,-0.33863449,0.02150192,0.32486455
actuator_loss_02,actuator_loss,2711,4.56000000,-0.30000000,-0.33794300,0.02385503,0.56369888,-0.33811277,0.02608588,0.32694535
actuator_loss_02,actuator_loss,2711,4.58000000,-0.30000000,-0.33741654,0.02398140,0.55359071,-0.33750163,0.03055686,0.32108261
actuator_loss_02,actuator_loss,2711,4.60000000,-0.30000000,-0.33762858,0.04081241,0.47325238,-0.33680584,0.03478957,0.27448638
actuator_loss_02,actuator_loss,2711,4.62000000,-0.30000000,-0.33374238,0.03587428,0.42799146,-0.33604323,0.03813056,0.24823505
actuator_loss_02,actuator_loss,2711,4.64000000,-0.30000000,-0.33631494,0.03550045,0.47616663,-0.33522446,0.04093856,0.27617665
actuator_loss_02,actuator_loss,2711,4.66000000,-0.30000000,-0.33654711,0.04899938,0.41285108,-0.33434226,0.04411013,0.23945363
actuator_loss_02,actuator_loss,2711,4.68000000,-0.30000000,-0.33653769,0.05304541,0.39245131,-0.33341057,0.04658419,0.22762176
actuator_loss_02,actuator_loss,2711,4.70000000,-0.30000000,-0.32992220,0.05069782,0.28511047,-0.33243483,0.04878702,0.16536407
actuator_loss_02,actuator_loss,2711,4.72000000,-0.30000000,-0.32807344,0.04281936,0.29122521,-0.33143666,0.04990895,0.16891062
actuator_loss_02,actuator_loss,2711,4.74000000,-0.30000000,-0.33442299,0.05982026,0.32051253,-0.33041560,0.05105251,0.18589727
actuator_loss_02,actuator_loss,2711,4.76000000,-0.30000000,-0.32364266,0.04110098,0.22006309,-0.32936690,0.05243515,0.12763659
actuator_loss_02,actuator_loss,2711,4.78000000,-0.30000000,-0.32481953,0.05346691,0.17941707,-0.32831034,0.05282800,0.10406190
actuator_loss_02,actuator_loss,2711,4.80000000,-0.30000000,-0.32677135,0.04843661,0.23970133,-0.32725383,0.05282567,0.13902677
actuator_loss_02,actuator_loss,2711,4.82000000,-0.30000000,-0.32326791,0.05741532,0.13174586,-0.32618601,0.05339088,0.07641260
actuator_loss_02,actuator_loss,2711,4.84000000,-0.30000000,-0.31983701,0.04833612,0.11538558,-0.32512757,0.05292181,0.06692363
actuator_loss_02,actuator_loss,2711,4.86000000,-0.30000000,-0.32343534,0.04643288,0.18967179,-0.32408130,0.05231375,0.11000964
actuator_loss_02,actuator_loss,2711,4.88000000,-0.30000000,-0.32198371,0.04801613,0.15562618,-0.32303281,0.05242442,0.09026319
actuator_loss_02,actuator_loss,2711,4.90000000,-0.30000000,-0.31979106,0.05774816,0.06749818,-0.32198859,0.05221107,0.03914894
actuator_loss_02,actuator_loss,2711,4.92000000,-0.30000000,-0.32082185,0.05080521,0.12076722,-0.32096509,0.05117501,0.07004499
actuator_loss_02,actuator_loss,2711,4.94000000,-0.30000000,-0.32299460,0.05047394,0.16153312,-0.31995162,0.05067353,0.09368921
actuator_loss_02,actuator_loss,2711,4.96000000,-0.30000000,-0.31789212,0.05825928,0.03076171,-0.31894018,0.05057184,0.01784179
actuator_loss_02,actuator_loss,2711,4.98000000,-0.30000000,-0.31771808,0.05406058,0.04862255,-0.31795533,0.04924246,0.02820108
actuator_loss_02,actuator_loss,2711,5.00000000,0.80000000,-0.31217468,0.04933340,12.00000000,-0.31699286,0.04812375,6.96000000
actuator_loss_02,actuator_loss,2711,5.02000000,0.80000000,-0.31185996,0.16191854,12.00000000,-0.31380209,0.15953847,6.96000000
actuator_loss_02,actuator_loss,2711,5.04000000,0.80000000,-0.30683530,0.26867245,12.00000000,-0.30845436,0.26738650,6.96000000
actuator_loss_02,actuator_loss,2711,5.06000000,0.80000000,-0.30489874,0.37925929,12.00000000,-0.30101872,0.37178203,6.96000000
actuator_loss_02,actuator_loss,2711,5.08000000,0.80000000,-0.29353188,0.47371079,12.00000000,-0.29156201,0.47283557,6.96000000
actuator_loss_02,actuator_loss,2711,5.10000000,0.80000000,-0.27792149,0.56735554,12.00000000,-0.28014892,0.57065412,6.96000000
actuator_loss_02,actuator_loss,2711,5.12000000,0.80000000,-0.27182052,0.67072673,12.00000000,-0.26684210,0.66534123,6.96000000
actuator_loss_02,actuator_loss,2711,5.14000000,0.80000000,-0.24821269,0.74757612,12.00000000,-0.25170216,0.75699715,6.96000000
actuator_loss_02,actuator_loss,2711,5.16000000,0.80000000,-0.23641295,0.83931772,12.00000000,-0.23478778,0.84571891,6.96000000
actuator_loss_02,actuator_loss,2711,5.18000000,0.80000000,-0.21626920,0.93564972,12.00000000,-0.21615577,0.93160046,6.96000000
actuator_loss_02,actuator_loss,2711,5.20000000,0.80000000,-0.20037079,1.01006684,12.00000000,-0.19586112,1.01473270,6.96000000
actuator_loss_02,actuator_loss,2711,5.22000000,0.80000000,-0.17029576,1.09964606,11.96709332,-0.17395704,1.09520365,6.94091413
actuator_loss_02,actuator_loss,2711,5.24000000,0.80000000,-0.15208571,1.17059078,11.28458892,-0.15050127,1.17278876,6.54506158
actuator_loss_02,actuator_loss,2711,5.26000000,0.80000000,-0.13704694,1.25456289,10.59403056,-0.12567195,1.24146580,6.14453773
actuator_loss_02,actuator_loss,2711,5.28000000,0.80000000,-0.09790343,1.30349953,9.64476412,-0.09964307,1.30144410,5.59396319
actuator_loss_02,actuator_loss,2711,5.30000000,0.80000000,-0.07661911,1.34991452,9.02957140,-0.07263173,1.35056695,5.23715141
actuator_loss_02,actuator_loss,2711,5.32000000,0.80000000,-0.04253137,1.39130024,8.20906349,-0.04478520,1.39232648,4.76125683
actuator_loss_02,actuator_loss,2711,5.34000000,0.80000000,-0.01912171,1.41162557,7.68606290,-0.01628468,1.42502577,4.45791648
actuator_loss_02,actuator_loss,2711,5.36000000,0.80000000,0.01206782,1.44856286,6.93996503,0.01275042,1.45175530,4.02517972
actuator_loss_02,actuator_loss,2711,5.38000000,0.80000000,0.04047781,1.48313660,6.25571649,0.04216254,1.47060617,3.62831556
actuator_loss_02,actuator_loss,2711,5.40000000,0.80000000,0.07188800,1.48165642,5.69773385,0.07181080,1.48241278,3.30468563
actuator_loss_02,actuator_loss,2711,5.42000000,0.80000000,0.10239907,1.48530401,5.13029664,0.10158258,1.48858918,2.97557205
actuator_loss_02,actuator_loss,2711,5.44000000,0.80000000,0.13543917,1.49383317,4.49292903,0.13136712,1.48922659,2.60589883
actuator_loss_02,actuator_loss,2711,5.46000000,0.80000000,0.16001011,1.47539430,4.14284658,0.16104400,1.48384410,2.40285102
actuator_loss_02,actuator_loss,2711,5.48000000,0.80000000,0.19331356,1.46789215,3.58089525,0.19055077,1.47533861,2.07691925
actuator_loss_02,actuator_loss,2711,5.50000000,0.80000000,0.22076389,1.45581513,3.14717431,0.21978709,1.46181579,1.82536110
actuator_loss_02,actuator_loss,2711,5.52000000,0.80000000,0.24585784,1.45298002,2.70965883,0.24867995,1.44464328,1.57160212
actuator_loss_02,actuator_loss,2711,5.54000000,0.80000000,0.27292110,1.42234527,2.37569384,0.27715800,1.42390220,1.37790243
actuator_loss_02,actuator_loss,2711,5.56000000,0.80000000,0.30339449,1.40496773,1.91406064,0.30517163,1.40068151,1.11015517
actuator_loss_02,actuator_loss,2711,5.58000000,0.80000000,0.33384838,1.38073016,1.48707841,0.33264880,1.37385885,0.86250548
actuator_loss_02,actuator_loss,2711,5.60000000,0.80000000,0.35771901,1.34177341,1.25219074,0.35952632,1.34387570,0.72627063
actuator_loss_02,actuator_loss,2711,5.62000000,0.80000000,0.38598037,1.31997023,0.85250220,0.38577914,1.31264140,0.49445128
actuator_loss_02,actuator_loss,2711,5.64000000,0.80000000,0.41654108,1.27403603,0.53208035,0.41135204,1.27864476,0.30860660
actuator_loss_02,actuator_loss,2711,5.66000000,0.80000000,0.43430586,1.25249966,0.31999621,0.43620645,1.24272032,0.18559780
actuator_loss_02,actuator_loss,2711,5.68000000,0.80000000,0.46459203,1.20449198,0.01488348,0.46032544,1.20594959,0.00863242
actuator_loss_02,actuator_loss,2711,5.70000000,0.80000000,0.48482021,1.16703726,-0.16195006,0.48367512,1.16748398,-0.09393104
actuator_loss_02,actuator_loss,2711,5.72000000,0.80000000,0.50029623,1.12606937,-0.23567899,0.50624682,1.12858524,-0.13669382
actuator_loss_02,actuator_loss,2711,5.74000000,0.80000000,0.52582551,1.08319299,-0.48082419,0.52805158,1.09023774,-0.27887803
actuator_loss_02,actuator_loss,2711,5.76000000,0.80000000,0.55063914,1.05597875,-0.79139825,0.54906778,1.05081032,-0.45901099
actuator_loss_02,actuator_loss,2711,5.78000000,0.80000000,0.57257989,1.00938456,-0.95336073,0.56926222,1.00972165,-0.55294923
actuator_loss_02,actuator_loss,2711,5.80000000,0.80000000,0.59639620,0.97057845,-1.18802381,0.58863069,0.96842381,-0.68905381
actuator_loss_02,actuator_loss,2711,5.82000000,0.80000000,0.60013487,0.92774187,-1.04113709,0.60715548,0.92623915,-0.60385951
actuator_loss_02,actuator_loss,2711,5.84000000,0.80000000,0.62633474,0.88338385,-1.29094453,0.62489123,0.88678757,-0.74874783
actuator_loss_02,actuator_loss,2711,5.86000000,0.80000000,0.63693869,0.83997277,-1.26476032,0.64181618,0.84624752,-0.73356099
actuator_loss_02,actuator_loss,2711,5.88000000,0.80000000,0.65801142,0.80072847,-1.44784797,0.65796121,0.80725173,-0.83975182
actuator_loss_02,actuator_loss,2711,5.90000000,0.80000000,0.67838721,0.77140424,-1.66799100,0.67331683,0.76778091,-0.96743478
actuator_loss_02,actuator_loss,2711,5.92000000,0.80000000,0.68863260,0.72078535,-1.59931363,0.68786686,0.72750147,-0.92760190
actuator_loss_02,actuator_loss,2711,5.94000000,0.80000000,0.70178000,0.68923556,-1.67821779,0.70165002,0.68915794,-0.97336632
actuator_loss_02,actuator_loss,2711,5.96000000,0.80000000,0.71244740,0.64973338,-1.67272008,0.71467600,0.65129917,-0.97017765
actuator_loss_02,actuator_loss,2711,5.98000000,0.80000000,0.72136786,0.61206776,-1.64496025,0.72697008,0.61470410,-0.95407695
actuator_loss_02,actuator_loss,2711,6.00000000,0.80000000,0.74358272,0.57200462,-1.84451201,0.73856092,0.57954185,-1.06981697
actuator_loss_02,actuator_loss,2711,6.02000000,0.80000000,0.75002120,0.53801510,-1.79045705,0.74943346,0.54362687,-1.03846509
actuator_loss_02,actuator_loss,2711,6.04000000,0.80000000,0.76163716,0.50771978,-1.84806773,0.75962087,0.50937044,-1.07187929
actuator_loss_02,actuator_loss,2711,6.06000000,0.80000000,0.77066327,0.47842641,-1.86407097,0.76913423,0.47566836,-1.08116116
actuator_loss_02,actuator_loss,2711,6.08000000,0.80000000,0.77975484,0.44608800,-1.86602705,0.77799213,0.44289454,-1.08229569
actuator_loss_02,actuator_loss,2711,6.10000000,0.80000000,0.78531830,0.40668773,-1.76916807,0.78621516,0.41115149,-1.02611748
actuator_loss_02,actuator_loss,2711,6.12000000,0.80000000,0.79162748,0.38798679,-1.78922864,0.79384188,0.38133634,-1.03775261
actuator_loss_02,actuator_loss,2711,6.14000000,0.80000000,0.79914384,0.34353942,-1.70228626,0.80088762,0.35228683,-0.98732603
actuator_loss_02,actuator_loss,2711,6.16000000,0.80000000,0.80665406,0.32971751,-1.76836061,0.80738733,0.32498566,-1.02564915
actuator_loss_02,actuator_loss,2711,6.18000000,0.80000000,0.81240770,0.28637680,-1.65522259,0.81334606,0.29793652,-0.96002910
actuator_loss_02,actuator_loss,2711,6.20000000,0.80000000,0.82272528,0.26370894,-1.72759976,0.81880243,0.27281825,-1.00200786
actuator_loss_02,actuator_loss,2711,6.22000000,0.80000000,0.82179213,0.25175851,-1.65105084,0.82375888,0.24782281,-0.95760948
actuator_loss_02,actuator_loss,2711,6.24000000,0.80000000,0.83094791,0.22116583,-1.66289158,0.82824584,0.22434808,-0.96447711
actuator_loss_02,actuator_loss,2711,6.26000000,0.80000000,0.83859451,0.20402838,-1.71484306,0.83227611,0.20151340,-0.99460898
actuator_loss_02,actuator_loss,2711,6.28000000,0.80000000,0.83377793,0.17200267,-1.46801610,0.83585453,0.17892069,-0.85144934
actuator_loss_02,actuator_loss,2711,6.30000000,0.80000000,0.83350400,0.15450259,-1.37558501,0.83904202,0.15937461,-0.79783931
actuator_loss_02,actuator_loss,2711,6.32000000,0.80000000,0.83838008,0.15308049,-1.45624389,0.84186850,0.14132430,-0.84462146
actuator_loss_02,actuator_loss,2711,6.34000000,0.80000000,0.84181354,0.12014926,-1.35339006,0.84433036,0.12309259,-0.78496623
actuator_loss_02,actuator_loss,2711,6.36000000,0.80000000,0.84624197,0.11043390,-1.38452493,0.84645861,0.10641268,-0.80302446
actuator_loss_02,actuator_loss,2711,6.38000000,0.80000000,0.84810226,0.08541352,-1.29290832,0.84825808,0.08997367,-0.74988683
actuator_loss_02,actuator_loss,2711,6.40000000,0.80000000,0.85072124,0.06516292,-1.23879692,0.84975655,0.07492330,-0.71850222
actuator_loss_02,actuator_loss,2711,6.42000000,0.80000000,0.85414878,0.05651406,-1.25724840,0.85097383,0.06086408,-0.72920407
actuator_loss_02,actuator_loss,2711,6.44000000,0.80000000,0.85069700,0.04537467,-1.13941931,0.85191546,0.04708125,-0.66086320
actuator_loss_02,actuator_loss,2711,6.46000000,0.80000000,0.85096436,0.03651044,-1.09991073,0.85261243,0.03484877,-0.63794823
actuator_loss_02,actuator_loss,2711,6.48000000,0.80000000,0.84938373,0.03367660,-1.05729008,0.85308003,0.02337977,-0.61322824
actuator_loss_02,actuator_loss,2711,6.50000000,0.80000000,0.85455358,0.01314570,-1.04769292,0.85333361,0.01267911,-0.60766189
actuator_loss_02,actuator_loss,2711,6.52000000,0.80000000,0.85590836,-0.00728802,-0.96991042,0.85338184,0.00241135,-0.56254804
actuator_loss_02,actuator_loss,2711,6.54000000,0.80000000,0.85286321,-0.01023829,-0.90034627,0.85324592,-0.00679556,-0.52220083
actuator_loss_02,actuator_loss,2711,6.56000000,0.80000000,0.85242517,-0.01150268,-0.88613972,0.85294487,-0.01505292,-0.51396104
actuator_loss_02,actuator_loss,2711,6.58000000,0.80000000,0.84818980,-0.02106843,-0.76207432,0.85248662,-0.02291221,-0.44200311
actuator_loss_02,actuator_loss,2711,6.60000000,0.80000000,0.85466989,-0.02267796,-0.87066822,0.85189958,-0.02935209,-0.50498757
actuator_loss_02,actuator_loss,2711,6.62000000,0.80000000,0.85030226,-0.03892951,-0.71079319,0.85116742,-0.03660800,-0.41226005
actuator_loss_02,actuator_loss,2711,6.64000000,0.80000000,0.84784794,-0.05418347,-0.59034551,0.85032489,-0.04212673,-0.34240039
actuator_loss_02,actuator_loss,2711,6.66000000,0.80000000,0.85011378,-0.04130564,-0.69551982,0.84939818,-0.04633503,-0.40340150
actuator_loss_02,actuator_loss,2711,6.68000000,0.80000000,0.84986080,-0.04824843,-0.65625226,0.84837021,-0.05139861,-0.38062631
actuator_loss_02,actuator_loss,2711,6.70000000,0.80000000,0.84655282,-0.06356400,-0.52013084,0.84725160,-0.05593046,-0.30167589
actuator_loss_02,actuator_loss,2711,6.72000000,0.80000000,0.85328600,-0.07142078,-0.60204405,0.84607088,-0.05903594,-0.34918555
actuator_loss_02,actuator_loss,2711,6.74000000,0.80000000,0.84414408,-0.05845765,-0.50230527,0.84481462,-0.06281304,-0.29133706
actuator_loss_02,actuator_loss,2711,6.76000000,0.80000000,0.84282881,-0.06600866,-0.44087522,0.84350402,-0.06553040,-0.25570763
actuator_loss_02,actuator_loss,2711,6.78000000,0.80000000,0.84483617,-0.07345498,-0.43977609,0.84215237,-0.06758253,-0.25507013
actuator_loss_02,actuator_loss,2711,6.80000000,0.80000000,0.84002795,-0.07340603,-0.35347293,0.84076119,-0.06955861,-0.20501430
actuator_loss_02,actuator_loss,2711,6.82000000,0.80000000,0.83745548,-0.07229598,-0.31271867,0.83934801,-0.07065907,-0.18137683
actuator_loss_02,actuator_loss,2711,6.84000000,0.80000000,0.83949833,-0.07430859,-0.33942698,0.83792120,-0.07134069,-0.19686765
actuator_loss_02,actuator_loss,2711,6.86000000,0.80000000,0.83183101,-0.06909455,-0.22748546,0.83647616,-0.07225189,-0.13194157
actuator_loss_02,actuator_loss,2711,6.88000000,0.80000000,0.83504014,-0.08286820,-0.21638149,0.83503456,-0.07208022,-0.12550126
actuator_loss_02,actuator_loss,2711,6.90000000,0.80000000,0.83325608,-0.07348664,-0.23117626,0.83359837,-0.07180952,-0.13408223
actuator_loss_02,actuator_loss,2711,6.92000000,0.80000000,0.82806210,-0.08119830,-0.09912625,0.83216463,-0.07168675,-0.05749322
actuator_loss_02,actuator_loss,2711,6.94000000,0.80000000,0.83165477,-0.06412281,-0.24917171,0.83075813,-0.07032493,-0.14451959
actuator_loss_02,actuator_loss,2711,6.96000000,0.80000000,0.83047897,-0.06944924,-0.20137525,0.82934975,-0.07041908,-0.11679764
actuator_loss_02,actuator_loss,2711,6.98000000,0.80000000,0.81998722,-0.06939679,-0.01278610,0.82794854,-0.07006031,-0.00741594
actuator_loss_02,actuator_loss,2711,7.00000000,0.80000000,0.82593187,-0.06836931,-0.12492716,0.82658979,-0.06793784,-0.07245775
actuator_loss_02,actuator_loss,2711,7.02000000,0.80000000,0.81977956,-0.06711922,-0.02043599,0.82525101,-0.06693890,-0.01185287
actuator_loss_02,actuator_loss,2711,7.04000000,0.80000000,0.82692988,-0.06963686,-0.13655355,0.82395124,-0.06498837,-0.07920106
actuator_loss_02,actuator_loss,2711,7.06000000,0.80000000,0.82319994,-0.07096362,-0.06278076,0.82266738,-0.06419329,-0.03641284
actuator_loss_02,actuator_loss,2711,7.08000000,0.80000000,0.81991441,-0.05449427,-0.08598800,0.82141279,-0.06272924,-0.04987304
actuator_loss_02,actuator_loss,2711,7.10000000,0.80000000,0.81636029,-0.06155627,0.01329610,0.82018218,-0.06153051,0.00771174
actuator_loss_02,actuator_loss,2711,7.12000000,0.80000000,0.81725151,-0.05735313,-0.02376148,0.81899347,-0.05943559,-0.01378166
actuator_loss_02,actuator_loss,2711,7.14000000,0.80000000,0.81593136,-0.04932278,-0.04015053,0.81783834,-0.05775656,-0.02328731
actuator_loss_02,actuator_loss,2711,7.16000000,0.80000000,0.81910951,-0.05728533,-0.05754451,0.81671263,-0.05628555,-0.03337581
actuator_loss_02,actuator_loss,2711,7.18000000,0.80000000,0.81264839,-0.06616575,0.10315772,0.81561212,-0.05502537,0.05983148
actuator_loss_02,actuator_loss,2711,7.20000000,0.80000000,0.82068899,-0.04630454,-0.14087910,0.81456626,-0.05229284,-0.08170988
actuator_loss_02,actuator_loss,2711,7.22000000,0.80000000,0.81577341,-0.05331983,-0.01732218,0.81352736,-0.05194489,-0.01004687
actuator_loss_02,actuator_loss,2711,7.24000000,0.80000000,0.81058408,-0.04204178,0.01969539,0.81251846,-0.05044504,0.01142333
actuator_loss_02,actuator_loss,2711,7.26000000,0.80000000,0.80945496,-0.04089725,0.03429699,0.81154557,-0.04864477,0.01989225
actuator_loss_02,actuator_loss,2711,7.28000000,0.80000000,0.80852139,-0.04019534,0.04759170,0.81061027,-0.04676468,0.02760319
actuator_loss_02,actuator_loss,2711,7.30000000,0.80000000,0.80884831,-0.04153025,0.04838169,0.80971388,-0.04481964,0.02806138
actuator_loss_02,actuator_loss,2711,7.32000000,0.80000000,0.80745808,-0.03840698,0.05778937,0.80885529,-0.04292943,0.03351783
actuator_loss_02,actuator_loss,2711,7.34000000,0.80000000,0.80870466,-0.03476427,0.01713746,0.80803507,-0.04101118,0.00993973
actuator_loss_02,actuator_loss,2711,7.36000000,0.80000000,0.80656386,-0.03256777,0.04468940,0.80724433,-0.03953698,0.02591985
actuator_loss_02,actuator_loss,2711,7.38000000,0.80000000,0.80815520,-0.04256425,0.06602769,0.80648732,-0.03785064,0.03829606
actuator_loss_02,actuator_loss,2711,7.40000000,0.80000000,0.80932265,-0.02480185,-0.04379843,0.80576697,-0.03601742,-0.02540309
actuator_loss_02,actuator_loss,2711,7.42000000,0.80000000,0.80258145,-0.04225431,0.16480551,0.80506144,-0.03527668,0.09558720
actuator_loss_02,actuator_loss,2711,7.44000000,0.80000000,0.80419693,-0.02724447,0.06067759,0.80440951,-0.03259607,0.03519300
actuator_loss_02,actuator_loss,2711,7.46000000,0.80000000,0.80222312,-0.03971870,0.15857728,0.80378989,-0.03098143,0.09197482
actuator_loss_02,actuator_loss,2711,7.48000000,0.80000000,0.80177251,-0.02923455,0.11426761,0.80321995,-0.02849695,0.06627522
actuator_loss_02,actuator_loss,2711,7.50000000,0.80000000,0.79973700,-0.03098506,0.15965924,0.80268976,-0.02650909,0.09260236
actuator_loss_02,actuator_loss,2711,7.52000000,0.80000000,0.80165207,-0.02102555,0.07539056,0.80220661,-0.02415760,0.04372653
actuator_loss_02,actuator_loss,2711,7.54000000,0.80000000,0.80553729,-0.02438994,0.02227845,0.80175312,-0.02267461,0.01292150
actuator_loss_02,actuator_loss,2711,7.56000000,0.80000000,0.80030111,-0.02315001,0.11033002,0.80131834,-0.02173903,0.06399141
actuator_loss_02,actuator_loss,2711,7.58000000,0.80000000,0.80641537,-0.02186349,-0.00615922,0.80091825,-0.02000457,-0.00357235
actuator_loss_02,actuator_loss,2711,7.60000000,0.80000000,0.80105235,-0.01596899,0.06090264,0.80052981,-0.01942215,0.03532353
actuator_loss_02,actuator_loss,2711,7.62000000,0.80000000,0.80183783,-0.02439292,0.08888370,0.80016526,-0.01822712,0.05155255
actuator_loss_02,actuator_loss,2711,7.64000000,0.80000000,0.80074161,-0.01056132,0.03945757,0.79982912,-0.01680696,0.02288539
actuator_loss_02,actuator_loss,2711,7.66000000,0.80000000,0.80098200,-0.01005264,0.03258721,0.79951117,-0.01589751,0.01890058
actuator_loss_02,actuator_loss,2711,7.68000000,0.80000000,0.79716983,-0.01706682,0.13627721,0.79920954,-0.01508185,0.07904078
actuator_loss_02,actuator_loss,2711,7.70000000,0.80000000,0.79856735,-0.01279489,0.08976220,0.79894321,-0.01331627,0.05206208
actuator_loss_02,actuator_loss,2711,7.72000000,0.80000000,0.79709379,-0.01998406,0.15223203,0.79870231,-0.01204505,0.08829458
actuator_loss_02,actuator_loss,2711,7.74000000,0.80000000,0.79673157,-0.01399123,0.12878780,0.79849778,-0.01022651,0.07469693
actuator_loss_02,actuator_loss,2711,7.76000000,0.80000000,0.79380425,-0.01852533,0.20415015,0.79832404,-0.00868686,0.11840709
actuator_loss_02,actuator_loss,2711,7.78000000,0.80000000,0.80043495,-0.00312531,0.00779749,0.79819430,-0.00648711,0.00452254
actuator_loss_02,actuator_loss,2711,7.80000000,0.80000000,0.79822818,-0.00884930,0.07613930,0.79807018,-0.00620605,0.04416079
actuator_loss_02,actuator_loss,2711,7.82000000,0.80000000,0.79660472,-0.01307708,0.12650049,0.79796437,-0.00529068,0.07337029
actuator_loss_02,actuator_loss,2711,7.84000000,0.80000000,0.80302197,-0.01479811,0.01959506,0.79788575,-0.00393057,0.01136513
actuator_loss_02,actuator_loss,2711,7.86000000,0.80000000,0.80127281,0.00144613,-0.03014125,0.79781335,-0.00362029,-0.01748192
actuator_loss_02,actuator_loss,2711,7.88000000,0.80000000,0.79976783,0.00741927,-0.03291730,0.79773759,-0.00378812,-0.01909204
actuator_loss_02,actuator_loss,2711,7.90000000,0.80000000,0.79276408,-0.01064921,0.18349260,0.79765805,-0.00397670,0.10642571
actuator_loss_02,actuator_loss,2711,7.92000000,0.80000000,0.80025115,0.00459519,-0.02749671,0.79761561,-0.00212219,-0.01594809
actuator_loss_02,actuator_loss,2711,7.94000000,0.80000000,0.79588139,-0.00979120,0.12309099,0.79756935,-0.00231308,0.07139278
actuator_loss_02,actuator_loss,2711,7.96000000,0.80000000,0.79576941,-0.00413070,0.09680413,0.79754774,-0.00108038,0.05614639
actuator_loss_02,actuator_loss,2711,7.98000000,0.80000000,0.79253762,0.00160671,0.09680413,0.79754505,-0.00013458,0.05614639
actuator_loss_03,actuator_loss,2712,0.00000000,0.00000000,0.00195909,0.00389101,-0.05471866,0.00000000,0.00000000,-0.03173682
actuator_loss_03,actuator_loss,2712,0.02000000,0.00000000,0.00401675,-0.00535739,-0.04551464,-0.00001030,-0.00051491,-0.02639849
actuator_loss_03,actuator_loss,2712,0.04000000,0.00000000,0.00120051,-0.00661634,0.01147252,-0.00002884,-0.00092725,0.00665406
actuator_loss_03,actuator_loss,2712,0.06000000,0.00000000,-0.00361284,-0.00223428,0.07620244,-0.00004465,-0.00079058,0.04419741
actuator_loss_03,actuator_loss,2712,0.08000000,0.00000000,0.00079785,0.00311739,-0.02994828,-0.00004564,-0.00004902,-0.01737000
actuator_loss_03,actuator_loss,2712,0.10000000,0.00000000,-0.00302951,0.00248038,0.04212932,-0.00005222,-0.00032932,0.02443501
actuator_loss_03,actuator_loss,2712,0.12000000,0.00000000,-0.00047134,0.01288867,-0.05595917,-0.00005067,0.00007732,-0.03245632
actuator_loss_03,actuator_loss,2712,0.14000000,0.00000000,-0.00441590,0.00383199,0.06032620,-0.00005971,-0.00045165,0.03498920
actuator_loss_03,actuator_loss,2712,0.16000000,0.00000000,-0.00052719,0.00871755,-0.03409833,-0.00005711,0.00013001,-0.01977703
actuator_loss_03,actuator_loss,2712,0.18000000,0.00000000,0.00145068,0.01080030,-0.08011365,-0.00006101,-0.00019488,-0.04646592
actuator_loss_03,actuator_loss,2712,0.20000000,0.00000000,0.00121858,0.00721878,-0.05802841,-0.00007986,-0.00094272,-0.03365648
actuator_loss_03,actuator_loss,2712,0.22000000,0.00000000,0.00202520,-0.01018211,0.01445687,-0.00010905,-0.00145957,0.00838499
actuator_loss_03,actuator_loss,2712,0.24000000,0.00000000,-0.00218282,-0.01211561,0.09986888,-0.00013462,-0.00127833,0.05792395
actuator_loss_03,actuator_loss,2712,0.26000000,0.00000000,-0.00204291,0.00127541,0.03039536,-0.00014060,-0.00029896,0.01762931
actuator_loss_03,actuator_loss,2712,0.28000000,0.00000000,0.00119720,-0.00146116,-0.01424373,-0.00014067,-0.00000368,-0.00826136
actuator_loss_03,actuator_loss,2712,0.30000000,0.00000000,0.00378462,-0.00199858,-0.05813019,-0.00014342,-0.00013760,-0.03371551
actuator_loss_03,actuator_loss,2712,0.32000000,0.00000000,-0.00122555,0.00121323,0.01599382,-0.00015703,-0.00068035,0.00927641
actuator_loss_03,actuator_loss,2712,0.34000000,0.00000000,-0.00339335,0.00613868,0.03038690,-0.00016721,-0.00050877,0.01762440
actuator_loss_03,actuator_loss,2712,0.36000000,0.00000000,-0.00230665,0.00410046,0.02101734,-0.00017135,-0.00020707,0.01219006
actuator_loss_03,actuator_loss,2712,0.38000000,0.00000000,0.00094877,0.00609464,-0.04755095,-0.00017140,-0.00000288,-0.02757955
actuator_loss_03,actuator_loss,2712,0.40000000,0.00000000,0.00236098,0.00948103,-0.08990280,-0.00018041,-0.00045025,-0.05214363
actuator_loss_03,actuator_loss,2712,0.42000000,0.00000000,0.00380794,0.00162895,-0.07668777,-0.00020606,-0.00128230,-0.04447891
actuator_loss_03,actuator_loss,2712,0.44000000,0.00000000,-0.00184984,-0.01258489,0.09622154,-0.00024534,-0.00196421,0.05580849
actuator_loss_03,actuator_loss,2712,0.46000000,0.00000000,-0.00059285,-0.00964891,0.05891588,-0.00026530,-0.00099793,0.03417121
actuator_loss_03,actuator_loss,2712,0.48000000,0.00000000,-0.00419358,-0.00427416,0.09685525,-0.00027355,-0.00041262,0.05617605
actuator_loss_03,actuator_loss,2712,0.50000000,0.00000000,-0.00344550,0.00488938,0.03757217,-0.00026332,0.00051157,0.02179186
actuator_loss_03,actuator_loss,2712,0.52000000,0.00000000,-0.00055291,-0.01027607,0.06133271,-0.00024633,0.00084929,0.03557297
actuator_loss_03,actuator_loss,2712,0.54000000,0.00000000,0.00196195,-0.00362752,-0.01717761,-0.00021833,0.00140013,-0.00996301
actuator_loss_03,actuator_loss,2712,0.56000000,0.00000000,0.00128244,0.00003625,-0.02326525,-0.00019443,0.00119512,-0.01349384
actuator_loss_03,actuator_loss,2712,0.58000000,0.00000000,0.00024044,-0.00616007,0.02647251,-0.00017564,0.00093917,0.01535406
actuator_loss_03,actuator_loss,2712,0.60000000,0.00000000,0.00139547,-0.00085170,-0.02086000,-0.00015246,0.00115919,-0.01209880
actuator_loss_03,actuator_loss,2712,0.62000000,0.00000000,-0.00118106,-0.00411677,0.04184287,-0.00013392,0.00092700,0.02426887
actuator_loss_03,actuator_loss,2712,0.64000000,0.00000000,0.00354659,-0.00867899,-0.02044364,-0.00010808,0.00129203,-0.01185731
actuator_loss_03,actuator_loss,2712,0.66000000,0.00000000,-0.00383223,-0.00071648,0.07256252,-0.00008689,0.00105963,0.04208626
actuator_loss_03,actuator_loss,2712,0.68000000,0.00000000,0.00181693,0.00391279,-0.05226870,-0.00005270,0.00170963,-0.03031585
actuator_loss_03,actuator_loss,2712,0.70000000,0.00000000,-0.00292998,-0.00377082,0.07159378,-0.00002940,0.00116483,0.04152439
actuator_loss_03,actuator_loss,2712,0.72000000,0.00000000,0.00262808,-0.00829289,-0.00584101,0.00000665,0.00180245,-0.00338778
actuator_loss_03,actuator_loss,2712,0.74000000,0.00000000,0.00010484,0.00628528,-0.03331353,0.00004048,0.00169166,-0.01932185
actuator_loss_03,actuator_loss,2712,0.76000000,0.00000000,-0.00217227,0.00784139,-0.00010612,0.00006700,0.00132578,-0.00006155
actuator_loss_03,actuator_loss,2712,0.78000000,0.00000000,-0.00204056,0.00377745,0.01784279,0.00009267,0.00128372,0.01034882
actuator_loss_03,actuator_loss,2712,0.80000000,0.00000000,0.00203989,0.00579210,-0.06567849,0.00012091,0.00141186,-0.03809352
actuator_loss_03,actuator_loss,2712,0.82000000,0.00000000,-0.00315371,-0.00045998,0.05906671,0.00013591,0.00075009,0.03425869
actuator_loss_03,actuator_loss,2712,0.84000000,0.00000000,0.00118482,-0.00050136,-0.01881989,0.00016157,0.00128268,-0.01091553
actuator_loss_03,actuator_loss,2712,0.86000000,0.00000000,0.00285348,0.00411483,-0.07193683,0.00018288,0.00106586,-0.04172336
actuator_loss_03,actuator_loss,2712,0.88000000,0.00000000,0.00250840,-0.00057464,-0.04227804,0.00019000,0.00035592,-0.02452126
actuator_loss_03,actuator_loss,2712,0.90000000,0.00000000,-0.00353016,-0.00240081,0.07554690,0.00018894,-0.00005295,0.04381720
actuator_loss_03,actuator_loss,2712,0.92000000,0.00000000,-0.00269221,-0.00137790,0.05534919,0.00020213,0.00065959,0.03210253
actuator_loss_03,actuator_loss,2712,0.94000000,0.00000000,-0.00114414,-0.00639720,0.05258051,0.00022534,0.00116000,0.03049670
actuator_loss_03,actuator_loss,2712,0.96000000,0.00000000,0.00105678,0.00855338,-0.06178900,0.00025771,0.00161886,-0.03583762
actuator_loss_03,actuator_loss,2712,0.98000000,0.00000000,-0.00105249,0.00413799,-0.00174517,0.00027746,0.00098728,-0.00101220
actuator_loss_03,actuator_loss,2712,1.00000000,0.50000000,0.00325698,-0.00094622,8.94610541,0.00029626,0.00094028,5.18874114
actuator_loss_03,actuator_loss,2712,1.02000000,0.50000000,-0.00416618,0.09101056,8.61993845,0.00199815,0.08509446,4.99956430
actuator_loss_03,actuator_loss,2712,1.04000000,0.50000000,0.00412524,0.15306481,8.16042162,0.00526961,0.16357290,4.73304454
actuator_loss_03,actuator_loss,2712,1.06000000,0.50000000,0.01511269,0.23178914,7.56902595,0.00997554,0.23529657,4.39003505
actuator_loss_03,actuator_loss,2712,1.08000000,0.50000000,0.01569133,0.31350076,7.15005231,0.01596022,0.29923369,4.14703034
actuator_loss_03,actuator_loss,2712,1.10000000,0.50000000,0.01976092,0.35959007,6.84635303,0.02310517,0.35724794,3.97088476
actuator_loss_03,actuator_loss,2712,1.12000000,0.50000000,0.02668297,0.40482453,6.49558391,0.03131732,0.41060749,3.76743867
actuator_loss_03,actuator_loss,2712,1.14000000,0.50000000,0.04153628,0.45745516,5.96507118,0.04049760,0.45901360,3.45974128
actuator_loss_03,actuator_loss,2712,1.16000000,0.50000000,0.05424611,0.50225156,5.51231221,0.05051616,0.50092828,3.19714108
actuator_loss_03,actuator_loss,2712,1.18000000,0.50000000,0.05819605,0.54298017,5.23757028,0.06126185,0.53728427,3.03779076
actuator_loss_03,actuator_loss,2712,1.20000000,0.50000000,0.07059984,0.57023309,4.87803743,0.07266043,0.56992887,2.82926171
actuator_loss_03,actuator_loss,2712,1.22000000,0.50000000,0.08759833,0.58790707,4.48369478,0.08462401,0.59817915,2.60054297
actuator_loss_03,actuator_loss,2712,1.24000000,0.50000000,0.09784533,0.61233589,4.17710459,0.09706088,0.62184366,2.42272066
actuator_loss_03,actuator_loss,2712,1.26000000,0.50000000,0.11002930,0.63987159,3.82011462,0.10989869,0.64189019,2.21566648
actuator_loss_03,actuator_loss,2712,1.28000000,0.50000000,0.12434162,0.65121438,3.50577888,0.12305782,0.65795652,2.03335175
actuator_loss_03,actuator_loss,2712,1.30000000,0.50000000,0.13667687,0.66518652,3.21388373,0.13646916,0.67056732,1.86405256
actuator_loss_03,actuator_loss,2712,1.32000000,0.50000000,0.14928684,0.67527488,2.93646254,0.15006998,0.68004078,1.70314828
actuator_loss_03,actuator_loss,2712,1.34000000,0.50000000,0.16014825,0.68736180,2.68052248,0.16380218,0.68661027,1.55470304
actuator_loss_03,actuator_loss,2712,1.36000000,0.50000000,0.18129795,0.70161921,2.22854079,0.17761354,0.69056788,1.29255366
actuator_loss_03,actuator_loss,2712,1.38000000,0.50000000,0.19353632,0.70167073,2.00799264,0.19141654,0.69014974,1.16463573
actuator_loss_03,actuator_loss,2712,1.40000000,0.50000000,0.20674153,0.68859537,1.83567569,0.20516992,0.68766918,1.06469190
actuator_loss_03,actuator_loss,2712,1.42000000,0.50000000,0.21737278,0.69650116,1.60478412,0.21884280,0.68364394,0.93077479
actuator_loss_03,actuator_loss,2712,1.44000000,0.50000000,0.23069625,0.68728829,1.41102600,0.23239421,0.67757067,0.81839508
actuator_loss_03,actuator_loss,2712,1.46000000,0.50000000,0.24999444,0.67182349,1.14098268,0.24579146,0.66986223,0.66176995
actuator_loss_03,actuator_loss,2712,1.48000000,0.50000000,0.26227566,0.66230357,0.96752019,0.25898848,0.65985143,0.56116171
actuator_loss_03,actuator_loss,2712,1.50000000,0.50000000,0.27192943,0.66189555,0.79579252,0.27195885,0.64851839,0.46155966
actuator_loss_03,actuator_loss,2712,1.52000000,0.50000000,0.28251002,0.63700087,0.72981538,0.28467726,0.63592041,0.42329292
actuator_loss_03,actuator_loss,2712,1.54000000,0.50000000,0.29659382,0.62130417,0.55479043,0.29713910,0.62309177,0.32177845
actuator_loss_03,actuator_loss,2712,1.56000000,0.50000000,0.30366651,0.60030368,0.53248447,0.30931937,0.60901348,0.30884099
actuator_loss_03,actuator_loss,2712,1.58000000,0.50000000,0.32256667,0.58530416,0.26727911,0.32122259,0.59516133,0.15502189
actuator_loss_03,actuator_loss,2712,1.60000000,0.50000000,0.33029615,0.59003754,0.10448164,0.33280744,0.57924263,0.06059935
actuator_loss_03,actuator_loss,2712,1.62000000,0.50000000,0.34029516,0.57013134,0.02403046,0.34405314,0.56228504,0.01393767
actuator_loss_03,actuator_loss,2712,1.64000000,0.50000000,0.35344923,0.55097667,-0.11696958,0.35495506,0.54509562,-0.06784236
actuator_loss_03,actuator_loss,2712,1.66000000,0.50000000,0.36895296,0.53051401,-0.29372330,0.36549729,0.52711179,-0.17035952
actuator_loss_03,actuator_loss,2712,1.68000000,0.50000000,0.38083727,0.50795028,-0.39482224,0.37565773,0.50802171,-0.22899690
actuator_loss_03,actuator_loss,2712,1.70000000,0.50000000,0.38211008,0.48755780,-0.31577046,0.38542916,0.48857156,-0.18314686
actuator_loss_03,actuator_loss,2712,1.72000000,0.50000000,0.39783300,0.48795996,-0.60079388,0.39483851,0.47046771,-0.34846045
actuator_loss_03,actuator_loss,2712,1.74000000,0.50000000,0.40081601,0.44672735,-0.44832484,0.40384336,0.45024251,-0.26002841
actuator_loss_03,actuator_loss,2712,1.76000000,0.50000000,0.41290061,0.42308348,-0.54762843,0.41248493,0.43207848,-0.31762449
actuator_loss_03,actuator_loss,2712,1.78000000,0.50000000,0.41757510,0.40669958,-0.54984973,0.42075578,0.41354259,-0.31891284
actuator_loss_03,actuator_loss,2712,1.80000000,0.50000000,0.43132941,0.39748999,-0.75137926,0.42866698,0.39555990,-0.43579997
actuator_loss_03,actuator_loss,2712,1.82000000,0.50000000,0.44129965,0.36985901,-0.79268865,0.43619174,0.37623779,-0.45975942
actuator_loss_03,actuator_loss,2712,1.84000000,0.50000000,0.44575619,0.35096921,-0.77845753,0.44333425,0.35712541,-0.45150537
actuator_loss_03,actuator_loss,2712,1.86000000,0.50000000,0.44901659,0.34744701,-0.81953361,0.45010902,0.33873891,-0.47532949
actuator_loss_03,actuator_loss,2712,1.88000000,0.50000000,0.45920599,0.32715994,-0.90150747,0.45651973,0.32053536,-0.52287433
actuator_loss_03,actuator_loss,2712,1.90000000,0.50000000,0.46203948,0.29802912,-0.80685630,0.46256222,0.30212425,-0.46797665
actuator_loss_03,actuator_loss,2712,1.92000000,0.50000000,0.46919923,0.29626465,-0.92690934,0.46826570,0.28517406,-0.53760742
actuator_loss_03,actuator_loss,2712,1.94000000,0.50000000,0.47142464,0.26256417,-0.79846435,0.47361808,0.26761916,-0.46310932
actuator_loss_03,actuator_loss,2712,1.96000000,0.50000000,0.47709381,0.25064736,-0.84092540,0.47865441,0.25181665,-0.48773673
actuator_loss_03,actuator_loss,2712,1.98000000,0.50000000,0.48400105,0.23145012,-0.86926944,0.48337650,0.23610404,-0.50417628
actuator_loss_03,actuator_loss,2712,2.00000000,0.50000000,0.48840956,0.21726856,-0.87771491,0.48778872,0.22061136,-0.50907465
actuator_loss_03,actuator_loss,2712,2.02000000,0.50000000,0.49202390,0.19378938,-0.82537718,0.49189910,0.20551907,-0.47871876
actuator_loss_03,actuator_loss,2712,2.04000000,0.50000000,0.49566574,0.17544223,-0.79919452,0.49572684,0.19138673,-0.46353282
actuator_loss_03,actuator_loss,2712,2.06000000,0.50000000,0.49749112,0.17986201,-0.85415017,0.49928561,0.17793848,-0.49540710
actuator_loss_03,actuator_loss,2712,2.08000000,0.50000000,0.50630826,0.16459449,-0.93652110,0.50257340,0.16438963,-0.54318224
actuator_loss_03,actuator_loss,2712,2.10000000,0.50000000,0.51032821,0.14792861,-0.92555077,0.50558311,0.15048531,-0.53681945
actuator_loss_03,actuator_loss,2712,2.12000000,0.50000000,0.50780338,0.13574025,-0.81916205,0.50832540,0.13711488,-0.47511399
actuator_loss_03,actuator_loss,2712,2.14000000,0.50000000,0.50742689,0.13042662,-0.78581703,0.51082860,0.12515970,-0.45577388
actuator_loss_03,actuator_loss,2712,2.16000000,0.50000000,0.51606064,0.11356270,-0.85690504,0.51310637,0.11388857,-0.49700493
actuator_loss_03,actuator_loss,2712,2.18000000,0.50000000,0.51930876,0.09460463,-0.82058082,0.51515232,0.10229760,-0.47593688
actuator_loss_03,actuator_loss,2712,2.20000000,0.50000000,0.51762846,0.09309282,-0.78277631,0.51698047,0.09140745,-0.45401026
actuator_loss_03,actuator_loss,2712,2.22000000,0.50000000,0.51807506,0.07255925,-0.68814726,0.51860468,0.08121034,-0.39912541
actuator_loss_03,actuator_loss,2712,2.24000000,0.50000000,0.51794806,0.07749346,-0.71053242,0.52004907,0.07221953,-0.41210880
actuator_loss_03,actuator_loss,2712,2.26000000,0.50000000,0.51997006,0.07955780,-0.75725002,0.52131500,0.06329654,-0.43920501
actuator_loss_03,actuator_loss,2712,2.28000000,0.50000000,0.52628095,0.05445954,-0.74535481,0.52239921,0.05421031,-0.43230579
actuator_loss_03,actuator_loss,2712,2.30000000,0.50000000,0.52564230,0.04396032,-0.68136294,0.52330955,0.04551744,-0.39519050
actuator_loss_03,actuator_loss,2712,2.32000000,0.50000000,0.52326796,0.03500919,-0.59386919,0.52406347,0.03769598,-0.34444413
actuator_loss_03,actuator_loss,2712,2.34000000,0.50000000,0.52248633,0.03127354,-0.56112158,0.52468228,0.03094009,-0.32545052
actuator_loss_03,actuator_loss,2712,2.36000000,0.50000000,0.52275966,0.01961742,-0.50776106,0.52517631,0.02470161,-0.29450142
actuator_loss_03,actuator_loss,2712,2.38000000,0.50000000,0.52380589,0.02548334,-0.55592273,0.52555948,0.01915847,-0.32243518
actuator_loss_03,actuator_loss,2712,2.40000000,0.50000000,0.52443326,0.01267299,-0.50316370,0.52582615,0.01333382,-0.29183494
actuator_loss_03,actuator_loss,2712,2.42000000,0.50000000,0.52468571,0.01514203,-0.52005300,0.52598987,0.00818604,-0.30163074
actuator_loss_03,actuator_loss,2712,2.44000000,0.50000000,0.52775953,0.00228586,-0.51110091,0.52605065,0.00303877,-0.29643853
actuator_loss_03,actuator_loss,2712,2.46000000,0.50000000,0.53160793,-0.00276886,-0.55509852,0.52601335,-0.00186484,-0.32195714
actuator_loss_03,actuator_loss,2712,2.48000000,0.50000000,0.52305038,-0.01413765,-0.34421861,0.52587274,-0.00703058,-0.19964679
actuator_loss_03,actuator_loss,2712,2.50000000,0.50000000,0.52703881,-0.01999986,-0.38669924,0.52567170,-0.01005194,-0.22428556
actuator_loss_03,actuator_loss,2712,2.52000000,0.50000000,0.52326967,-0.00746887,-0.38150968,0.52540411,-0.01337946,-0.22127561
actuator_loss_03,actuator_loss,2712,2.54000000,0.50000000,0.52264788,-0.02821914,-0.26656607,0.52507301,-0.01655509,-0.15460832
actuator_loss_03,actuator_loss,2712,2.56000000,0.50000000,0.52010318,-0.01734165,-0.27514890,0.52470200,-0.01855073,-0.15958636
actuator_loss_03,actuator_loss,2712,2.58000000,0.50000000,0.52548202,-0.01645106,-0.37642098,0.52429069,-0.02056533,-0.21832417
actuator_loss_03,actuator_loss,2712,2.60000000,0.50000000,0.52865512,-0.02457417,-0.39292127,0.52382128,-0.02347050,-0.22789433
actuator_loss_03,actuator_loss,2712,2.62000000,0.50000000,0.52183996,-0.03284806,-0.22887905,0.52329246,-0.02644096,-0.13274985
actuator_loss_03,actuator_loss,2712,2.64000000,0.50000000,0.52969900,-0.03313702,-0.36889700,0.52273695,-0.02777578,-0.21396026
actuator_loss_03,actuator_loss,2712,2.66000000,0.50000000,0.52610829,-0.02774891,-0.33120464,0.52212921,-0.03038682,-0.19209869
actuator_loss_03,actuator_loss,2712,2.68000000,0.50000000,0.52025729,-0.03418904,-0.19368605,0.52147796,-0.03256231,-0.11233791
actuator_loss_03,actuator_loss,2712,2.70000000,0.50000000,0.52576015,-0.04209955,-0.25318493,0.52081044,-0.03337636,-0.14684726
actuator_loss_03,actuator_loss,2712,2.72000000,0.50000000,0.52208603,-0.02956313,-0.24973292,0.52011593,-0.03472508,-0.14484509
actuator_loss_03,actuator_loss,2712,2.74000000,0.50000000,0.52152866,-0.03234448,-0.22579344,0.51939594,-0.03599955,-0.13096020
actuator_loss_03,actuator_loss,2712,2.76000000,0.50000000,0.51759728,-0.04520650,-0.09071848,0.51865576,-0.03700927,-0.05261672
actuator_loss_03,actuator_loss,2712,2.78000000,0.50000000,0.51404071,-0.03502485,-0.07760852,0.51792142,-0.03671666,-0.04501294
actuator_loss_03,actuator_loss,2712,2.80000000,0.50000000,0.51131394,-0.04140383,0.00336814,0.51719523,-0.03630974,0.00195352
actuator_loss_03,actuator_loss,2712,2.82000000,0.50000000,0.51810974,-0.02519306,-0.20000998,0.51649216,-0.03515343,-0.11600579
actuator_loss_03,actuator_loss,2712,2.84000000,0.50000000,0.52402563,-0.03680523,-0.24843521,0.51577323,-0.03594673,-0.14409242
actuator_loss_03,actuator_loss,2712,2.86000000,0.50000000,0.51682817,-0.03905750,-0.10761963,0.51502980,-0.03717115,-0.06241939
actuator_loss_03,actuator_loss,2712,2.88000000,0.50000000,0.51887819,-0.03763169,-0.15164905,0.51428915,-0.03703256,-0.08795645
actuator_loss_03,actuator_loss,2712,2.90000000,0.50000000,0.51467553,-0.03924644,-0.06792743,0.51354290,-0.03731258,-0.03939791
actuator_loss_03,actuator_loss,2712,2.92000000,0.50000000,0.51421298,-0.03160287,-0.09781926,0.51280698,-0.03679611,-0.05673517
actuator_loss_03,actuator_loss,2712,2.94000000,0.50000000,0.51033771,-0.02958607,-0.03814839,0.51207544,-0.03657691,-0.02212607
actuator_loss_03,actuator_loss,2712,2.96000000,0.50000000,0.50890812,-0.03669431,0.02312544,0.51135938,-0.03580300,0.01341276
actuator_loss_03,actuator_loss,2712,2.98000000,0.50000000,0.51648346,-0.03963270,-0.09853886,0.51066985,-0.03447647,-0.05715254
actuator_loss_03,actuator_loss,2712,3.00000000,-0.30000000,0.50722009,-0.03374859,-12.00000000,0.50998313,-0.03433590,-6.96000000
actuator_loss_03,actuator_loss,2712,3.02000000,-0.30000000,0.50150850,-0.15299358,-12.00000000,0.50705927,-0.14619302,-6.96000000
actuator_loss_03,actuator_loss,2712,3.04000000,-0.30000000,0.50162127,-0.25242977,-12.00000000,0.50196756,-0.25458562,-6.96000000
actuator_loss_03,actuator_loss,2712,3.06000000,-0.30000000,0.49843163,-0.35984005,-12.00000000,0.49477514,-0.35962099,-6.96000000
actuator_loss_03,actuator_loss,2712,3.08000000,-0.30000000,0.48601972,-0.46313628,-11.83267361,0.48554708,-0.46140313,-6.86295069
actuator_loss_03,actuator_loss,2712,3.10000000,-0.30000000,0.47782217,-0.55540978,-11.22375015,0.47437791,-0.55845823,-6.50977509
actuator_loss_03,actuator_loss,2712,3.12000000,-0.30000000,0.46852519,-0.64206358,-10.62313557,0.46144237,-0.64677727,-6.16141863
actuator_loss_03,actuator_loss,2712,3.14000000,-0.30000000,0.44562466,-0.72218374,-9.81032524,0.44690819,-0.72670901,-5.68998864
actuator_loss_03,actuator_loss,2712,3.16000000,-0.30000000,0.42992542,-0.79843621,-9.14647659,0.43097786,-0.79651645,-5.30495642
actuator_loss_03,actuator_loss,2712,3.18000000,-0.30000000,0.41217855,-0.85651557,-8.53663602,0.41381956,-0.85791491,-4.95124889
actuator_loss_03,actuator_loss,2712,3.20000000,-0.30000000,0.39242358,-0.91479635,-7.88964273,0.39558610,-0.91167306,-4.57599278
actuator_loss_03,actuator_loss,2712,3.22000000,-0.30000000,0.37642239,-0.95899922,-7.38060690,0.37643254,-0.95767792,-4.28075200
actuator_loss_03,actuator_loss,2712,3.24000000,-0.30000000,0.35704249,-1.00056493,-6.82394027,0.35648318,-0.99746784,-3.95788535
actuator_loss_03,actuator_loss,2712,3.26000000,-0.30000000,0.33430612,-1.03965422,-6.21923906,0.33586744,-1.03078708,-3.60715866
actuator_loss_03,actuator_loss,2712,3.28000000,-0.30000000,0.31668075,-1.05272890,-5.83660900,0.31471976,-1.05738407,-3.38523322
actuator_loss_03,actuator_loss,2712,3.30000000,-0.30000000,0.28940443,-1.07298295,-5.24436502,0.29312863,-1.07955671,-3.04173171
actuator_loss_03,actuator_loss,2712,3.32000000,-0.30000000,0.27295684,-1.09212125,-4.85261683,0.27121924,-1.09546955,-2.81451776
actuator_loss_03,actuator_loss,2712,3.34000000,-0.30000000,0.24844923,-1.11805347,-4.28181872,0.24907517,-1.10720316,-2.48345486
actuator_loss_03,actuator_loss,2712,3.36000000,-0.30000000,0.21882481,-1.10274191,-3.82513708,0.22681113,-1.11320211,-2.21857950
actuator_loss_03,actuator_loss,2712,3.38000000,-0.30000000,0.20694664,-1.11911172,-3.52948091,0.20451677,-1.11471785,-2.04709893
actuator_loss_03,actuator_loss,2712,3.40000000,-0.30000000,0.18102590,-1.11563780,-3.08027716,0.18224868,-1.11340451,-1.78656075
actuator_loss_03,actuator_loss,2712,3.42000000,-0.30000000,0.16255649,-1.10979531,-2.77704023,0.16009059,-1.10790482,-1.61068333
actuator_loss_03,actuator_loss,2712,3.44000000,-0.30000000,0.13360960,-1.10936063,-2.25816964,0.13809615,-1.09972199,-1.30973839
actuator_loss_03,actuator_loss,2712,3.46000000,-0.30000000,0.11438228,-1.09018218,-2.00797016,0.11635795,-1.08691001,-1.16462269
actuator_loss_03,actuator_loss,2712,3.48000000,-0.30000000,0.09503710,-1.07547973,-1.73326911,0.09491514,-1.07214046,-1.00529608
actuator_loss_03,actuator_loss,2712,3.50000000,-0.30000000,0.07102813,-1.06207722,-1.36812028,0.07381027,-1.05524341,-0.79350976
actuator_loss_03,actuator_loss,2712,3.52000000,-0.30000000,0.04693585,-1.04144166,-1.03763700,0.05310160,-1.03543365,-0.60182946
actuator_loss_03,actuator_loss,2712,3.54000000,-0.30000000,0.03292137,-1.01382188,-0.92347523,0.03283904,-1.01312758,-0.53561563
actuator_loss_03,actuator_loss,2712,3.56000000,-0.30000000,0.01416909,-0.99616150,-0.67423617,0.01303028,-0.99043813,-0.39105698
actuator_loss_03,actuator_loss,2712,3.58000000,-0.30000000,-0.00437834,-0.96798816,-0.48124906,-0.00629184,-0.96610609,-0.27912446
actuator_loss_03,actuator_loss,2712,3.60000000,-0.30000000,-0.02887527,-0.93344715,-0.21300946,-0.02510607,-0.94071165,-0.12354549
actuator_loss_03,actuator_loss,2712,3.62000000,-0.30000000,-0.04607937,-0.90573621,-0.04189032,-0.04337767,-0.91357961,-0.02429638
actuator_loss_03,actuator_loss,2712,3.64000000,-0.30000000,-0.05497560,-0.87825619,-0.01915824,-0.06109122,-0.88567768,-0.01111178
actuator_loss_03,actuator_loss,2712,3.66000000,-0.30000000,-0.07685231,-0.85836333,0.27515823,-0.07825974,-0.85842604,0.15959178
actuator_loss_03,actuator_loss,2712,3.68000000,-0.30000000,-0.09336607,-0.82815243,0.42135143,-0.09484472,-0.82924892,0.24438383
actuator_loss_03,actuator_loss,2712,3.70000000,-0.30000000,-0.11098234,-0.78916203,0.54349228,-0.11083671,-0.79959982,0.31522552
actuator_loss_03,actuator_loss,2712,3.72000000,-0.30000000,-0.12408326,-0.77510747,0.70903598,-0.12623111,-0.76971969,0.41124087
actuator_loss_03,actuator_loss,2712,3.74000000,-0.30000000,-0.14062905,-0.75050509,0.88384842,-0.14101525,-0.73920725,0.51263208
actuator_loss_03,actuator_loss,2712,3.76000000,-0.30000000,-0.15593728,-0.70640248,0.93888335,-0.15517515,-0.70799487,0.54455234
actuator_loss_03,actuator_loss,2712,3.78000000,-0.30000000,-0.16555446,-0.67558448,0.95790261,-0.16871978,-0.67723134,0.55558351
actuator_loss_03,actuator_loss,2712,3.80000000,-0.30000000,-0.17965299,-0.64543078,1.06090771,-0.18166461,-0.64724168,0.61532647
actuator_loss_03,actuator_loss,2712,3.82000000,-0.30000000,-0.19151420,-0.61878380,1.14117457,-0.19400884,-0.61721160,0.66188125
actuator_loss_03,actuator_loss,2712,3.84000000,-0.30000000,-0.20923790,-0.58574125,1.29498836,-0.20575597,-0.58735631,0.75109325
actuator_loss_03,actuator_loss,2712,3.86000000,-0.30000000,-0.21899330,-0.54990920,1.29142535,-0.21689554,-0.55697834,0.74902670
actuator_loss_03,actuator_loss,2712,3.88000000,-0.30000000,-0.22750120,-0.52918422,1.34094280,-0.22744703,-0.52757478,0.77774682
actuator_loss_03,actuator_loss,2712,3.90000000,-0.30000000,-0.23901160,-0.48905675,1.34749262,-0.23741935,-0.49861597,0.78154572
actuator_loss_03,actuator_loss,2712,3.92000000,-0.30000000,-0.24974506,-0.47351965,1.46300929,-0.24682920,-0.47049247,0.84854539
actuator_loss_03,actuator_loss,2712,3.94000000,-0.30000000,-0.25348835,-0.43786339,1.35210719,-0.25567226,-0.44215300,0.78422217
actuator_loss_03,actuator_loss,2712,3.96000000,-0.30000000,-0.26714949,-0.41007891,1.45908548,-0.26398696,-0.41573489,0.84626958
actuator_loss_03,actuator_loss,2712,3.98000000,-0.30000000,-0.26559343,-0.38528658,1.30711464,-0.27176953,-0.38912835,0.75812649
actuator_loss_03,actuator_loss,2712,4.00000000,-0.30000000,-0.27968490,-0.36588247,1.46374049,-0.27906504,-0.36477594,0.84896948
actuator_loss_03,actuator_loss,2712,4.02000000,-0.30000000,-0.28292318,-0.34211593,1.40319681,-0.28585912,-0.33970393,0.81385415
actuator_loss_03,actuator_loss,2712,4.04000000,-0.30000000,-0.28458365,-0.31643497,1.30468059,-0.29217869,-0.31597820,0.75671474
actuator_loss_03,actuator_loss,2712,4.06000000,-0.30000000,-0.29183700,-0.28741799,1.29015590,-0.29805697,-0.29391436,0.74829042
actuator_loss_03,actuator_loss,2712,4.08000000,-0.30000000,-0.30262070,-0.27707429,1.43254403,-0.30351039,-0.27267058,0.83087554
actuator_loss_03,actuator_loss,2712,4.10000000,-0.30000000,-0.31077291,-0.25340433,1.46093407,-0.30852528,-0.25074489,0.84734176
actuator_loss_03,actuator_loss,2712,4.12000000,-0.30000000,-0.30975451,-0.23416072,1.34638476,-0.31310991,-0.22923116,0.78090316
actuator_loss_03,actuator_loss,2712,4.14000000,-0.30000000,-0.31745654,-0.20004675,1.31445140,-0.31729914,-0.20946168,0.76238181
actuator_loss_03,actuator_loss,2712,4.16000000,-0.30000000,-0.32671977,-0.18643749,1.41314334,-0.32111124,-0.19060501,0.81962314
actuator_loss_03,actuator_loss,2712,4.18000000,-0.30000000,-0.32315868,-0.16004786,1.21709559,-0.32453931,-0.17140369,0.70591544
actuator_loss_03,actuator_loss,2712,4.20000000,-0.30000000,-0.32677790,-0.15921283,1.27806635,-0.32763215,-0.15464190,0.74127848
actuator_loss_03,actuator_loss,2712,4.22000000,-0.30000000,-0.32812023,-0.13459776,1.17915284,-0.33038866,-0.13782554,0.68390865
actuator_loss_03,actuator_loss,2712,4.24000000,-0.30000000,-0.33524663,-0.12780915,1.27348510,-0.33283788,-0.12246081,0.73862136
actuator_loss_03,actuator_loss,2712,4.26000000,-0.30000000,-0.33810263,-0.10748381,1.22326633,-0.33497156,-0.10668430,0.70949447
actuator_loss_03,actuator_loss,2712,4.28000000,-0.30000000,-0.33831548,-0.09594811,1.16941925,-0.33680894,-0.09186899,0.67826316
actuator_loss_03,actuator_loss,2712,4.30000000,-0.30000000,-0.33696216,-0.08276699,1.07915382,-0.33836933,-0.07801925,0.62590921
actuator_loss_03,actuator_loss,2712,4.32000000,-0.30000000,-0.34293251,-0.06269563,1.08626332,-0.33967829,-0.06544789,0.63003272
actuator_loss_03,actuator_loss,2712,4.34000000,-0.30000000,-0.34149708,-0.06343066,1.06410081,-0.34074227,-0.05319899,0.61717847
actuator_loss_03,actuator_loss,2712,4.36000000,-0.30000000,-0.34468849,-0.04377215,1.02325352,-0.34157303,-0.04153803,0.59348704
actuator_loss_03,actuator_loss,2712,4.38000000,-0.30000000,-0.34487930,-0.04196037,1.01762921,-0.34218548,-0.03062261,0.59022494
actuator_loss_03,actuator_loss,2712,4.40000000,-0.30000000,-0.34792253,-0.01793115,0.95226135,-0.34258744,-0.02009820,0.55231158
actuator_loss_03,actuator_loss,2712,4.42000000,-0.30000000,-0.33992696,-0.01422709,0.78982077,-0.34279774,-0.01051488,0.45809605
actuator_loss_03,actuator_loss,2712,4.44000000,-0.30000000,-0.34503740,-0.00792106,0.85027847,-0.34285288,-0.00275695,0.49316151
actuator_loss_03,actuator_loss,2712,4.46000000,-0.30000000,-0.34262601,0.00075276,0.76350441,-0.34274629,0.00532961,0.44283256
actuator_loss_03,actuator_loss,2712,4.48000000,-0.30000000,-0.34187868,0.02907301,0.60845127,-0.34249931,0.01234915,0.35290173
actuator_loss_03,actuator_loss,2712,4.50000000,-0.30000000,-0.33835848,0.01630010,0.60895216,-0.34214546,0.01769222,0.35319225
actuator_loss_03,actuator_loss,2712,4.52000000,-0.30000000,-0.34138457,0.01993176,0.64526344,-0.34168797,0.02287451,0.37425279
actuator_loss_03,actuator_loss,2712,4.54000000,-0.30000000,-0.34073830,0.03160079,0.57528536,-0.34112321,0.02823798,0.33366551
actuator_loss_03,actuator_loss,2712,4.56000000,-0.30000000,-0.33467083,0.02856440,0.48125291,-0.34046767,0.03277684,0.27912669
actuator_loss_03,actuator_loss,2712,4.58000000,-0.30000000,-0.34035482,0.04758494,0.48846201,-0.33974187,0.03629026,0.28330797
actuator_loss_03,actuator_loss,2712,4.60000000,-0.30000000,-0.33845606,0.04590524,0.46268281,-0.33894661,0.03976270,0.26835603
actuator_loss_03,actuator_loss,2712,4.62000000,-0.30000000,-0.33278516,0.03272447,0.42651052,-0.33808891,0.04288501,0.24737610
actuator_loss_03,actuator_loss,2712,4.64000000,-0.30000000,-0.33822207,0.05410235,0.41748559,-0.33717751,0.04557023,0.24214164
actuator_loss_03,actuator_loss,2712,4.66000000,-0.30000000,-0.33255105,0.06443441,0.26374688,-0.33621576,0.04808735,0.15297319
actuator_loss_03,actuator_loss,2712,4.68000000,-0.30000000,-0.33787057,0.04846815,0.43932945,-0.33523417,0.04907982,0.25481108
actuator_loss_03,actuator_loss,2712,4.70000000,-0.30000000,-0.33623904,0.05213416,0.39163181,-0.33420029,0.05169379,0.22714645
actuator_loss_03,actuator_loss,2712,4.72000000,-0.30000000,-0.33150190,0.05710702,0.28149913,-0.33312473,0.05377797,0.16326950
actuator_loss_03,actuator_loss,2712,4.74000000,-0.30000000,-0.32918777,0.05457845,0.25248756,-0.33202951,0.05476123,0.14644278
actuator_loss_03,actuator_loss,2712,4.76000000,-0.30000000,-0.32951365,0.05933241,0.23458372,-0.33092069,0.05544105,0.13605856
actuator_loss_03,actuator_loss,2712,4.78000000,-0.30000000,-0.32658738,0.05489333,0.20410615,-0.32980206,0.05593133,0.11838157
actuator_loss_03,actuator_loss,2712,4.80000000,-0.30000000,-0.32416763,0.04886834,0.19067558,-0.32867967,0.05611963,0.11059184
actuator_loss_03,actuator_loss,2712,4.82000000,-0.30000000,-0.32880675,0.04330516,0.30199571,-0.32755615,0.05617571,0.17515751
actuator_loss_03,actuator_loss,2712,4.84000000,-0.30000000,-0.32642580,0.05309896,0.21016952,-0.32641060,0.05727759,0.12189832
actuator_loss_03,actuator_loss,2712,4.86000000,-0.30000000,-0.32454509,0.05748988,0.15436215,-0.32526098,0.05748124,0.08953005
actuator_loss_03,actuator_loss,2712,4.88000000,-0.30000000,-0.32379368,0.06227605,0.11690606,-0.32411791,0.05715344,0.06780551
actuator_loss_03,actuator_loss,2712,4.90000000,-0.30000000,-0.32501134,0.05996318,0.15038829,-0.32298824,0.05648333,0.08722521
actuator_loss_03,actuator_loss,2712,4.92000000,-0.30000000,-0.32173681,0.05193677,0.13157878,-0.32186526,0.05614905,0.07631569
actuator_loss_03,actuator_loss,2712,4.94000000,-0.30000000,-0.32109032,0.05897037,0.08477387,-0.32075230,0.05564812,0.04916885
actuator_loss_03,actuator_loss,2712,4.96000000,-0.30000000,-0.31851975,0.05577616,0.05447467,-0.31965785,0.05472227,0.03159531
actuator_loss_03,actuator_loss,2712,4.98000000,-0.30000000,-0.31788123,0.05428358,0.05044420,-0.31858705,0.05353997,0.02925764
actuator_loss_03,actuator_loss,2712,5.00000000,0.80000000,-0.31632465,0.04354019,12.00000000,-0.31753992,0.05235637,6.96000000
actuator_loss_03,actuator_loss,2712,5.02000000,0.80000000,-0.31708349,0.15557614,12.00000000,-0.31426682,0.16365535,6.96000000
actuator_loss_03,actuator_loss,2712,5.04000000,0.80000000,-0.31430034,0.27224357,12.00000000,-0.30883668,0.27150709,6.96000000
actuator_loss_03,actuator_loss,2712,5.06000000,0.80000000,-0.30382023,0.36907352,12.00000000,-0.30131631,0.37601836,6.96000000
actuator_loss_03,actuator_loss,2712,5.08000000,0.80000000,-0.28682812,0.47684285,12.00000000,-0.29177046,0.47729263,6.96000000
actuator_loss_03,actuator_loss,2712,5.10000000,0.80000000,-0.27873579,0.57329897,12.00000000,-0.28026185,0.57543014,6.96000000
actuator_loss_03,actuator_loss,2712,5.12000000,0.80000000,-0.26438074,0.66851536,12.00000000,-0.26685129,0.67052806,6.96000000
actuator_loss_03,actuator_loss,2712,5.14000000,0.80000000,-0.25423482,0.76229197,12.00000000,-0.25159768,0.76268053,6.96000000
actuator_loss_03,actuator_loss,2712,5.16000000,0.80000000,-0.23837906,0.85411520,12.00000000,-0.23455811,0.85197878,6.96000000
actuator_loss_03,actuator_loss,2712,5.18000000,0.80000000,-0.21481518,0.94696882,12.00000000,-0.21578788,0.93851122,6.96000000
actuator_loss_03,actuator_loss,2712,5.20000000,0.80000000,-0.19387946,1.01419395,12.00000000,-0.19534061,1.02236350,6.96000000
actuator_loss_03,actuator_loss,2712,5.22000000,0.80000000,-0.17847217,1.10498669,12.00000000,-0.17326824,1.10361864,6.96000000
actuator_loss_03,actuator_loss,2712,5.24000000,0.80000000,-0.15116678,1.18936928,11.17415573,-0.14962110,1.18235709,6.48101032
actuator_loss_03,actuator_loss,2712,5.26000000,0.80000000,-0.12240652,1.25727836,10.31692566,-0.12460339,1.25088554,5.98381688
actuator_loss_03,actuator_loss,2712,5.28000000,0.80000000,-0.09815874,1.30950178,9.61934835,-0.09841889,1.30922490,5.57922205
actuator_loss_03,actuator_loss,2712,5.30000000,0.80000000,-0.07436338,1.35929378,8.94207204,-0.07123503,1.35919309,5.18640178
actuator_loss_03,actuator_loss,2712,5.32000000,0.80000000,-0.03896419,1.39713147,8.11569805,-0.04321022,1.40124042,4.70710487
actuator_loss_03,actuator_loss,2712,5.34000000,0.80000000,-0.00963376,1.44140196,7.36639791,-0.01452603,1.43420921,4.27251079
actuator_loss_03,actuator_loss,2712,5.36000000,0.80000000,0.00811412,1.46153369,6.94627732,0.01465608,1.45910591,4.02884084
actuator_loss_03,actuator_loss,2712,5.38000000,0.80000000,0.04530286,1.47200261,6.22453548,0.04424165,1.47927813,3.61023058
actuator_loss_03,actuator_loss,2712,5.40000000,0.80000000,0.07968805,1.49064654,5.51238242,0.07408233,1.49203393,3.19718180
actuator_loss_03,actuator_loss,2712,5.42000000,0.80000000,0.10737448,1.48813077,5.02660547,0.10403619,1.49769326,2.91543117
actuator_loss_03,actuator_loss,2712,5.44000000,0.80000000,0.13152341,1.49444730,4.56034217,0.13400831,1.49860611,2.64499846
actuator_loss_03,actuator_loss,2712,5.46000000,0.80000000,0.16362110,1.49620669,3.97378679,0.16391038,1.49510313,2.30479634
actuator_loss_03,actuator_loss,2712,5.48000000,0.80000000,0.18596754,1.48537148,3.62572686,0.19363416,1.48618913,2.10292158
actuator_loss_03,actuator_loss,2712,5.50000000,0.80000000,0.21997926,1.46980315,3.09135757,0.22311968,1.47427596,1.79298739
actuator_loss_03,actuator_loss,2712,5.52000000,0.80000000,0.25059669,1.45677578,2.60538066,0.25227374,1.45770334,1.51112078
actuator_loss_03,actuator_loss,2712,5.54000000,0.80000000,0.27818043,1.43467414,2.21938158,0.28101516,1.43707094,1.28724131
actuator_loss_03,actuator_loss,2712,5.56000000,0.80000000,0.30956628,1.40494996,1.80305715,0.30928407,1.41344532,1.04577314
actuator_loss_03,actuator_loss,2712,5.58000000,0.80000000,0.34048302,1.38311577,1.35572670,0.33701675,1.38663382,0.78632149
actuator_loss_03,actuator_loss,2712,5.60000000,0.80000000,0.36204500,1.35624782,1.10195095,0.36414561,1.35644334,0.63913155
actuator_loss_03,actuator_loss,2712,5.62000000,0.80000000,0.39271440,1.32067828,0.72774941,0.39064161,1.32479990,0.42209466
actuator_loss_03,actuator_loss,2712,5.64000000,0.80000000,0.41706272,1.28507903,0.46747587,0.41645392,1.29061530,0.27113601
actuator_loss_03,actuator_loss,2712,5.66000000,0.80000000,0.44421314,1.25323353,0.13799589,0.44155472,1.25504030,0.08003761
actuator_loss_03,actuator_loss,2712,5.68000000,0.80000000,0.47071785,1.22200401,-0.18294130,0.46590406,1.21746673,-0.10610595
actuator_loss_03,actuator_loss,2712,5.70000000,0.80000000,0.48978500,1.17703526,-0.30130636,0.48946479,1.17803689,-0.17475769
actuator_loss_03,actuator_loss,2712,5.72000000,0.80000000,0.51177549,1.13782570,-0.50108732,0.51223908,1.13871448,-0.29063064
actuator_loss_03,actuator_loss,2712,5.74000000,0.80000000,0.53756656,1.09215448,-0.73697051,0.53421369,1.09873004,-0.42744290
actuator_loss_03,actuator_loss,2712,5.76000000,0.80000000,0.55377318,1.05743546,-0.85509458,0.55536897,1.05776436,-0.49595486
actuator_loss_03,actuator_loss,2712,5.78000000,0.80000000,0.57089278,1.02075403,-0.97984010,0.57570809,1.01695596,-0.56830726
actuator_loss_03,actuator_loss,2712,5.80000000,0.80000000,0.59293520,0.97573426,-1.15150500,0.59523284,0.97623764,-0.66787290
actuator_loss_03,actuator_loss,2712,5.82000000,0.80000000,0.61574770,0.94535110,-1.41021415,0.61393615,0.93516510,-0.81792421
actuator_loss_03,actuator_loss,2712,5.84000000,0.80000000,0.63555132,0.89459126,-1.51288009,0.63179475,0.89293023,-0.87747045
actuator_loss_03,actuator_loss,2712,5.86000000,0.80000000,0.65297566,0.85841093,-1.64561657,0.64881550,0.85103740,-0.95445761
actuator_loss_03,actuator_loss,2712,5.88000000,0.80000000,0.66661134,0.79816853,-1.58984676,0.66499936,0.80919305,-0.92211112
actuator_loss_03,actuator_loss,2712,5.90000000,0.80000000,0.68237382,0.76778690,-1.72166326,0.68038275,0.76916954,-0.99856469
actuator_loss_03,actuator_loss,2712,5.92000000,0.80000000,0.69610072,0.72172310,-1.73842850,0.69496566,0.72914527,-1.00828853
actuator_loss_03,actuator_loss,2712,5.94000000,0.80000000,0.71267861,0.68909265,-1.87367827,0.70876971,0.69020289,-1.08673340
actuator_loss_03,actuator_loss,2712,5.96000000,0.80000000,0.72354334,0.66724892,-1.96002477,0.72179359,0.65119397,-1.13681437
actuator_loss_03,actuator_loss,2712,5.98000000,0.80000000,0.73685901,0.60970257,-1.91197511,0.73404521,0.61258074,-1.10894556
actuator_loss_03,actuator_loss,2712,6.00000000,0.80000000,0.74938092,0.58266417,-2.00217738,0.74555752,0.57561561,-1.16126288
actuator_loss_03,actuator_loss,2712,6.02000000,0.80000000,0.75450533,0.54028282,-1.88251006,0.75633645,0.53894659,-1.09185583
actuator_loss_03,actuator_loss,2712,6.04000000,0.80000000,0.76390399,0.50482298,-1.87438671,0.76642724,0.50453939,-1.08714429
actuator_loss_03,actuator_loss,2712,6.06000000,0.80000000,0.78021791,0.47572462,-2.02254550,0.77585273,0.47127432,-1.17307639
actuator_loss_03,actuator_loss,2712,6.08000000,0.80000000,0.78477387,0.43880817,-1.91997046,0.78460563,0.43764538,-1.11358287
actuator_loss_03,actuator_loss,2712,6.10000000,0.80000000,0.79357002,0.40027634,-1.88564203,0.79272610,0.40602326,-1.09367238
actuator_loss_03,actuator_loss,2712,6.12000000,0.80000000,0.80046517,0.37595491,-1.88814757,0.80024017,0.37570359,-1.09512559
actuator_loss_03,actuator_loss,2712,6.14000000,0.80000000,0.80735856,0.34451141,-1.85501109,0.80716616,0.34629944,-1.07590643
actuator_loss_03,actuator_loss,2712,6.16000000,0.80000000,0.81483231,0.32490231,-1.89149307,0.81352852,0.31811783,-1.09706598
actuator_loss_03,actuator_loss,2712,6.18000000,0.80000000,0.81736795,0.29217545,-1.77350031,0.81933783,0.29046578,-1.02863018
actuator_loss_03,actuator_loss,2712,6.20000000,0.80000000,0.82699061,0.26340847,-1.80287333,0.82463344,0.26478051,-1.04566653
actuator_loss_03,actuator_loss,2712,6.22000000,0.80000000,0.82467800,0.24005093,-1.64445858,0.82942573,0.23961439,-0.95378597
actuator_loss_03,actuator_loss,2712,6.24000000,0.80000000,0.83139078,0.21671043,-1.64858613,0.83376010,0.21671842,-0.95617996
actuator_loss_03,actuator_loss,2712,6.26000000,0.80000000,0.83479426,0.19506284,-1.60161091,0.83764995,0.19449277,-0.92893433
actuator_loss_03,actuator_loss,2712,6.28000000,0.80000000,0.83663348,0.17239806,-1.52139289,0.84111790,0.17339754,-0.88240788
actuator_loss_03,actuator_loss,2712,6.30000000,0.80000000,0.84367883,0.16283509,-1.60039438,0.84419212,0.15371055,-0.92822874
actuator_loss_03,actuator_loss,2712,6.32000000,0.80000000,0.84771696,0.13219012,-1.51985587,0.84686991,0.13388991,-0.88151641
actuator_loss_03,actuator_loss,2712,6.34000000,0.80000000,0.84953741,0.11606868,-1.47201681,0.84917874,0.11544105,-0.85376975
actuator_loss_03,actuator_loss,2712,6.36000000,0.80000000,0.85277464,0.10164492,-1.45816804,0.85113901,0.09801376,-0.84573747
actuator_loss_03,actuator_loss,2712,6.38000000,0.80000000,0.85502851,0.06613524,-1.32118945,0.85276414,0.08125657,-0.76628988
actuator_loss_03,actuator_loss,2712,6.40000000,0.80000000,0.85293514,0.06796926,-1.29267883,0.85409029,0.06630736,-0.74975372
actuator_loss_03,actuator_loss,2712,6.42000000,0.80000000,0.85549256,0.06309827,-1.31435736,0.85513208,0.05208947,-0.76232727
actuator_loss_03,actuator_loss,2712,6.44000000,0.80000000,0.85748556,0.05498700,-1.30967504,0.85589424,0.03810794,-0.75961152
actuator_loss_03,actuator_loss,2712,6.46000000,0.80000000,0.85408923,0.03142405,-1.13072644,0.85638631,0.02460352,-0.65582133
actuator_loss_03,actuator_loss,2712,6.48000000,0.80000000,0.85507763,0.01152876,-1.04904112,0.85665033,0.01320129,-0.60844385
actuator_loss_03,actuator_loss,2712,6.50000000,0.80000000,0.85419301,0.01390129,-1.04498071,0.85670875,0.00292088,-0.60608881
actuator_loss_03,actuator_loss,2712,6.52000000,0.80000000,0.85861154,-0.00789065,-1.01555448,0.85656869,-0.00700291,-0.58902160
actuator_loss_03,actuator_loss,2712,6.54000000,0.80000000,0.85363504,-0.01480748,-0.89139336,0.85624184,-0.01634243,-0.51700815
actuator_loss_03,actuator_loss,2712,6.56000000,0.80000000,0.85803569,-0.01761511,-0.95656684,0.85575736,-0.02422431,-0.55480877
actuator_loss_03,actuator_loss,2712,6.58000000,0.80000000,0.85957798,-0.03117121,-0.91654755,0.85510785,-0.03247536,-0.53159758
actuator_loss_03,actuator_loss,2712,6.60000000,0.80000000,0.85377390,-0.03950392,-0.77041063,0.85430597,-0.04009427,-0.44683817
actuator_loss_03,actuator_loss,2712,6.62000000,0.80000000,0.85377365,-0.04580939,-0.73887879,0.85338392,-0.04610204,-0.42854970
actuator_loss_03,actuator_loss,2712,6.64000000,0.80000000,0.85425334,-0.05281076,-0.71250622,0.85235138,-0.05162702,-0.41325361
actuator_loss_03,actuator_loss,2712,6.66000000,0.80000000,0.84445056,-0.06078930,-0.49616364,0.85121673,-0.05673270,-0.28777491
actuator_loss_03,actuator_loss,2712,6.68000000,0.80000000,0.84336428,-0.06368054,-0.46215441,0.85002384,-0.05964446,-0.26804956
actuator_loss_03,actuator_loss,2712,6.70000000,0.80000000,0.84854196,-0.06428605,-0.55232495,0.84878092,-0.06214600,-0.32034847
actuator_loss_03,actuator_loss,2712,6.72000000,0.80000000,0.84717049,-0.05886595,-0.55473903,0.84747255,-0.06541857,-0.32174863
actuator_loss_03,actuator_loss,2712,6.74000000,0.80000000,0.84859390,-0.07349842,-0.50719799,0.84610030,-0.06861249,-0.29417484
actuator_loss_03,actuator_loss,2712,6.76000000,0.80000000,0.84625158,-0.06735251,-0.49576596,0.84467510,-0.07126013,-0.28754426
actuator_loss_03,actuator_loss,2712,6.78000000,0.80000000,0.84268103,-0.07083215,-0.41409787,0.84320073,-0.07371819,-0.24017677
actuator_loss_03,actuator_loss,2712,6.80000000,0.80000000,0.84548996,-0.08215124,-0.40806312,0.84169410,-0.07533161,-0.23667661
actuator_loss_03,actuator_loss,2712,6.82000000,0.80000000,0.84248823,-0.07942068,-0.36768481,0.84015734,-0.07683827,-0.21325719
actuator_loss_03,actuator_loss,2712,6.84000000,0.80000000,0.83586403,-0.08460190,-0.22254304,0.83859897,-0.07791831,-0.12907497
actuator_loss_03,actuator_loss,2712,6.86000000,0.80000000,0.83924676,-0.07662512,-0.32331605,0.83704699,-0.07759910,-0.18752331
actuator_loss_03,actuator_loss,2712,6.88000000,0.80000000,0.84003413,-0.08100024,-0.31561320,0.83548223,-0.07823806,-0.18305566
actuator_loss_03,actuator_loss,2712,6.90000000,0.80000000,0.83215543,-0.08297615,-0.16391699,0.83390653,-0.07878475,-0.09507186
actuator_loss_03,actuator_loss,2712,6.92000000,0.80000000,0.83196886,-0.08328266,-0.15902624,0.83234879,-0.07788703,-0.09223522
actuator_loss_03,actuator_loss,2712,6.94000000,0.80000000,0.82722940,-0.07355765,-0.12234089,0.83080937,-0.07697109,-0.07095772
actuator_loss_03,actuator_loss,2712,6.96000000,0.80000000,0.82942147,-0.06011228,-0.22902499,0.82929460,-0.07573832,-0.13283450
actuator_loss_03,actuator_loss,2712,6.98000000,0.80000000,0.82961393,-0.06848762,-0.19061267,0.82778365,-0.07554763,-0.11055535
actuator_loss_03,actuator_loss,2712,7.00000000,0.80000000,0.82594042,-0.07693787,-0.08223828,0.82628362,-0.07500138,-0.04769820
actuator_loss_03,actuator_loss,2712,7.02000000,0.80000000,0.82338537,-0.07401760,-0.05084861,0.82481458,-0.07345224,-0.02949219
actuator_loss_03,actuator_loss,2712,7.04000000,0.80000000,0.82373847,-0.07777947,-0.03839510,0.82338146,-0.07165571,-0.02226916
actuator_loss_03,actuator_loss,2712,7.06000000,0.80000000,0.82313123,-0.07085743,-0.06207498,0.82198551,-0.06979763,-0.03600349
actuator_loss_03,actuator_loss,2712,7.08000000,0.80000000,0.82603128,-0.06367967,-0.15016475,0.82062111,-0.06821993,-0.08709555
actuator_loss_03,actuator_loss,2712,7.10000000,0.80000000,0.81861306,-0.06333677,-0.01835121,0.81927071,-0.06752003,-0.01064370
actuator_loss_03,actuator_loss,2712,7.12000000,0.80000000,0.82161778,-0.07157862,-0.03122700,0.81795868,-0.06560143,-0.01811166
actuator_loss_03,actuator_loss,2712,7.14000000,0.80000000,0.81900084,-0.06367758,-0.02362725,0.81668142,-0.06386342,-0.01370380
actuator_loss_03,actuator_loss,2712,7.16000000,0.80000000,0.81545476,-0.05389824,-0.00869455,0.81543926,-0.06210772,-0.00504284
actuator_loss_03,actuator_loss,2712,7.18000000,0.80000000,0.80970118,-0.05297724,0.09026504,0.81423394,-0.06026589,0.05235372
actuator_loss_03,actuator_loss,2712,7.20000000,0.80000000,0.81221933,-0.05369585,0.04853134,0.81308295,-0.05754988,0.02814818
actuator_loss_03,actuator_loss,2712,7.22000000,0.80000000,0.81588624,-0.05995122,0.01380378,0.81197673,-0.05531072,0.00800619
actuator_loss_03,actuator_loss,2712,7.24000000,0.80000000,0.80693303,-0.05732560,0.16183339,0.81090738,-0.05346770,0.09386337
actuator_loss_03,actuator_loss,2712,7.26000000,0.80000000,0.81552474,-0.05262288,-0.01633085,0.80990160,-0.05028879,-0.00947189
actuator_loss_03,actuator_loss,2712,7.28000000,0.80000000,0.80946505,-0.05360624,0.09766025,0.80892390,-0.04888488,0.05664295
actuator_loss_03,actuator_loss,2712,7.30000000,0.80000000,0.80836196,-0.05360648,0.11751715,0.80799487,-0.04645179,0.06815995
actuator_loss_03,actuator_loss,2712,7.32000000,0.80000000,0.81137109,-0.05092582,0.04994950,0.80711672,-0.04390721,0.02897071
actuator_loss_03,actuator_loss,2712,7.34000000,0.80000000,0.80276452,-0.03925793,0.14652824,0.80627518,-0.04207725,0.08498638
actuator_loss_03,actuator_loss,2712,7.36000000,0.80000000,0.81053530,-0.04094703,0.01509970,0.80548727,-0.03939516,0.00875783
actuator_loss_03,actuator_loss,2712,7.38000000,0.80000000,0.80059340,-0.02914192,0.13502843,0.80472662,-0.03803290,0.07831649
actuator_loss_03,actuator_loss,2712,7.40000000,0.80000000,0.80440518,-0.03535009,0.09745727,0.80401493,-0.03558429,0.05652522
actuator_loss_03,actuator_loss,2712,7.42000000,0.80000000,0.80350329,-0.01705482,0.02221486,0.80334363,-0.03356506,0.01288462
actuator_loss_03,actuator_loss,2712,7.44000000,0.80000000,0.81198062,-0.02744438,-0.07842928,0.80269730,-0.03231642,-0.04548898
actuator_loss_03,actuator_loss,2712,7.46000000,0.80000000,0.80075428,-0.03113044,0.14207507,0.80205623,-0.03205351,0.08240354
actuator_loss_03,actuator_loss,2712,7.48000000,0.80000000,0.79450388,-0.02481928,0.22302661,0.80146176,-0.02972379,0.12935543
actuator_loss_03,actuator_loss,2712,7.50000000,0.80000000,0.80022557,-0.02198738,0.10587659,0.80092767,-0.02670447,0.06140842
actuator_loss_03,actuator_loss,2712,7.52000000,0.80000000,0.79899782,-0.02579453,0.14701190,0.80043005,-0.02488105,0.08526690
actuator_loss_03,actuator_loss,2712,7.54000000,0.80000000,0.80231614,-0.01686287,0.04262377,0.79997550,-0.02272703,0.02472179
actuator_loss_03,actuator_loss,2712,7.56000000,0.80000000,0.79935289,-0.01560375,0.08966665,0.79954306,-0.02162202,0.05200666
actuator_loss_03,actuator_loss,2712,7.58000000,0.80000000,0.79758446,-0.01506906,0.11882499,0.79914089,-0.02010855,0.06891849
actuator_loss_03,actuator_loss,2712,7.60000000,0.80000000,0.80094726,-0.01929394,0.07941908,0.79877354,-0.01836759,0.04606306
actuator_loss_03,actuator_loss,2712,7.62000000,0.80000000,0.79915949,-0.00902813,0.06026980,0.79843251,-0.01705135,0.03495649
actuator_loss_03,actuator_loss,2712,7.64000000,0.80000000,0.79908271,-0.01960309,0.11452674,0.79811339,-0.01595608,0.06642551
actuator_loss_03,actuator_loss,2712,7.66000000,0.80000000,0.79435727,-0.00947277,0.14893298,0.79782571,-0.01438418,0.08638113
actuator_loss_03,actuator_loss,2712,7.68000000,0.80000000,0.79520268,-0.01406269,0.15666524,0.79757497,-0.01253719,0.09086584
actuator_loss_03,actuator_loss,2712,7.70000000,0.80000000,0.79829137,-0.00932887,0.07739962,0.79736147,-0.01067465,0.04489178
actuator_loss_03,actuator_loss,2712,7.72000000,0.80000000,0.79808602,-0.00131652,0.04103432,0.79716916,-0.00961569,0.02379991
actuator_loss_03,actuator_loss,2712,7.74000000,0.80000000,0.79840090,-0.00893868,0.07347720,0.79699052,-0.00893173,0.04261677
actuator_loss_03,actuator_loss,2712,7.76000000,0.80000000,0.79988910,-0.01239442,0.06396825,0.79683125,-0.00796367,0.03710159
actuator_loss_03,actuator_loss,2712,7.78000000,0.80000000,0.80192448,-0.01385369,0.03462777,0.79668895,-0.00711507,0.02008411
actuator_loss_03,actuator_loss,2712,7.80000000,0.80000000,0.79404552,-0.01038509,0.15910600,0.79655757,-0.00656884,0.09228148
actuator_loss_03,actuator_loss,2712,7.82000000,0.80000000,0.79571870,-0.00579300,0.10602840,0.79646021,-0.00486819,0.06149647
actuator_loss_03,actuator_loss,2712,7.84000000,0.80000000,0.79561339,-0.00268222,0.09237014,0.79638582,-0.00371968,0.05357468
actuator_loss_03,actuator_loss,2712,7.86000000,0.80000000,0.79625136,0.00383888,0.04828106,0.79633111,-0.00273526,0.02800301
actuator_loss_03,actuator_loss,2712,7.88000000,0.80000000,0.80058447,-0.00420295,0.01049427,0.79628719,-0.00219622,0.00608667
actuator_loss_03,actuator_loss,2712,7.90000000,0.80000000,0.79146902,0.00255355,0.14078986,0.79624660,-0.00202944,0.08165812
actuator_loss_03,actuator_loss,2712,7.92000000,0.80000000,0.79444268,-0.01134990,0.15678133,0.79623376,-0.00064174,0.09093317
actuator_loss_03,actuator_loss,2712,7.94000000,0.80000000,0.79728620,0.00339619,0.03186754,0.79625083,0.00085345,0.01848317
actuator_loss_03,actuator_loss,2712,7.96000000,0.80000000,0.79442477,0.00466016,0.07705333,0.79627337,0.00112689,0.04469093
actuator_loss_03,actuator_loss,2712,7.98000000,0.80000000,0.80094905,-0.00855361,0.07705333,0.79630971,0.00181707,0.04469093
actuator_loss_04,actuator_loss,2713,0.00000000,0.00000000,-0.00401196,0.00028241,0.07080330,0.00000000,0.00000000,0.04106592
actuator_loss_04,actuator_loss,2713,0.02000000,0.00000000,0.00932593,0.00599481,-0.19784081,0.00001424,0.00071202,-0.11474767
actuator_loss_04,actuator_loss,2713,0.04000000,0.00000000,0.00122946,0.00065965,-0.02542852,-0.00001180,-0.00130178,-0.01474854
actuator_loss_04,actuator_loss,2713,0.06000000,0.00000000,0.00126881,0.00363278,-0.04100245,-0.00004206,-0.00151315,-0.02378142
actuator_loss_04,actuator_loss,2713,0.08000000,0.00000000,-0.00380222,-0.00129878,0.07493389,-0.00007954,-0.00187394,0.04346166
actuator_loss_04,actuator_loss,2713,0.10000000,0.00000000,-0.00074547,-0.00685541,0.04769554,-0.00010067,-0.00105656,0.02766341
actuator_loss_04,actuator_loss,2713,0.12000000,0.00000000,0.00628408,0.00024801,-0.11435349,-0.00011149,-0.00054093,-0.06632503
actuator_loss_04,actuator_loss,2713,0.14000000,0.00000000,0.00097712,-0.00346235,-0.00027635,-0.00014494,-0.00167248,-0.00016029
actuator_loss_04,actuator_loss,2713,0.16000000,0.00000000,-0.00266151,0.00190432,0.03838552,-0.00017730,-0.00161829,0.02226360
actuator_loss_04,actuator_loss,2713,0.18000000,0.00000000,-0.00746669,-0.00009357,0.13486829,-0.00020085,-0.00117715,0.07822361
actuator_loss_04,actuator_loss,2713,0.20000000,0.00000000,-0.00195787,-0.01601510,0.11531723,-0.00019646,0.00021921,0.06688400
actuator_loss_04,actuator_loss,2713,0.22000000,0.00000000,0.00160155,0.00648950,-0.06127538,-0.00016903,0.00137141,-0.03553972
actuator_loss_04,actuator_loss,2713,0.24000000,0.00000000,-0.00255543,0.01254987,-0.01675169,-0.00015486,0.00070849,-0.00971598
actuator_loss_04,actuator_loss,2713,0.26000000,0.00000000,-0.00344334,-0.00539354,0.08894785,-0.00014455,0.00051590,0.05158975
actuator_loss_04,actuator_loss,2713,0.28000000,0.00000000,-0.00239126,0.00146962,0.03569455,-0.00011669,0.00139281,0.02070284
actuator_loss_04,actuator_loss,2713,0.30000000,0.00000000,-0.00009931,-0.00508378,0.02720638,-0.00008260,0.00170433,0.01577970
actuator_loss_04,actuator_loss,2713,0.32000000,0.00000000,-0.00233351,0.00137876,0.03510941,-0.00004420,0.00191987,0.02036346
actuator_loss_04,actuator_loss,2713,0.34000000,0.00000000,0.00086177,-0.00241991,-0.00341222,-0.00000005,0.00220755,-0.00197909
actuator_loss_04,actuator_loss,2713,0.36000000,0.00000000,0.00335162,0.00703349,-0.09549662,0.00004191,0.00209804,-0.05538804
actuator_loss_04,actuator_loss,2713,0.38000000,0.00000000,-0.00164687,0.00105111,0.02438815,0.00006323,0.00106624,0.01414512
actuator_loss_04,actuator_loss,2713,0.40000000,0.00000000,-0.00151331,0.01125855,-0.02905314,0.00008874,0.00127518,-0.01685082
actuator_loss_04,actuator_loss,2713,0.42000000,0.00000000,-0.00418765,0.00335139,0.05862069,0.00010753,0.00093958,0.03400000
actuator_loss_04,actuator_loss,2713,0.44000000,0.00000000,0.00182575,0.00299993,-0.04786320,0.00013747,0.00149708,-0.02776066
actuator_loss_04,actuator_loss,2713,0.46000000,0.00000000,0.00295241,0.00198222,-0.06305453,0.00015676,0.00096476,-0.03657163
actuator_loss_04,actuator_loss,2713,0.48000000,0.00000000,0.00035451,0.00200404,-0.01640133,0.00016272,0.00029781,-0.00951277
actuator_loss_04,actuator_loss,2713,0.50000000,0.00000000,0.00139501,0.00055164,-0.02786846,0.00016517,0.00012273,-0.01616371
actuator_loss_04,actuator_loss,2713,0.52000000,0.00000000,0.00158238,-0.00248971,-0.01603433,0.00016194,-0.00016171,-0.00929991
actuator_loss_04,actuator_loss,2713,0.54000000,0.00000000,-0.00261056,-0.00189499,0.05646497,0.00015559,-0.00031744,0.03274968
actuator_loss_04,actuator_loss,2713,0.56000000,0.00000000,-0.00117659,0.00474506,-0.00254672,0.00016082,0.00026120,-0.00147710
actuator_loss_04,actuator_loss,2713,0.58000000,0.00000000,-0.00054929,-0.00786661,0.04922025,0.00016535,0.00022669,0.02854774
actuator_loss_04,actuator_loss,2713,0.60000000,0.00000000,0.00568923,0.00058476,-0.10533000,0.00017963,0.00071394,-0.06109140
actuator_loss_04,actuator_loss,2713,0.62000000,0.00000000,0.00435077,0.00200847,-0.08835626,0.00017224,-0.00036960,-0.05124663
actuator_loss_04,actuator_loss,2713,0.64000000,0.00000000,-0.00093456,0.00151309,0.00925671,0.00014732,-0.00124555,0.00536889
actuator_loss_04,actuator_loss,2713,0.66000000,0.00000000,0.00338166,-0.00070625,-0.05733865,0.00012512,-0.00111004,-0.03325642
actuator_loss_04,actuator_loss,2713,0.68000000,0.00000000,0.00676008,0.00128075,-0.12808513,0.00009215,-0.00164884,-0.07428937
actuator_loss_04,actuator_loss,2713,0.70000000,0.00000000,0.00136215,-0.00785080,0.01473529,0.00003453,-0.00288074,0.00854647
actuator_loss_04,actuator_loss,2713,0.72000000,0.00000000,0.00259165,-0.00207473,-0.03627601,-0.00001816,-0.00263443,-0.02104009
actuator_loss_04,actuator_loss,2713,0.74000000,0.00000000,-0.00813424,-0.00682494,0.18054110,-0.00007635,-0.00290950,0.10471384
actuator_loss_04,actuator_loss,2713,0.76000000,0.00000000,0.00244876,0.00134731,-0.05081415,-0.00009624,-0.00099483,-0.02947221
actuator_loss_04,actuator_loss,2713,0.78000000,0.00000000,0.00414674,0.01101106,-0.12969665,-0.00012568,-0.00147195,-0.07522406
actuator_loss_04,actuator_loss,2713,0.80000000,0.00000000,-0.00343795,-0.00706746,0.09722033,-0.00018020,-0.00272608,0.05638779
actuator_loss_04,actuator_loss,2713,0.82000000,0.00000000,-0.00531083,0.00014641,0.09486300,-0.00021331,-0.00165555,0.05502054
actuator_loss_04,actuator_loss,2713,0.84000000,0.00000000,0.00186919,0.01243766,-0.09583371,-0.00022622,-0.00064519,-0.05558355
actuator_loss_04,actuator_loss,2713,0.86000000,0.00000000,-0.00068898,-0.00342343,0.02951879,-0.00025796,-0.00158695,0.01712090
actuator_loss_04,actuator_loss,2713,0.88000000,0.00000000,-0.00365103,-0.00054479,0.06844253,-0.00028268,-0.00123604,0.03969667
actuator_loss_04,actuator_loss,2713,0.90000000,0.00000000,-0.00595184,-0.01169007,0.16558356,-0.00029279,-0.00050567,0.09603846
actuator_loss_04,actuator_loss,2713,0.92000000,0.00000000,-0.00060716,-0.00702401,0.04604888,-0.00026926,0.00117671,0.02670835
actuator_loss_04,actuator_loss,2713,0.94000000,0.00000000,0.00363692,0.01511478,-0.14103844,-0.00023726,0.00159971,-0.08180229
actuator_loss_04,actuator_loss,2713,0.96000000,0.00000000,0.00126373,-0.00359097,-0.00479235,-0.00023473,0.00012690,-0.00277957
actuator_loss_04,actuator_loss,2713,0.98000000,0.00000000,-0.00371524,-0.00982826,0.11601561,-0.00023324,0.00007439,0.06728905
actuator_loss_04,actuator_loss,2713,1.00000000,0.50000000,-0.00330293,0.00340708,9.04241735,-0.00020847,0.00123854,5.24460206
actuator_loss_04,actuator_loss,2713,1.02000000,0.50000000,-0.00047173,0.08074828,8.60474966,0.00163412,0.09212932,4.99075481
actuator_loss_04,actuator_loss,2713,1.04000000,0.50000000,-0.00142616,0.17804990,8.13542147,0.00514458,0.17552297,4.71854445
actuator_loss_04,actuator_loss,2713,1.06000000,0.50000000,0.00641259,0.25282519,7.62044741,0.01017171,0.25135645,4.41985950
actuator_loss_04,actuator_loss,2713,1.08000000,0.50000000,0.01873579,0.32102940,7.05760879,0.01656027,0.31942823,4.09341310
actuator_loss_04,actuator_loss,2713,1.10000000,0.50000000,0.02609506,0.38297483,6.61541486,0.02415070,0.37952137,3.83694062
actuator_loss_04,actuator_loss,2713,1.12000000,0.50000000,0.03061020,0.43195630,6.28923489,0.03281312,0.43312084,3.64775624
actuator_loss_04,actuator_loss,2713,1.14000000,0.50000000,0.04145342,0.47242829,5.89169696,0.04244541,0.48161451,3.41718424
actuator_loss_04,actuator_loss,2713,1.16000000,0.50000000,0.05194025,0.52097703,5.46019036,0.05293458,0.52445868,3.16691041
actuator_loss_04,actuator_loss,2713,1.18000000,0.50000000,0.06554006,0.57071764,4.96669067,0.06416466,0.56150418,2.88068059
actuator_loss_04,actuator_loss,2713,1.20000000,0.50000000,0.08070139,0.59169042,4.58892295,0.07601117,0.59232511,2.66157531
actuator_loss_04,actuator_loss,2713,1.22000000,0.50000000,0.09379808,0.60924661,4.26540155,0.08837711,0.61829731,2.47393290
actuator_loss_04,actuator_loss,2713,1.24000000,0.50000000,0.10521579,0.63869652,3.91263315,0.10117974,0.64013145,2.26932723
actuator_loss_04,actuator_loss,2713,1.26000000,0.50000000,0.11571141,0.66190731,3.60765804,0.11433323,0.65767436,2.09244166
actuator_loss_04,actuator_loss,2713,1.28000000,0.50000000,0.12351050,0.66610950,3.44626355,0.12776429,0.67155283,1.99883286
actuator_loss_04,actuator_loss,2713,1.30000000,0.50000000,0.14657193,0.68761614,2.92362451,0.14143100,0.68333556,1.69570222
actuator_loss_04,actuator_loss,2713,1.32000000,0.50000000,0.15893053,0.69170464,2.68072718,0.15522022,0.68946116,1.55482176
actuator_loss_04,actuator_loss,2713,1.34000000,0.50000000,0.17055767,0.68518420,2.50404088,0.16907893,0.69293547,1.45234371
actuator_loss_04,actuator_loss,2713,1.36000000,0.50000000,0.18666172,0.70831045,2.09853674,0.18296922,0.69451464,1.21715131
actuator_loss_04,actuator_loss,2713,1.38000000,0.50000000,0.19535804,0.69222507,2.02242991,0.19680847,0.69196217,1.17300935
actuator_loss_04,actuator_loss,2713,1.40000000,0.50000000,0.21030760,0.68982415,1.76534255,0.21058309,0.68873128,1.02389868
actuator_loss_04,actuator_loss,2713,1.42000000,0.50000000,0.21999777,0.68832724,1.59840399,0.22424359,0.68302510,0.92707432
actuator_loss_04,actuator_loss,2713,1.44000000,0.50000000,0.23474170,0.68549197,1.34718955,0.23776028,0.67583450,0.78136994
actuator_loss_04,actuator_loss,2713,1.46000000,0.50000000,0.25148335,0.66987261,1.12393660,0.25108753,0.66636254,0.65188323
actuator_loss_04,actuator_loss,2713,1.48000000,0.50000000,0.25996775,0.64842127,1.07847415,0.26418690,0.65496811,0.62551501
actuator_loss_04,actuator_loss,2713,1.50000000,0.50000000,0.28196459,0.64760089,0.68663301,0.27705699,0.64350461,0.39824715
actuator_loss_04,actuator_loss,2713,1.52000000,0.50000000,0.28770225,0.62681206,0.68729925,0.28962681,0.62849110,0.39863356
actuator_loss_04,actuator_loss,2713,1.54000000,0.50000000,0.29838983,0.60396486,0.60915870,0.30190672,0.61399568,0.35331204
actuator_loss_04,actuator_loss,2713,1.56000000,0.50000000,0.31525006,0.60183471,0.31632538,0.31389089,0.59920818,0.18346872
actuator_loss_04,actuator_loss,2713,1.58000000,0.50000000,0.32117140,0.57534547,0.34218752,0.32553048,0.58197955,0.19846876
actuator_loss_04,actuator_loss,2713,1.60000000,0.50000000,0.33167246,0.57806380,0.13957678,0.33684243,0.56559782,0.08095453
actuator_loss_04,actuator_loss,2713,1.62000000,0.50000000,0.34966718,0.54487459,-0.01838212,0.34779717,0.54773656,-0.01066163
actuator_loss_04,actuator_loss,2713,1.64000000,0.50000000,0.36110123,0.52704530,-0.13504873,0.35837507,0.52889520,-0.07832826
actuator_loss_04,actuator_loss,2713,1.66000000,0.50000000,0.36713355,0.51021522,-0.15948006,0.36856552,0.50952237,-0.09249844
actuator_loss_04,actuator_loss,2713,1.68000000,0.50000000,0.37837294,0.48966257,-0.25902569,0.37837679,0.49056371,-0.15023490
actuator_loss_04,actuator_loss,2713,1.70000000,0.50000000,0.38372885,0.47230913,-0.26866504,0.38780179,0.47124974,-0.15582572
actuator_loss_04,actuator_loss,2713,1.72000000,0.50000000,0.40114052,0.45805001,-0.51077939,0.39685172,0.45249669,-0.29625205
actuator_loss_04,actuator_loss,2713,1.74000000,0.50000000,0.40553948,0.43029931,-0.45120725,0.40549067,0.43194763,-0.26170020
actuator_loss_04,actuator_loss,2713,1.76000000,0.50000000,0.41225652,0.41444281,-0.49283135,0.41374462,0.41269756,-0.28584218
actuator_loss_04,actuator_loss,2713,1.78000000,0.50000000,0.41980526,0.38992118,-0.50610056,0.42161832,0.39368459,-0.29353833
actuator_loss_04,actuator_loss,2713,1.80000000,0.50000000,0.42761025,0.37306064,-0.56228777,0.42912203,0.37518578,-0.32612690
actuator_loss_04,actuator_loss,2713,1.82000000,0.50000000,0.43837613,0.35751924,-0.67836653,0.43625707,0.35675202,-0.39345259
actuator_loss_04,actuator_loss,2713,1.84000000,0.50000000,0.44008416,0.34007167,-0.62187323,0.44301265,0.33777882,-0.36068647
actuator_loss_04,actuator_loss,2713,1.86000000,0.50000000,0.44576255,0.32418420,-0.64464694,0.44941305,0.32001999,-0.37389523
actuator_loss_04,actuator_loss,2713,1.88000000,0.50000000,0.45928055,0.31465463,-0.84032301,0.45546579,0.30263701,-0.48738734
actuator_loss_04,actuator_loss,2713,1.90000000,0.50000000,0.45627825,0.28447762,-0.63539659,0.46114335,0.28387835,-0.36853002
actuator_loss_04,actuator_loss,2713,1.92000000,0.50000000,0.45958800,0.27006766,-0.62292225,0.46649974,0.26781943,-0.36129490
actuator_loss_04,actuator_loss,2713,1.94000000,0.50000000,0.46932085,0.24759235,-0.68573708,0.47154840,0.25243293,-0.39772751
actuator_loss_04,actuator_loss,2713,1.96000000,0.50000000,0.47240966,0.23465075,-0.67662758,0.47628718,0.23693884,-0.39244400
actuator_loss_04,actuator_loss,2713,1.98000000,0.50000000,0.47869460,0.21801862,-0.70659595,0.48072846,0.22206409,-0.40982565
actuator_loss_04,actuator_loss,2713,2.00000000,0.50000000,0.49121295,0.21454645,-0.91456542,0.48487635,0.20739463,-0.53044794
actuator_loss_04,actuator_loss,2713,2.02000000,0.50000000,0.48819271,0.19248448,-0.74989126,0.48869902,0.19113343,-0.43493693
actuator_loss_04,actuator_loss,2713,2.04000000,0.50000000,0.49322369,0.18122442,-0.78414857,0.49224066,0.17708211,-0.45480617
actuator_loss_04,actuator_loss,2713,2.06000000,0.50000000,0.49465884,0.17372385,-0.77247845,0.49550396,0.16316489,-0.44803750
actuator_loss_04,actuator_loss,2713,2.08000000,0.50000000,0.49705124,0.14454911,-0.66966778,0.49850074,0.14983906,-0.38840731
actuator_loss_04,actuator_loss,2713,2.10000000,0.50000000,0.50101015,0.13392537,-0.68780945,0.50126076,0.13800102,-0.39892948
actuator_loss_04,actuator_loss,2713,2.12000000,0.50000000,0.50778869,0.13947770,-0.83758484,0.50378844,0.12638376,-0.48579921
actuator_loss_04,actuator_loss,2713,2.14000000,0.50000000,0.50042091,0.11671868,-0.59116972,0.50606156,0.11365601,-0.34287844
actuator_loss_04,actuator_loss,2713,2.16000000,0.50000000,0.50967391,0.09918446,-0.67005273,0.50813835,0.10383981,-0.38863058
actuator_loss_04,actuator_loss,2713,2.18000000,0.50000000,0.50757849,0.09158016,-0.59431356,0.51000965,0.09356468,-0.34470187
actuator_loss_04,actuator_loss,2713,2.20000000,0.50000000,0.51866114,0.07695312,-0.72066612,0.51169767,0.08440119,-0.41798635
actuator_loss_04,actuator_loss,2713,2.22000000,0.50000000,0.51123566,0.07184804,-0.56148212,0.51318326,0.07427918,-0.32565963
actuator_loss_04,actuator_loss,2713,2.24000000,0.50000000,0.51385006,0.07024129,-0.60050751,0.51450531,0.06610273,-0.34829436
actuator_loss_04,actuator_loss,2713,2.26000000,0.50000000,0.51476466,0.06511367,-0.59133224,0.51566156,0.05781234,-0.34297270
actuator_loss_04,actuator_loss,2713,2.28000000,0.50000000,0.51089177,0.04728724,-0.43248809,0.51665949,0.04989659,-0.25084309
actuator_loss_04,actuator_loss,2713,2.30000000,0.50000000,0.51908076,0.04318404,-0.55937384,0.51753645,0.04384784,-0.32443683
actuator_loss_04,actuator_loss,2713,2.32000000,0.50000000,0.51468705,0.02814562,-0.40509501,0.51827103,0.03672912,-0.23495511
actuator_loss_04,actuator_loss,2713,2.34000000,0.50000000,0.51949809,0.03443495,-0.52314044,0.51889912,0.03140435,-0.30342146
actuator_loss_04,actuator_loss,2713,2.36000000,0.50000000,0.51295372,0.01904254,-0.32837957,0.51940059,0.02507384,-0.19046015
actuator_loss_04,actuator_loss,2713,2.38000000,0.50000000,0.52513592,0.01903166,-0.54760483,0.51981894,0.02091752,-0.31761080
actuator_loss_04,actuator_loss,2713,2.40000000,0.50000000,0.52447504,0.01270866,-0.50409392,0.52011291,0.01469819,-0.29237447
actuator_loss_04,actuator_loss,2713,2.42000000,0.50000000,0.51912110,0.00372771,-0.36281841,0.52029547,0.00912825,-0.21043468
actuator_loss_04,actuator_loss,2713,2.44000000,0.50000000,0.51503707,0.00922911,-0.31681282,0.52039885,0.00516873,-0.18375144
actuator_loss_04,actuator_loss,2713,2.46000000,0.50000000,0.52379781,-0.00316485,-0.41253633,0.52043498,0.00180672,-0.23927107
actuator_loss_04,actuator_loss,2713,2.48000000,0.50000000,0.51955139,-0.00647841,-0.31953293,0.52038691,-0.00240339,-0.18532910
actuator_loss_04,actuator_loss,2713,2.50000000,0.50000000,0.51669504,0.00836504,-0.34233586,0.52027622,-0.00553484,-0.19855480
actuator_loss_04,actuator_loss,2713,2.52000000,0.50000000,0.51855695,-0.00605177,-0.30376618,0.52010044,-0.00878894,-0.17618438
actuator_loss_04,actuator_loss,2713,2.54000000,0.50000000,0.51528137,-0.02070507,-0.17153928,0.51986955,-0.01154433,-0.09949278
actuator_loss_04,actuator_loss,2713,2.56000000,0.50000000,0.52030795,-0.00816233,-0.32473149,0.51961203,-0.01287616,-0.18834426
actuator_loss_04,actuator_loss,2713,2.58000000,0.50000000,0.51586948,-0.01336979,-0.21880165,0.51929796,-0.01570317,-0.12690496
actuator_loss_04,actuator_loss,2713,2.60000000,0.50000000,0.52077019,-0.01998123,-0.27395735,0.51895059,-0.01736863,-0.15889526
actuator_loss_04,actuator_loss,2713,2.62000000,0.50000000,0.51988137,-0.01648009,-0.27546426,0.51855995,-0.01953203,-0.15976927
actuator_loss_04,actuator_loss,2713,2.64000000,0.50000000,0.51552205,-0.03064777,-0.12615808,0.51812721,-0.02163689,-0.07317169
actuator_loss_04,actuator_loss,2713,2.66000000,0.50000000,0.51971867,-0.01630026,-0.27343471,0.51768384,-0.02216859,-0.15859213
actuator_loss_04,actuator_loss,2713,2.68000000,0.50000000,0.51773544,-0.02319114,-0.20328229,0.51720058,-0.02416324,-0.11790373
actuator_loss_04,actuator_loss,2713,2.70000000,0.50000000,0.51323482,-0.02694462,-0.10350373,0.51669289,-0.02538447,-0.06003216
actuator_loss_04,actuator_loss,2713,2.72000000,0.50000000,0.51902383,-0.02484959,-0.21818094,0.51618167,-0.02556071,-0.12654495
actuator_loss_04,actuator_loss,2713,2.74000000,0.50000000,0.51159959,-0.03444862,-0.03654950,0.51564399,-0.02688417,-0.02119871
actuator_loss_04,actuator_loss,2713,2.76000000,0.50000000,0.51383350,-0.02936403,-0.10218285,0.51511727,-0.02633602,-0.05926605
actuator_loss_04,actuator_loss,2713,2.78000000,0.50000000,0.50897068,-0.02699844,-0.02647997,0.51458794,-0.02646656,-0.01535838
actuator_loss_04,actuator_loss,2713,2.80000000,0.50000000,0.50836099,-0.02566087,-0.02219355,0.51407131,-0.02583137,-0.01287226
actuator_loss_04,actuator_loss,2713,2.82000000,0.50000000,0.51226598,-0.02002198,-0.12067783,0.51356782,-0.02517471,-0.06999314
actuator_loss_04,actuator_loss,2713,2.84000000,0.50000000,0.51141886,-0.01906683,-0.11020541,0.51305720,-0.02553080,-0.06391914
actuator_loss_04,actuator_loss,2713,2.86000000,0.50000000,0.51542422,-0.02740891,-0.14059134,0.51254181,-0.02576945,-0.08154298
actuator_loss_04,actuator_loss,2713,2.88000000,0.50000000,0.51168665,-0.03930406,-0.01383935,0.51201570,-0.02630554,-0.00802682
actuator_loss_04,actuator_loss,2713,2.90000000,0.50000000,0.51372563,-0.02148017,-0.13966049,0.51150473,-0.02554872,-0.08100309
actuator_loss_04,actuator_loss,2713,2.92000000,0.50000000,0.50839382,-0.01395998,-0.08128883,0.51098307,-0.02608296,-0.04714752
actuator_loss_04,actuator_loss,2713,2.94000000,0.50000000,0.51217530,-0.01503580,-0.14397646,0.51046283,-0.02601201,-0.08350635
actuator_loss_04,actuator_loss,2713,2.96000000,0.50000000,0.51242755,-0.03213822,-0.06300479,0.50993135,-0.02657388,-0.03654278
actuator_loss_04,actuator_loss,2713,2.98000000,0.50000000,0.50918008,-0.03030068,-0.01373804,0.50940530,-0.02630234,-0.00796806
actuator_loss_04,actuator_loss,2713,3.00000000,-0.30000000,0.51217928,-0.03479649,-12.00000000,0.50889441,-0.02554460,-6.96000000
actuator_loss_04,actuator_loss,2713,3.02000000,-0.30000000,0.51122190,-0.15270883,-12.00000000,0.50598741,-0.14534975,-6.96000000
actuator_loss_04,actuator_loss,2713,3.04000000,-0.30000000,0.49794064,-0.26476488,-12.00000000,0.50076593,-0.26107419,-6.96000000
actuator_loss_04,actuator_loss,2713,3.06000000,-0.30000000,0.49618679,-0.36875601,-12.00000000,0.49330879,-0.37285694,-6.96000000
actuator_loss_04,actuator_loss,2713,3.08000000,-0.30000000,0.48170632,-0.47996732,-11.67087720,0.48369215,-0.48083224,-6.76910878
actuator_loss_04,actuator_loss,2713,3.10000000,-0.30000000,0.46936622,-0.57278492,-10.98466742,0.47205575,-0.58182005,-6.37110710
actuator_loss_04,actuator_loss,2713,3.12000000,-0.30000000,0.46027709,-0.67230433,-10.32346592,0.45860640,-0.67246738,-5.98761023
actuator_loss_04,actuator_loss,2713,3.14000000,-0.30000000,0.43726731,-0.76015209,-9.47005110,0.44353884,-0.75337795,-5.49262964
actuator_loss_04,actuator_loss,2713,3.16000000,-0.30000000,0.43288995,-0.82743514,-9.05484343,0.42707983,-0.82295045,-5.25180919
actuator_loss_04,actuator_loss,2713,3.18000000,-0.30000000,0.40778200,-0.88001565,-8.33999777,0.40936027,-0.88597779,-4.83719871
actuator_loss_04,actuator_loss,2713,3.20000000,-0.30000000,0.38532908,-0.93769923,-7.64742728,0.39056688,-0.93966968,-4.43550783
actuator_loss_04,actuator_loss,2713,3.22000000,-0.30000000,0.37409690,-0.98720561,-7.19771607,0.37087552,-0.98456809,-4.17467532
actuator_loss_04,actuator_loss,2713,3.24000000,-0.30000000,0.35277053,-1.02038160,-6.64796147,0.35040722,-1.02341479,-3.85581765
actuator_loss_04,actuator_loss,2713,3.26000000,-0.30000000,0.33079118,-1.06248137,-6.04183442,0.32929903,-1.05540985,-3.50426397
actuator_loss_04,actuator_loss,2713,3.28000000,-0.30000000,0.31140652,-1.08447212,-5.58295672,0.30769463,-1.08021974,-3.23811490
actuator_loss_04,actuator_loss,2713,3.30000000,-0.30000000,0.28551333,-1.10067955,-5.03584216,0.28570323,-1.09956999,-2.92078846
actuator_loss_04,actuator_loss,2713,3.32000000,-0.30000000,0.26799007,-1.09209984,-4.76332211,0.26344805,-1.11275922,-2.76272682
actuator_loss_04,actuator_loss,2713,3.34000000,-0.30000000,0.24109096,-1.12603969,-4.10943881,0.24099287,-1.12275867,-2.38347451
actuator_loss_04,actuator_loss,2713,3.36000000,-0.30000000,0.21905594,-1.12168346,-3.73458957,0.21847604,-1.12584190,-2.16606195
actuator_loss_04,actuator_loss,2713,3.38000000,-0.30000000,0.19658721,-1.11388797,-3.36912999,0.19597503,-1.12505054,-1.95409539
actuator_loss_04,actuator_loss,2713,3.40000000,-0.30000000,0.17404405,-1.12412236,-2.91218111,0.17356281,-1.12061096,-1.68906505
actuator_loss_04,actuator_loss,2713,3.42000000,-0.30000000,0.15155098,-1.10754153,-2.59020997,0.15132826,-1.11172741,-1.50232178
actuator_loss_04,actuator_loss,2713,3.44000000,-0.30000000,0.12550583,-1.09251626,-2.19652360,0.12933009,-1.09990860,-1.27398369
actuator_loss_04,actuator_loss,2713,3.46000000,-0.30000000,0.10709475,-1.09117291,-1.87184103,0.10763942,-1.08453335,-1.08566780
actuator_loss_04,actuator_loss,2713,3.48000000,-0.30000000,0.08218191,-1.06325002,-1.56302429,0.08631109,-1.06641669,-0.90655409
actuator_loss_04,actuator_loss,2713,3.50000000,-0.30000000,0.06461632,-1.04309938,-1.34759684,0.06539485,-1.04581157,-0.78160617
actuator_loss_04,actuator_loss,2713,3.52000000,-0.30000000,0.04511089,-1.02463485,-1.08882179,0.04492002,-1.02374188,-0.63151664
actuator_loss_04,actuator_loss,2713,3.54000000,-0.30000000,0.02873624,-1.00527623,-0.89087123,0.02492358,-0.99982160,-0.51670532
actuator_loss_04,actuator_loss,2713,3.56000000,-0.30000000,0.00300688,-0.97361116,-0.58606802,0.00542908,-0.97472543,-0.33991945
actuator_loss_04,actuator_loss,2713,3.58000000,-0.30000000,-0.01381353,-0.93865608,-0.45807605,-0.01351930,-0.94741888,-0.26568411
actuator_loss_04,actuator_loss,2713,3.60000000,-0.30000000,-0.02923209,-0.91477034,-0.29997069,-0.03191441,-0.91975529,-0.17398300
actuator_loss_04,actuator_loss,2713,3.62000000,-0.30000000,-0.05316861,-0.89440291,0.02904953,-0.04974329,-0.89144401,0.01684873
actuator_loss_04,actuator_loss,2713,3.64000000,-0.30000000,-0.06879454,-0.86214919,0.14904765,-0.06695905,-0.86078832,0.08644764
actuator_loss_04,actuator_loss,2713,3.66000000,-0.30000000,-0.08322702,-0.83835036,0.28983822,-0.08355846,-0.82997007,0.16810617
actuator_loss_04,actuator_loss,2713,3.68000000,-0.30000000,-0.10227398,-0.79756075,0.42873537,-0.09953417,-0.79878569,0.24866652
actuator_loss_04,actuator_loss,2713,3.70000000,-0.30000000,-0.11906081,-0.76657431,0.57596616,-0.11487950,-0.76726671,0.33406037
actuator_loss_04,actuator_loss,2713,3.72000000,-0.30000000,-0.13136539,-0.74164380,0.67279608,-0.12958632,-0.73534069,0.39022173
actuator_loss_04,actuator_loss,2713,3.74000000,-0.30000000,-0.14134247,-0.69595243,0.62392663,-0.14365689,-0.70352837,0.36187744
actuator_loss_04,actuator_loss,2713,3.76000000,-0.30000000,-0.15397714,-0.66994254,0.72130130,-0.15712271,-0.67329105,0.41835475
actuator_loss_04,actuator_loss,2713,3.78000000,-0.30000000,-0.16368308,-0.64693664,0.78097871,-0.16998479,-0.64310443,0.45296765
actuator_loss_04,actuator_loss,2713,3.80000000,-0.30000000,-0.18130932,-0.61765094,0.95182247,-0.18225171,-0.61334586,0.55205703
actuator_loss_04,actuator_loss,2713,3.82000000,-0.30000000,-0.18906352,-0.57553729,0.88082984,-0.19390937,-0.58288285,0.51088131
actuator_loss_04,actuator_loss,2713,3.84000000,-0.30000000,-0.20524099,-0.54609815,1.02482864,-0.20499280,-0.55417136,0.59440061
actuator_loss_04,actuator_loss,2713,3.86000000,-0.30000000,-0.21481997,-0.52370413,1.08528017,-0.21549259,-0.52498973,0.62946250
actuator_loss_04,actuator_loss,2713,3.88000000,-0.30000000,-0.23050369,-0.49657659,1.23194934,-0.22541647,-0.49619414,0.71453061
actuator_loss_04,actuator_loss,2713,3.90000000,-0.30000000,-0.23346236,-0.46516862,1.12816561,-0.23475456,-0.46690441,0.65433605
actuator_loss_04,actuator_loss,2713,3.92000000,-0.30000000,-0.24308638,-0.44315803,1.19134503,-0.24354768,-0.43965600,0.69098012
actuator_loss_04,actuator_loss,2713,3.94000000,-0.30000000,-0.25528760,-0.40516774,1.22101556,-0.25180169,-0.41270035,0.70818903
actuator_loss_04,actuator_loss,2713,3.96000000,-0.30000000,-0.26143444,-0.38538851,1.23276244,-0.25952898,-0.38636447,0.71500221
actuator_loss_04,actuator_loss,2713,3.98000000,-0.30000000,-0.26480725,-0.35940392,1.16355008,-0.26674513,-0.36080748,0.67485905
actuator_loss_04,actuator_loss,2713,4.00000000,-0.30000000,-0.27432370,-0.33928702,1.23426175,-0.27348147,-0.33681702,0.71587182
actuator_loss_04,actuator_loss,2713,4.02000000,-0.30000000,-0.28407239,-0.31499870,1.28829646,-0.27974012,-0.31293259,0.74721195
actuator_loss_04,actuator_loss,2713,4.04000000,-0.30000000,-0.28255115,-0.28239926,1.09791702,-0.28552649,-0.28931831,0.63679187
actuator_loss_04,actuator_loss,2713,4.06000000,-0.30000000,-0.28850619,-0.26608401,1.12353155,-0.29089494,-0.26842287,0.65164830
actuator_loss_04,actuator_loss,2713,4.08000000,-0.30000000,-0.29431432,-0.24873477,1.14133155,-0.29585457,-0.24798156,0.66197230
actuator_loss_04,actuator_loss,2713,4.10000000,-0.30000000,-0.29939626,-0.23240399,1.15115262,-0.30041572,-0.22805750,0.66766852
actuator_loss_04,actuator_loss,2713,4.12000000,-0.30000000,-0.30241935,-0.19794534,1.03327498,-0.30458999,-0.20871331,0.59929949
actuator_loss_04,actuator_loss,2713,4.14000000,-0.30000000,-0.30835123,-0.20164067,1.15852543,-0.30841426,-0.19121342,0.67194475
actuator_loss_04,actuator_loss,2713,4.16000000,-0.30000000,-0.31111346,-0.17719837,1.08603405,-0.31187526,-0.17305004,0.62989975
actuator_loss_04,actuator_loss,2713,4.18000000,-0.30000000,-0.31545746,-0.15401298,1.04829918,-0.31499995,-0.15623432,0.60801353
actuator_loss_04,actuator_loss,2713,4.20000000,-0.30000000,-0.31922312,-0.14270396,1.05953603,-0.31780736,-0.14037083,0.61453090
actuator_loss_04,actuator_loss,2713,4.22000000,-0.30000000,-0.32704960,-0.12478690,1.11082724,-0.32030606,-0.12493467,0.64427980
actuator_loss_04,actuator_loss,2713,4.24000000,-0.30000000,-0.32248957,-0.11442641,0.97694425,-0.32249623,-0.10950848,0.56662766
actuator_loss_04,actuator_loss,2713,4.26000000,-0.30000000,-0.32382759,-0.08906574,0.87422530,-0.32441531,-0.09595409,0.50705067
actuator_loss_04,actuator_loss,2713,4.28000000,-0.30000000,-0.32478395,-0.08658169,0.87901960,-0.32609319,-0.08389434,0.50983137
actuator_loss_04,actuator_loss,2713,4.30000000,-0.30000000,-0.32863336,-0.06139600,0.82238038,-0.32753714,-0.07219715,0.47698062
actuator_loss_04,actuator_loss,2713,4.32000000,-0.30000000,-0.33142098,-0.05377605,0.83445785,-0.32876650,-0.06146796,0.48398555
actuator_loss_04,actuator_loss,2713,4.34000000,-0.30000000,-0.33676438,-0.04420724,0.88279496,-0.32978615,-0.05098276,0.51202108
actuator_loss_04,actuator_loss,2713,4.36000000,-0.30000000,-0.32809939,-0.02959327,0.65375536,-0.33059352,-0.04036861,0.37917811
actuator_loss_04,actuator_loss,2713,4.38000000,-0.30000000,-0.33372718,-0.03989379,0.80655812,-0.33124191,-0.03241927,0.46780371
actuator_loss_04,actuator_loss,2713,4.40000000,-0.30000000,-0.33047306,-0.01846344,0.64083227,-0.33170599,-0.02320407,0.37168272
actuator_loss_04,actuator_loss,2713,4.42000000,-0.30000000,-0.33269918,-0.02775052,0.72733777,-0.33202538,-0.01596934,0.42185591
actuator_loss_04,actuator_loss,2713,4.44000000,-0.30000000,-0.33628637,-0.01070861,0.70669771,-0.33218760,-0.00811110,0.40988467
actuator_loss_04,actuator_loss,2713,4.46000000,-0.30000000,-0.33096278,0.00692192,0.52272050,-0.33220216,-0.00072809,0.30317789
actuator_loss_04,actuator_loss,2713,4.48000000,-0.30000000,-0.33369770,0.01045479,0.55428462,-0.33211110,0.00455333,0.32148508
actuator_loss_04,actuator_loss,2713,4.50000000,-0.30000000,-0.33664970,0.01063976,0.60649579,-0.33191165,0.00997228,0.35176756
actuator_loss_04,actuator_loss,2713,4.52000000,-0.30000000,-0.33263248,0.01593598,0.50770474,-0.33159702,0.01573169,0.29446875
actuator_loss_04,actuator_loss,2713,4.54000000,-0.30000000,-0.33198747,0.03234629,0.41404308,-0.33119099,0.02030147,0.24014499
actuator_loss_04,actuator_loss,2713,4.56000000,-0.30000000,-0.32954177,0.01847928,0.43935549,-0.33071551,0.02377371,0.25482619
actuator_loss_04,actuator_loss,2713,4.58000000,-0.30000000,-0.33753069,0.01504746,0.60031509,-0.33016787,0.02738223,0.34818275
actuator_loss_04,actuator_loss,2713,4.60000000,-0.30000000,-0.33090080,0.03527558,0.37983649,-0.32951814,0.03248649,0.22030516
actuator_loss_04,actuator_loss,2713,4.62000000,-0.30000000,-0.33258570,0.03107672,0.43115903,-0.32881414,0.03519970,0.25007224
actuator_loss_04,actuator_loss,2713,4.64000000,-0.30000000,-0.32592116,0.04255368,0.25381253,-0.32804741,0.03833661,0.14721127
actuator_loss_04,actuator_loss,2713,4.66000000,-0.30000000,-0.32387937,0.03685059,0.24557576,-0.32725575,0.03958323,0.14243394
actuator_loss_04,actuator_loss,2713,4.68000000,-0.30000000,-0.32524345,0.03971560,0.25580403,-0.32644166,0.04070456,0.14836634
actuator_loss_04,actuator_loss,2713,4.70000000,-0.30000000,-0.32702332,0.03931566,0.28984153,-0.32560385,0.04189055,0.16810809
actuator_loss_04,actuator_loss,2713,4.72000000,-0.30000000,-0.32101482,0.04173962,0.16956875,-0.32473628,0.04337844,0.09834987
actuator_loss_04,actuator_loss,2713,4.74000000,-0.30000000,-0.32172323,0.04675950,0.15722059,-0.32386415,0.04360615,0.09118794
actuator_loss_04,actuator_loss,2713,4.76000000,-0.30000000,-0.31837716,0.04757923,0.09289279,-0.32299012,0.04370193,0.05387782
actuator_loss_04,actuator_loss,2713,4.78000000,-0.30000000,-0.32353116,0.04230925,0.21201457,-0.32212716,0.04314755,0.12296845
actuator_loss_04,actuator_loss,2713,4.80000000,-0.30000000,-0.32225342,0.03930028,0.20406014,-0.32125096,0.04380997,0.11835488
actuator_loss_04,actuator_loss,2713,4.82000000,-0.30000000,-0.31602805,0.04038022,0.08660372,-0.32036357,0.04436984,0.05023016
actuator_loss_04,actuator_loss,2713,4.84000000,-0.30000000,-0.32136666,0.03445196,0.21234010,-0.31948898,0.04372946,0.12315726
actuator_loss_04,actuator_loss,2713,4.86000000,-0.30000000,-0.31944387,0.05215323,0.08922355,-0.31860147,0.04437534,0.05174966
actuator_loss_04,actuator_loss,2713,4.88000000,-0.30000000,-0.31672476,0.04926735,0.05470898,-0.31772625,0.04376112,0.03173121
actuator_loss_04,actuator_loss,2713,4.90000000,-0.30000000,-0.31295640,0.04157387,0.02534588,-0.31686983,0.04282074,0.01470061
actuator_loss_04,actuator_loss,2713,4.92000000,-0.30000000,-0.31332918,0.04442005,0.01782494,-0.31603749,0.04161710,0.01033847
actuator_loss_04,actuator_loss,2713,4.94000000,-0.30000000,-0.31387974,0.03569528,0.07135889,-0.31522992,0.04037883,0.04138816
actuator_loss_04,actuator_loss,2713,4.96000000,-0.30000000,-0.31276928,0.02933258,0.08318416,-0.31443549,0.03972109,0.04824681
actuator_loss_04,actuator_loss,2713,4.98000000,-0.30000000,-0.31724891,0.03505112,0.13522475,-0.31365140,0.03920467,0.07843036
actuator_loss_04,actuator_loss,2713,5.00000000,0.80000000,-0.31167697,0.02737227,12.00000000,-0.31286682,0.03922917,6.96000000
actuator_loss_04,actuator_loss,2713,5.02000000,0.80000000,-0.30733792,0.16363774,12.00000000,-0.30969545,0.15856820,6.96000000
actuator_loss_04,actuator_loss,2713,5.04000000,0.80000000,-0.30431524,0.27985834,12.00000000,-0.30421861,0.27384241,6.96000000
actuator_loss_04,actuator_loss,2713,5.06000000,0.80000000,-0.29557185,0.38336940,12.00000000,-0.29651480,0.38519026,6.96000000
actuator_loss_04,actuator_loss,2713,5.08000000,0.80000000,-0.28951861,0.49320734,12.00000000,-0.28665989,0.49274548,6.96000000
actuator_loss_04,actuator_loss,2713,5.10000000,0.80000000,-0.27135790,0.59630890,12.00000000,-0.27472715,0.59663725,6.96000000
actuator_loss_04,actuator_loss,2713,5.12000000,0.80000000,-0.26102158,0.68817848,12.00000000,-0.26078734,0.69699035,6.96000000
actuator_loss_04,actuator_loss,2713,5.14000000,0.80000000,-0.24603865,0.79257789,12.00000000,-0.24490883,0.79392532,6.96000000
actuator_loss_04,actuator_loss,2713,5.16000000,0.80000000,-0.22588397,0.89022083,12.00000000,-0.22715766,0.88755857,6.96000000
actuator_loss_04,actuator_loss,2713,5.18000000,0.80000000,-0.20866792,0.97719129,12.00000000,-0.20759761,0.97800258,6.96000000
actuator_loss_04,actuator_loss,2713,5.20000000,0.80000000,-0.18809589,1.05265712,12.00000000,-0.18629029,1.06536596,6.96000000
actuator_loss_04,actuator_loss,2713,5.22000000,0.80000000,-0.16538277,1.15068099,11.62348492,-0.16329522,1.14975366,6.74162126
actuator_loss_04,actuator_loss,2713,5.24000000,0.80000000,-0.13724161,1.22345487,10.75307467,-0.13874560,1.22748067,6.23678331
actuator_loss_04,actuator_loss,2713,5.26000000,0.80000000,-0.11435697,1.30498793,9.93348588,-0.11286946,1.29380715,5.76142181
actuator_loss_04,actuator_loss,2713,5.28000000,0.80000000,-0.08618698,1.34424408,9.23014530,-0.08587681,1.34963246,5.35348427
actuator_loss_04,actuator_loss,2713,5.30000000,0.80000000,-0.05751306,1.39171283,8.47667082,-0.05794714,1.39648333,4.91646908
actuator_loss_04,actuator_loss,2713,5.32000000,0.80000000,-0.02797294,1.43272358,7.73989499,-0.02926392,1.43416126,4.48913910
actuator_loss_04,actuator_loss,2713,5.34000000,0.80000000,0.00272266,1.47362158,6.98288423,-0.00000099,1.46314662,4.05007285
actuator_loss_04,actuator_loss,2713,5.36000000,0.80000000,0.03666466,1.48099462,6.33506295,0.02966965,1.48353201,3.67433651
actuator_loss_04,actuator_loss,2713,5.38000000,0.80000000,0.06170136,1.50339374,5.77240688,0.05960382,1.49670838,3.34799599
actuator_loss_04,actuator_loss,2713,5.40000000,0.80000000,0.09347029,1.49024476,5.26631100,0.08967938,1.50377773,3.05446038
actuator_loss_04,actuator_loss,2713,5.42000000,0.80000000,0.11760416,1.49412609,4.81249478,0.11978971,1.50551686,2.79124697
actuator_loss_04,actuator_loss,2713,5.44000000,0.80000000,0.15073175,1.50428791,4.16538902,0.14984237,1.50263305,2.41592563
actuator_loss_04,actuator_loss,2713,5.46000000,0.80000000,0.17649573,1.49266029,3.75977535,0.17970917,1.49334000,2.18066970
actuator_loss_04,actuator_loss,2713,5.48000000,0.80000000,0.21513418,1.48775174,3.08882602,0.20931486,1.48028452,1.79151909
actuator_loss_04,actuator_loss,2713,5.50000000,0.80000000,0.23757262,1.46432673,2.80205926,0.23853339,1.46092648,1.62519437
actuator_loss_04,actuator_loss,2713,5.52000000,0.80000000,0.26743107,1.43713687,2.40055631,0.26732027,1.43934399,1.39232266
actuator_loss_04,actuator_loss,2713,5.54000000,0.80000000,0.29961388,1.41607495,1.92657538,0.29560945,1.41445900,1.11741372
actuator_loss_04,actuator_loss,2713,5.56000000,0.80000000,0.32152915,1.38678246,1.67856300,0.32332256,1.38565515,0.97356654
actuator_loss_04,actuator_loss,2713,5.58000000,0.80000000,0.35347629,1.35133323,1.28076056,0.35042932,1.35533830,0.74284112
actuator_loss_04,actuator_loss,2713,5.60000000,0.80000000,0.37871129,1.31894779,0.98845780,0.37687040,1.32205367,0.57330552
actuator_loss_04,actuator_loss,2713,5.62000000,0.80000000,0.39901058,1.29642853,0.73566688,0.40260966,1.28696328,0.42668679
actuator_loss_04,actuator_loss,2713,5.64000000,0.80000000,0.42545427,1.26048396,0.43940327,0.42762018,1.25052597,0.25485390
actuator_loss_04,actuator_loss,2713,5.66000000,0.80000000,0.45194556,1.20926350,0.21866242,0.45186719,1.21235045,0.12682421
actuator_loss_04,actuator_loss,2713,5.68000000,0.80000000,0.47206521,1.17040849,0.05078370,0.47533230,1.17325540,0.02945454
actuator_loss_04,actuator_loss,2713,5.70000000,0.80000000,0.49545949,1.13356906,-0.18611605,0.49800837,1.13380373,-0.10794731
actuator_loss_04,actuator_loss,2713,5.72000000,0.80000000,0.52233847,1.09842221,-0.49420343,0.51987464,1.09331351,-0.28663799
actuator_loss_04,actuator_loss,2713,5.74000000,0.80000000,0.54617414,1.05364759,-0.69937255,0.54089673,1.05110422,-0.40563608
actuator_loss_04,actuator_loss,2713,5.76000000,0.80000000,0.55904756,0.99988316,-0.66227190,0.56106212,1.00826938,-0.38411770
actuator_loss_04,actuator_loss,2713,5.78000000,0.80000000,0.57808294,0.95723178,-0.79165188,0.58040745,0.96726665,-0.45915809
actuator_loss_04,actuator_loss,2713,5.80000000,0.80000000,0.60086874,0.92417350,-1.03650483,0.59893464,0.92635943,-0.60117280
actuator_loss_04,actuator_loss,2713,5.82000000,0.80000000,0.62119970,0.88913847,-1.22728690,0.61662230,0.88438324,-0.71182640
actuator_loss_04,actuator_loss,2713,5.84000000,0.80000000,0.63260959,0.83881473,-1.18104636,0.63346067,0.84191826,-0.68500689
actuator_loss_04,actuator_loss,2713,5.86000000,0.80000000,0.64932490,0.79849608,-1.28032856,0.64948796,0.80136469,-0.74259056
actuator_loss_04,actuator_loss,2713,5.88000000,0.80000000,0.66343592,0.76005225,-1.34210787,0.66471184,0.76119400,-0.77842256
actuator_loss_04,actuator_loss,2713,5.90000000,0.80000000,0.67546795,0.72537809,-1.38531348,0.67914725,0.72177031,-0.80348182
actuator_loss_04,actuator_loss,2713,5.92000000,0.80000000,0.69366521,0.68357764,-1.50386204,0.69281235,0.68325494,-0.87223998
actuator_loss_04,actuator_loss,2713,5.94000000,0.80000000,0.70348990,0.64468938,-1.48626517,0.70570953,0.64485929,-0.86203380
actuator_loss_04,actuator_loss,2713,5.96000000,0.80000000,0.71520042,0.60743873,-1.51080125,0.71786850,0.60794840,-0.87626472
actuator_loss_04,actuator_loss,2713,5.98000000,0.80000000,0.72737195,0.56622384,-1.52381429,0.72930946,0.57204799,-0.88381229
actuator_loss_04,actuator_loss,2713,6.00000000,0.80000000,0.74389593,0.53715356,-1.67589450,0.74005425,0.53723953,-0.97201881
actuator_loss_04,actuator_loss,2713,6.02000000,0.80000000,0.74679757,0.51337871,-1.60924978,0.75009600,0.50208732,-0.93336487
actuator_loss_04,actuator_loss,2713,6.04000000,0.80000000,0.75862466,0.46516468,-1.58106732,0.75947205,0.46880263,-0.91701904
actuator_loss_04,actuator_loss,2713,6.06000000,0.80000000,0.76596482,0.43381021,-1.55641780,0.76821075,0.43693507,-0.90272232
actuator_loss_04,actuator_loss,2713,6.08000000,0.80000000,0.77936197,0.40694943,-1.66326261,0.77633877,0.40640083,-0.96469231
actuator_loss_04,actuator_loss,2713,6.10000000,0.80000000,0.78657187,0.37682096,-1.64239842,0.78385541,0.37583216,-0.95259108
actuator_loss_04,actuator_loss,2713,6.12000000,0.80000000,0.78967809,0.33723395,-1.50037541,0.79078570,0.34651450,-0.87021774
actuator_loss_04,actuator_loss,2713,6.14000000,0.80000000,0.79873189,0.32063341,-1.58034111,0.79717817,0.31962366,-0.91659784
actuator_loss_04,actuator_loss,2713,6.16000000,0.80000000,0.80560045,0.29079863,-1.55480128,0.80303507,0.29284460,-0.90178474
actuator_loss_04,actuator_loss,2713,6.18000000,0.80000000,0.81231042,0.26213869,-1.53228094,0.80837976,0.26723450,-0.88872295
actuator_loss_04,actuator_loss,2713,6.20000000,0.80000000,0.81287693,0.25052669,-1.48441826,0.81323422,0.24272317,-0.86096259
actuator_loss_04,actuator_loss,2713,6.22000000,0.80000000,0.81728683,0.21314571,-1.37689157,0.81762478,0.21952804,-0.79859711
actuator_loss_04,actuator_loss,2713,6.24000000,0.80000000,0.82407991,0.20193093,-1.44309303,0.82158887,0.19820429,-0.83699396
actuator_loss_04,actuator_loss,2713,6.26000000,0.80000000,0.82577331,0.17731309,-1.35048509,0.82512769,0.17694110,-0.78328135
actuator_loss_04,actuator_loss,2713,6.28000000,0.80000000,0.82759352,0.15842042,-1.28878551,0.82827436,0.15733346,-0.74749560
actuator_loss_04,actuator_loss,2713,6.30000000,0.80000000,0.82985351,0.14052007,-1.23996358,0.83105464,0.13901414,-0.71917887
actuator_loss_04,actuator_loss,2713,6.32000000,0.80000000,0.83331338,0.12042025,-1.20174210,0.83349083,0.12180976,-0.69701042
actuator_loss_04,actuator_loss,2713,6.34000000,0.80000000,0.83824791,0.11270054,-1.25196516,0.83560235,0.10557574,-0.72613979
actuator_loss_04,actuator_loss,2713,6.36000000,0.80000000,0.83542669,0.08518998,-1.06363037,0.83739014,0.08938962,-0.61690561
actuator_loss_04,actuator_loss,2713,6.38000000,0.80000000,0.84179211,0.07039961,-1.10425595,0.83890312,0.07564876,-0.64046845
actuator_loss_04,actuator_loss,2713,6.40000000,0.80000000,0.84384737,0.06505137,-1.11450951,0.84014246,0.06196739,-0.64641552
actuator_loss_04,actuator_loss,2713,6.42000000,0.80000000,0.84470914,0.04964894,-1.05300928,0.84111544,0.04864890,-0.61074538
actuator_loss_04,actuator_loss,2713,6.44000000,0.80000000,0.84285578,0.02939591,-0.91838362,0.84184349,0.03640252,-0.53266250
actuator_loss_04,actuator_loss,2713,6.46000000,0.80000000,0.84494403,0.02652264,-0.94160574,0.84236204,0.02592710,-0.54613133
actuator_loss_04,actuator_loss,2713,6.48000000,0.80000000,0.84963344,0.01267802,-0.95679193,0.84267353,0.01557496,-0.55493932
actuator_loss_04,actuator_loss,2713,6.50000000,0.80000000,0.84053317,0.00874575,-0.77332582,0.84278199,0.00542270,-0.44852897
actuator_loss_04,actuator_loss,2713,6.52000000,0.80000000,0.84494356,-0.00747431,-0.77161250,0.84273121,-0.00253877,-0.44753525
actuator_loss_04,actuator_loss,2713,6.54000000,0.80000000,0.84652569,-0.01828690,-0.74602795,0.84252698,-0.01021184,-0.43269621
actuator_loss_04,actuator_loss,2713,6.56000000,0.80000000,0.84407946,-0.01869031,-0.69997867,0.84217965,-0.01736627,-0.40598763
actuator_loss_04,actuator_loss,2713,6.58000000,0.80000000,0.84763368,-0.02635689,-0.72562176,0.84170337,-0.02381393,-0.42086062
actuator_loss_04,actuator_loss,2713,6.60000000,0.80000000,0.84160550,-0.02777729,-0.61001252,0.84109737,-0.03029985,-0.35380726
actuator_loss_04,actuator_loss,2713,6.62000000,0.80000000,0.84093470,-0.03381997,-0.56772478,0.84038933,-0.03540225,-0.32928037
actuator_loss_04,actuator_loss,2713,6.64000000,0.80000000,0.83980052,-0.04956095,-0.46860469,0.83959122,-0.03990561,-0.27179072
actuator_loss_04,actuator_loss,2713,6.66000000,0.80000000,0.83844011,-0.04441908,-0.46982661,0.83872604,-0.04325879,-0.27249943
actuator_loss_04,actuator_loss,2713,6.68000000,0.80000000,0.83539202,-0.04784213,-0.39784580,0.83779584,-0.04651005,-0.23075056
actuator_loss_04,actuator_loss,2713,6.70000000,0.80000000,0.83603155,-0.04445703,-0.42628281,0.83681731,-0.04892671,-0.24724403
actuator_loss_04,actuator_loss,2713,6.72000000,0.80000000,0.83018262,-0.05665764,-0.25999892,0.83578637,-0.05154703,-0.15079937
actuator_loss_04,actuator_loss,2713,6.74000000,0.80000000,0.84357636,-0.03933862,-0.58768138,0.83473825,-0.05240590,-0.34085520
actuator_loss_04,actuator_loss,2713,6.76000000,0.80000000,0.83681531,-0.05409755,-0.39218792,0.83360763,-0.05653078,-0.22746899
actuator_loss_04,actuator_loss,2713,6.78000000,0.80000000,0.83443228,-0.06653796,-0.28709131,0.83243665,-0.05854923,-0.16651296
actuator_loss_04,actuator_loss,2713,6.80000000,0.80000000,0.83066271,-0.06116433,-0.24610709,0.83124781,-0.05944205,-0.14274211
actuator_loss_04,actuator_loss,2713,6.82000000,0.80000000,0.82218516,-0.06337249,-0.08247047,0.83004996,-0.05989230,-0.04783287
actuator_loss_04,actuator_loss,2713,6.84000000,0.80000000,0.83149403,-0.06211632,-0.25631090,0.82887633,-0.05868165,-0.14866032
actuator_loss_04,actuator_loss,2713,6.86000000,0.80000000,0.82998357,-0.05762180,-0.25159520,0.82769112,-0.05926042,-0.14592522
actuator_loss_04,actuator_loss,2713,6.88000000,0.80000000,0.83208831,-0.05989107,-0.27813424,0.82649568,-0.05977206,-0.16131786
actuator_loss_04,actuator_loss,2713,6.90000000,0.80000000,0.82706536,-0.06232672,-0.17554283,0.82528502,-0.06053315,-0.10181484
actuator_loss_04,actuator_loss,2713,6.92000000,0.80000000,0.82811037,-0.06240656,-0.19395388,0.82408028,-0.06023663,-0.11249325
actuator_loss_04,actuator_loss,2713,6.94000000,0.80000000,0.82420576,-0.06469464,-0.11223046,0.82287758,-0.06013535,-0.06509367
actuator_loss_04,actuator_loss,2713,6.96000000,0.80000000,0.82212535,-0.06415014,-0.07750561,0.82169326,-0.05921570,-0.04495325
actuator_loss_04,actuator_loss,2713,6.98000000,0.80000000,0.81805466,-0.06145774,-0.01769511,0.82053370,-0.05797816,-0.01026317
actuator_loss_04,actuator_loss,2713,7.00000000,0.80000000,0.82047972,-0.05358789,-0.10069542,0.81941007,-0.05618131,-0.05840334
actuator_loss_04,actuator_loss,2713,7.02000000,0.80000000,0.81544673,-0.06321111,0.03801446,0.81830447,-0.05528034,0.02204839
actuator_loss_04,actuator_loss,2713,7.04000000,0.80000000,0.81562404,-0.05985725,0.01805349,0.81724416,-0.05301514,0.01047102
actuator_loss_04,actuator_loss,2713,7.06000000,0.80000000,0.81235989,-0.05200341,0.03753901,0.81622361,-0.05102784,0.02177263
actuator_loss_04,actuator_loss,2713,7.08000000,0.80000000,0.81854319,-0.05817588,-0.04289802,0.81524536,-0.04891227,-0.02488085
actuator_loss_04,actuator_loss,2713,7.10000000,0.80000000,0.80988533,-0.04833207,0.06372434,0.81429181,-0.04767766,0.03696012
actuator_loss_04,actuator_loss,2713,7.12000000,0.80000000,0.81342703,-0.04092689,-0.03705207,0.81338355,-0.04541288,-0.02149020
actuator_loss_04,actuator_loss,2713,7.14000000,0.80000000,0.81122483,-0.04414228,0.01866448,0.81249878,-0.04423867,0.01082540
actuator_loss_04,actuator_loss,2713,7.16000000,0.80000000,0.81029180,-0.03147168,-0.02789396,0.81164789,-0.04254416,-0.01617850
actuator_loss_04,actuator_loss,2713,7.18000000,0.80000000,0.80712376,-0.04546983,0.09912150,0.81082038,-0.04137557,0.05749047
actuator_loss_04,actuator_loss,2713,7.20000000,0.80000000,0.80949194,-0.02880977,-0.02680610,0.81004099,-0.03896948,-0.01554754
actuator_loss_04,actuator_loss,2713,7.22000000,0.80000000,0.80806686,-0.04251849,0.06738903,0.80928276,-0.03791171,0.03908564
actuator_loss_04,actuator_loss,2713,7.24000000,0.80000000,0.80789863,-0.04070487,0.06134896,0.80856390,-0.03594271,0.03558239
actuator_loss_04,actuator_loss,2713,7.26000000,0.80000000,0.81198361,-0.03743415,-0.02853428,0.80788187,-0.03410152,-0.01654988
actuator_loss_04,actuator_loss,2713,7.28000000,0.80000000,0.80339124,-0.03564706,0.11719303,0.80721733,-0.03322693,0.06797196
actuator_loss_04,actuator_loss,2713,7.30000000,0.80000000,0.80336096,-0.02789007,0.07895302,0.80659900,-0.03091666,0.04579275
actuator_loss_04,actuator_loss,2713,7.32000000,0.80000000,0.80457525,-0.02654387,0.05036486,0.80601761,-0.02906964,0.02921162
actuator_loss_04,actuator_loss,2713,7.34000000,0.80000000,0.80698372,-0.02823728,0.01547945,0.80546615,-0.02757301,0.00897808
actuator_loss_04,actuator_loss,2713,7.36000000,0.80000000,0.80237057,-0.02096173,0.06213834,0.80493658,-0.02647818,0.03604024
actuator_loss_04,actuator_loss,2713,7.38000000,0.80000000,0.80722387,-0.03191595,0.02955011,0.80443756,-0.02495142,0.01713907
actuator_loss_04,actuator_loss,2713,7.40000000,0.80000000,0.80328012,-0.02002570,0.04108637,0.80396147,-0.02380439,0.02383009
actuator_loss_04,actuator_loss,2713,7.42000000,0.80000000,0.80679967,-0.02341834,-0.00530226,0.80350986,-0.02258041,-0.00307531
actuator_loss_04,actuator_loss,2713,7.44000000,0.80000000,0.80518937,-0.02032046,0.00819354,0.80307257,-0.02186461,0.00475225
actuator_loss_04,actuator_loss,2713,7.46000000,0.80000000,0.79796969,-0.00989182,0.08600464,0.80265182,-0.02103748,0.04988269
actuator_loss_04,actuator_loss,2713,7.48000000,0.80000000,0.80436147,-0.00698609,-0.04357598,0.80226270,-0.01945604,-0.02527407
actuator_loss_04,actuator_loss,2713,7.50000000,0.80000000,0.80348105,-0.01072517,-0.00903304,0.80187807,-0.01923156,-0.00523916
actuator_loss_04,actuator_loss,2713,7.52000000,0.80000000,0.80385253,-0.01293930,-0.00464903,0.80150472,-0.01866735,-0.00269644
actuator_loss_04,actuator_loss,2713,7.54000000,0.80000000,0.79654749,-0.02037732,0.16403169,0.80114315,-0.01807827,0.09513838
actuator_loss_04,actuator_loss,2713,7.56000000,0.80000000,0.79892114,-0.00938915,0.06636525,0.80082689,-0.01581296,0.03849185
actuator_loss_04,actuator_loss,2713,7.58000000,0.80000000,0.80154867,-0.00866038,0.01542587,0.80053476,-0.01460696,0.00894700
actuator_loss_04,actuator_loss,2713,7.60000000,0.80000000,0.79965564,-0.01194064,0.06590176,0.80025567,-0.01395431,0.03822302
actuator_loss_04,actuator_loss,2713,7.62000000,0.80000000,0.80582959,-0.00958873,-0.05698902,0.79999934,-0.01281628,-0.03305363
actuator_loss_04,actuator_loss,2713,7.64000000,0.80000000,0.79795144,-0.01917369,0.13274251,0.79974029,-0.01295284,0.07699065
actuator_loss_04,actuator_loss,2713,7.66000000,0.80000000,0.80453240,0.00161334,-0.08964982,0.79951675,-0.01117676,-0.05199690
actuator_loss_04,actuator_loss,2713,7.68000000,0.80000000,0.79396698,-0.01909142,0.20405145,0.79928280,-0.01169761,0.11834984
actuator_loss_04,actuator_loss,2713,7.70000000,0.80000000,0.80204368,-0.00702856,-0.00164350,0.79909786,-0.00924718,-0.00095323
actuator_loss_04,actuator_loss,2713,7.72000000,0.80000000,0.79847389,-0.01235251,0.08923250,0.79891888,-0.00894874,0.05175485
actuator_loss_04,actuator_loss,2713,7.74000000,0.80000000,0.79543009,-0.00121762,0.08834638,0.79876395,-0.00774659,0.05124090
actuator_loss_04,actuator_loss,2713,7.76000000,0.80000000,0.79762924,-0.00013544,0.04335084,0.79863206,-0.00659430,0.02514348
actuator_loss_04,actuator_loss,2713,7.78000000,0.80000000,0.79654010,-0.00714610,0.09800868,0.79851339,-0.00593374,0.05684503
actuator_loss_04,actuator_loss,2713,7.80000000,0.80000000,0.79566158,-0.00691246,0.11265380,0.79841847,-0.00474603,0.06533921
actuator_loss_04,actuator_loss,2713,7.82000000,0.80000000,0.79221078,-0.01359171,0.20816457,0.79834944,-0.00345150,0.12073545
actuator_loss_04,actuator_loss,2713,7.84000000,0.80000000,0.79800758,0.01173946,-0.02283381,0.79832463,-0.00124058,-0.01324361
actuator_loss_04,actuator_loss,2713,7.86000000,0.80000000,0.79759291,-0.00267155,0.05668527,0.79829607,-0.00142795,0.03287745
actuator_loss_04,actuator_loss,2713,7.88000000,0.80000000,0.79725297,0.00168515,0.04102084,0.79827988,-0.00080927,0.02379209
actuator_loss_04,actuator_loss,2713,7.90000000,0.80000000,0.80236347,0.01209509,-0.10301791,0.79827250,-0.00036918,-0.05975039
actuator_loss_04,actuator_loss,2713,7.92000000,0.80000000,0.79203675,-0.01371439,0.21191041,0.79824465,-0.00139259,0.12290804
actuator_loss_04,actuator_loss,2713,7.94000000,0.80000000,0.79723492,-0.00236604,0.06160161,0.79826036,0.00078588,0.03572893
actuator_loss_04,actuator_loss,2713,7.96000000,0.80000000,0.79889099,0.02029307,-0.08150311,0.79828794,0.00137859,-0.04727180
actuator_loss_04,actuator_loss,2713,7.98000000,0.80000000,0.79924760,-0.00917354,-0.08150311,0.79829818,0.00051202,-0.04727180
actuator_loss_05,actuator_loss,2714,0.00000000,0.00000000,0.00122739,-0.00591515,0.00748269,0.00000000,0.00000000,0.00433996
actuator_loss_05,actuator_loss,2714,0.02000000,0.00000000,0.00220302,0.00800990,-0.07970385,0.00000140,0.00006994,-0.04622823
actuator_loss_05,actuator_loss,2714,0.04000000,0.00000000,0.00490196,-0.00533936,-0.06153839,-0.00001215,-0.00067727,-0.03569227
actuator_loss_05,actuator_loss,2714,0.06000000,0.00000000,-0.00077604,0.00613609,-0.01671173,-0.00003676,-0.00123050,-0.00969280
actuator_loss_05,actuator_loss,2714,0.08000000,0.00000000,0.00205796,0.00421584,-0.05812242,-0.00006369,-0.00134685,-0.03371101
actuator_loss_05,actuator_loss,2714,0.10000000,0.00000000,-0.00071187,-0.00250043,0.02531580,-0.00010062,-0.00184647,0.01468317
actuator_loss_05,actuator_loss,2714,0.12000000,0.00000000,-0.00361029,0.00026964,0.06363711,-0.00013162,-0.00155007,0.03690952
actuator_loss_05,actuator_loss,2714,0.14000000,0.00000000,-0.00187274,0.00404840,0.01346729,-0.00014973,-0.00090510,0.00781103
actuator_loss_05,actuator_loss,2714,0.16000000,0.00000000,0.00455686,0.00865307,-0.12528889,-0.00016472,-0.00074993,-0.07266756
actuator_loss_05,actuator_loss,2714,0.18000000,0.00000000,-0.00047621,-0.00663256,0.04173452,-0.00020266,-0.00189664,0.02420602
actuator_loss_05,actuator_loss,2714,0.20000000,0.00000000,0.00221793,0.00023092,-0.04107734,-0.00023156,-0.00144516,-0.02382486
actuator_loss_05,actuator_loss,2714,0.22000000,0.00000000,0.00067101,0.00282832,-0.02621978,-0.00026721,-0.00178229,-0.01520747
actuator_loss_05,actuator_loss,2714,0.24000000,0.00000000,0.00187827,-0.00587530,-0.00443233,-0.00030660,-0.00196964,-0.00257075
actuator_loss_05,actuator_loss,2714,0.26000000,0.00000000,0.00462579,0.00288024,-0.09766540,-0.00034555,-0.00194729,-0.05664593
actuator_loss_05,actuator_loss,2714,0.28000000,0.00000000,-0.00228171,-0.00443186,0.06323008,-0.00040149,-0.00279705,0.03667345
actuator_loss_05,actuator_loss,2714,0.30000000,0.00000000,0.00137425,0.00274117,-0.03844235,-0.00044380,-0.00211551,-0.02229656
actuator_loss_05,actuator_loss,2714,0.32000000,0.00000000,-0.00341903,-0.00176164,0.07035069,-0.00049192,-0.00240630,0.04080340
actuator_loss_05,actuator_loss,2714,0.34000000,0.00000000,-0.00268722,-0.00728772,0.08480848,-0.00052534,-0.00167087,0.04918892
actuator_loss_05,actuator_loss,2714,0.36000000,0.00000000,-0.00375014,0.00607871,0.03710898,-0.00054182,-0.00082411,0.02152321
actuator_loss_05,actuator_loss,2714,0.38000000,0.00000000,0.00357810,-0.00651712,-0.03182027,-0.00055083,-0.00045060,-0.01845576
actuator_loss_05,actuator_loss,2714,0.40000000,0.00000000,-0.00236622,0.00100119,0.03758599,-0.00056550,-0.00073341,0.02179988
actuator_loss_05,actuator_loss,2714,0.42000000,0.00000000,-0.00494448,0.00020443,0.08797844,-0.00057267,-0.00035837,0.05102750
actuator_loss_05,actuator_loss,2714,0.44000000,0.00000000,0.00128619,0.01255989,-0.08595078,-0.00056316,0.00047551,-0.04985145
actuator_loss_05,actuator_loss,2714,0.46000000,0.00000000,-0.00535367,0.00629311,0.06490056,-0.00057002,-0.00034321,0.03764233
actuator_loss_05,actuator_loss,2714,0.48000000,0.00000000,0.00174322,0.00884514,-0.07560373,-0.00056453,0.00027449,-0.04385017
actuator_loss_05,actuator_loss,2714,0.50000000,0.00000000,0.00315846,-0.00903675,-0.01166853,-0.00057335,-0.00044102,-0.00676775
actuator_loss_05,actuator_loss,2714,0.52000000,0.00000000,0.00584510,-0.00457137,-0.08235492,-0.00058407,-0.00053580,-0.04776585
actuator_loss_05,actuator_loss,2714,0.54000000,0.00000000,-0.00323188,0.00130493,0.05164921,-0.00060983,-0.00128817,0.02995654
actuator_loss_05,actuator_loss,2714,0.56000000,0.00000000,-0.00268911,0.00745242,0.01114195,-0.00062511,-0.00076372,0.00646233
actuator_loss_05,actuator_loss,2714,0.58000000,0.00000000,0.00115903,-0.00409645,-0.00038022,-0.00063781,-0.00063486,-0.00022053
actuator_loss_05,actuator_loss,2714,0.60000000,0.00000000,0.00302292,0.00097113,-0.05926831,-0.00065016,-0.00061786,-0.03437562
actuator_loss_05,actuator_loss,2714,0.62000000,0.00000000,0.00079418,-0.00654046,0.01840703,-0.00067320,-0.00115179,0.01067607
actuator_loss_05,actuator_loss,2714,0.64000000,0.00000000,-0.00224580,-0.00360819,0.05846537,-0.00069205,-0.00094246,0.03390991
actuator_loss_05,actuator_loss,2714,0.66000000,0.00000000,-0.00521588,-0.01144524,0.15111203,-0.00069936,-0.00036550,0.08764498
actuator_loss_05,actuator_loss,2714,0.68000000,0.00000000,-0.00123223,-0.00081421,0.02625114,-0.00067818,0.00105868,0.01522566
actuator_loss_05,actuator_loss,2714,0.70000000,0.00000000,0.00446577,-0.00151245,-0.07282155,-0.00065279,0.00126975,-0.04223650
actuator_loss_05,actuator_loss,2714,0.72000000,0.00000000,0.00074173,0.00890114,-0.05785683,-0.00064183,0.00054802,-0.03355696
actuator_loss_05,actuator_loss,2714,0.74000000,0.00000000,-0.00028352,0.00782848,-0.03403896,-0.00064204,-0.00001048,-0.01974260
actuator_loss_05,actuator_loss,2714,0.76000000,0.00000000,0.00201856,0.00376952,-0.05518170,-0.00064860,-0.00032828,-0.03200539
actuator_loss_05,actuator_loss,2714,0.78000000,0.00000000,-0.00399430,0.00863865,0.02870410,-0.00066527,-0.00083339,0.01664838
actuator_loss_05,actuator_loss,2714,0.80000000,0.00000000,-0.00077118,-0.00309380,0.02935020,-0.00067603,-0.00053813,0.01702312
actuator_loss_05,actuator_loss,2714,0.82000000,0.00000000,0.00250148,-0.00233398,-0.03335684,-0.00068096,-0.00024639,-0.01934697
actuator_loss_05,actuator_loss,2714,0.84000000,0.00000000,0.00201932,0.00791311,-0.07591332,-0.00069197,-0.00055018,-0.04402973
actuator_loss_05,actuator_loss,2714,0.86000000,0.00000000,-0.00238081,-0.00798427,0.08277593,-0.00071680,-0.00124187,0.04801004
actuator_loss_05,actuator_loss,2714,0.88000000,0.00000000,-0.00348628,0.00479686,0.03876884,-0.00072536,-0.00042801,0.02248593
actuator_loss_05,actuator_loss,2714,0.90000000,0.00000000,-0.00794724,0.01004370,0.09283177,-0.00072640,-0.00005180,0.05384242
actuator_loss_05,actuator_loss,2714,0.92000000,0.00000000,-0.00138933,0.00890003,-0.01949225,-0.00071005,0.00081751,-0.01130550
actuator_loss_05,actuator_loss,2714,0.94000000,0.00000000,-0.00150721,0.01015285,-0.02363444,-0.00069787,0.00060886,-0.01370798
actuator_loss_05,actuator_loss,2714,0.96000000,0.00000000,-0.00034276,0.00354905,-0.01157563,-0.00069051,0.00036825,-0.00671387
actuator_loss_05,actuator_loss,2714,0.98000000,0.00000000,0.00241511,-0.00141741,-0.03638501,-0.00068554,0.00024814,-0.02110331
actuator_loss_05,actuator_loss,2714,1.00000000,0.50000000,0.00260669,0.00245622,8.94079844,-0.00068754,-0.00009997,5.18566309
actuator_loss_05,actuator_loss,2714,1.02000000,0.50000000,0.00110309,0.08009648,8.57966188,0.00098180,0.08346708,4.97620389
actuator_loss_05,actuator_loss,2714,1.04000000,0.50000000,-0.00021025,0.16200127,8.19377821,0.00420086,0.16095292,4.75239136
actuator_loss_05,actuator_loss,2714,1.06000000,0.50000000,0.00572372,0.24169423,7.68850198,0.00884732,0.23232316,4.45933115
actuator_loss_05,actuator_loss,2714,1.08000000,0.50000000,0.01639810,0.29307329,7.23946776,0.01478052,0.29665994,4.19889130
actuator_loss_05,actuator_loss,2714,1.10000000,0.50000000,0.02412049,0.36536155,6.73902346,0.02187485,0.35471666,3.90863361
actuator_loss_05,actuator_loss,2714,1.12000000,0.50000000,0.02927603,0.40781767,6.43394315,0.02999918,0.40621617,3.73168702
actuator_loss_05,actuator_loss,2714,1.14000000,0.50000000,0.03846819,0.45039113,6.05561695,0.03906311,0.45319674,3.51225783
actuator_loss_05,actuator_loss,2714,1.16000000,0.50000000,0.05148127,0.48497796,5.64844732,0.04896551,0.49512011,3.27609944
actuator_loss_05,actuator_loss,2714,1.18000000,0.50000000,0.06343162,0.52936593,5.21140120,0.05960312,0.53188045,3.02261270
actuator_loss_05,actuator_loss,2714,1.20000000,0.50000000,0.07243542,0.55911255,4.90059961,0.07087044,0.56336570,2.84234777
actuator_loss_05,actuator_loss,2714,1.22000000,0.50000000,0.08229038,0.58903827,4.57358180,0.08268897,0.59092659,2.65267744
actuator_loss_05,actuator_loss,2714,1.24000000,0.50000000,0.09970266,0.61268885,4.14190786,0.09497974,0.61453864,2.40230656
actuator_loss_05,actuator_loss,2714,1.26000000,0.50000000,0.10782897,0.63480974,3.88502974,0.10764677,0.63335156,2.25331725
actuator_loss_05,actuator_loss,2714,1.28000000,0.50000000,0.12007729,0.65125385,3.58233960,0.12062986,0.64915444,2.07775697
actuator_loss_05,actuator_loss,2714,1.30000000,0.50000000,0.13270942,0.66440183,3.28922131,0.13386219,0.66161658,1.90774836
actuator_loss_05,actuator_loss,2714,1.32000000,0.50000000,0.15786012,0.67257344,2.79565063,0.14728090,0.67093561,1.62147737
actuator_loss_05,actuator_loss,2714,1.34000000,0.50000000,0.16549339,0.67379300,2.65215402,0.16078770,0.67533980,1.53824933
actuator_loss_05,actuator_loss,2714,1.36000000,0.50000000,0.17654717,0.68260511,2.40912538,0.17435290,0.67826021,1.39729272
actuator_loss_05,actuator_loss,2714,1.38000000,0.50000000,0.18795412,0.68278112,2.20292031,0.18792920,0.67881463,1.27769378
actuator_loss_05,actuator_loss,2714,1.40000000,0.50000000,0.20212589,0.67478838,1.98779207,0.20147767,0.67742384,1.15291940
actuator_loss_05,actuator_loss,2714,1.42000000,0.50000000,0.21356725,0.67625629,1.77450800,0.21495902,0.67406741,1.02921464
actuator_loss_05,actuator_loss,2714,1.44000000,0.50000000,0.22860254,0.67591954,1.50555667,0.22833555,0.66882624,0.87322287
actuator_loss_05,actuator_loss,2714,1.46000000,0.50000000,0.24360446,0.67057735,1.26223300,0.24156037,0.66124107,0.73209514
actuator_loss_05,actuator_loss,2714,1.48000000,0.50000000,0.25741083,0.66340908,1.04955974,0.25459291,0.65162732,0.60874465
actuator_loss_05,actuator_loss,2714,1.50000000,0.50000000,0.26434436,0.64032744,1.04016439,0.26739966,0.64033714,0.60329534
actuator_loss_05,actuator_loss,2714,1.52000000,0.50000000,0.28025129,0.62909341,0.81000972,0.27998615,0.62932472,0.46980564
actuator_loss_05,actuator_loss,2714,1.54000000,0.50000000,0.28884338,0.62480488,0.67679475,0.29231651,0.61651779,0.39254096
actuator_loss_05,actuator_loss,2714,1.56000000,0.50000000,0.30820472,0.60122833,0.44617338,0.30437412,0.60288047,0.25878056
actuator_loss_05,actuator_loss,2714,1.58000000,0.50000000,0.31160604,0.58956497,0.44326643,0.31612470,0.58752926,0.25709453
actuator_loss_05,actuator_loss,2714,1.60000000,0.50000000,0.32966402,0.58338632,0.14911603,0.32757766,0.57264795,0.08648730
actuator_loss_05,actuator_loss,2714,1.62000000,0.50000000,0.33643435,0.56181039,0.13512978,0.33868765,0.55549927,0.07837527
actuator_loss_05,actuator_loss,2714,1.64000000,0.50000000,0.34896559,0.54145989,0.01131994,0.34946315,0.53877514,0.00656557
actuator_loss_05,actuator_loss,2714,1.66000000,0.50000000,0.36585927,0.51449654,-0.15794955,0.35989186,0.52143537,-0.09161074
actuator_loss_05,actuator_loss,2714,1.68000000,0.50000000,0.36628323,0.51049493,-0.14557281,0.36995336,0.50307501,-0.08443223
actuator_loss_05,actuator_loss,2714,1.70000000,0.50000000,0.37948011,0.49032695,-0.28227667,0.37966185,0.48542484,-0.16372047
actuator_loss_05,actuator_loss,2714,1.72000000,0.50000000,0.38944586,0.47457931,-0.38292212,0.38900322,0.46706850,-0.22209483
actuator_loss_05,actuator_loss,2714,1.74000000,0.50000000,0.40018512,0.45407915,-0.47372792,0.39797054,0.44836588,-0.27476219
actuator_loss_05,actuator_loss,2714,1.76000000,0.50000000,0.40735984,0.42407207,-0.45283743,0.40655894,0.42942014,-0.26264571
actuator_loss_05,actuator_loss,2714,1.78000000,0.50000000,0.41770183,0.39930885,-0.51517723,0.41478461,0.41128312,-0.29880279
actuator_loss_05,actuator_loss,2714,1.80000000,0.50000000,0.41953437,0.39013297,-0.50228353,0.42264762,0.39315072,-0.29132444
actuator_loss_05,actuator_loss,2714,1.82000000,0.50000000,0.43309779,0.37546776,-0.67309902,0.43016214,0.37572596,-0.39039743
actuator_loss_05,actuator_loss,2714,1.84000000,0.50000000,0.44092203,0.35591986,-0.71619591,0.43730752,0.35726892,-0.41539363
actuator_loss_05,actuator_loss,2714,1.86000000,0.50000000,0.44965195,0.34194659,-0.80346795,0.44408765,0.33900671,-0.46601141
actuator_loss_05,actuator_loss,2714,1.88000000,0.50000000,0.45394492,0.32677285,-0.80487274,0.45049806,0.32052017,-0.46682619
actuator_loss_05,actuator_loss,2714,1.90000000,0.50000000,0.45416192,0.29657516,-0.65779043,0.45655044,0.30261909,-0.38151845
actuator_loss_05,actuator_loss,2714,1.92000000,0.50000000,0.46020702,0.28713297,-0.71939125,0.46228388,0.28667232,-0.41724692
actuator_loss_05,actuator_loss,2714,1.94000000,0.50000000,0.46426861,0.26988818,-0.70627594,0.46769721,0.27066618,-0.40964005
actuator_loss_05,actuator_loss,2714,1.96000000,0.50000000,0.47333505,0.24947734,-0.76741765,0.47280323,0.25530089,-0.44510223
actuator_loss_05,actuator_loss,2714,1.98000000,0.50000000,0.47927148,0.24966113,-0.87519237,0.47760046,0.23986168,-0.50761157
actuator_loss_05,actuator_loss,2714,2.00000000,0.50000000,0.47841203,0.22017020,-0.71226747,0.48207876,0.22391510,-0.41311513
actuator_loss_05,actuator_loss,2714,2.02000000,0.50000000,0.49523168,0.21066921,-0.96751623,0.48627891,0.21000761,-0.56115941
actuator_loss_05,actuator_loss,2714,2.04000000,0.50000000,0.48989091,0.19012952,-0.76868392,0.49016221,0.19416481,-0.44583668
actuator_loss_05,actuator_loss,2714,2.06000000,0.50000000,0.49508822,0.18513537,-0.83726477,0.49377608,0.18069336,-0.48561356
actuator_loss_05,actuator_loss,2714,2.08000000,0.50000000,0.50346838,0.15393794,-0.83212061,0.49711642,0.16701713,-0.48262996
actuator_loss_05,actuator_loss,2714,2.10000000,0.50000000,0.50274951,0.15648685,-0.83192535,0.50019306,0.15383182,-0.48251670
actuator_loss_05,actuator_loss,2714,2.12000000,0.50000000,0.50196896,0.14065717,-0.73872722,0.50301456,0.14107527,-0.42846179
actuator_loss_05,actuator_loss,2714,2.14000000,0.50000000,0.51427939,0.12789534,-0.89650569,0.50560662,0.12960284,-0.51997330
actuator_loss_05,actuator_loss,2714,2.16000000,0.50000000,0.50362867,0.11592272,-0.64492957,0.50794716,0.11702724,-0.37405915
actuator_loss_05,actuator_loss,2714,2.18000000,0.50000000,0.51168361,0.10387028,-0.72965640,0.51009137,0.10721016,-0.42320071
actuator_loss_05,actuator_loss,2714,2.20000000,0.50000000,0.51818725,0.10397197,-0.84723043,0.51202975,0.09691906,-0.49139365
actuator_loss_05,actuator_loss,2714,2.22000000,0.50000000,0.51039415,0.07927939,-0.58349164,0.51374699,0.08586231,-0.33842515
actuator_loss_05,actuator_loss,2714,2.24000000,0.50000000,0.51659994,0.07639218,-0.68075979,0.51529956,0.07762857,-0.39484068
actuator_loss_05,actuator_loss,2714,2.26000000,0.50000000,0.51355621,0.06106319,-0.54932784,0.51667461,0.06875233,-0.31861014
actuator_loss_05,actuator_loss,2714,2.28000000,0.50000000,0.51605820,0.06747781,-0.62643673,0.51790245,0.06139192,-0.36333331
actuator_loss_05,actuator_loss,2714,2.30000000,0.50000000,0.52031531,0.05311736,-0.63126236,0.51897343,0.05354915,-0.36613217
actuator_loss_05,actuator_loss,2714,2.32000000,0.50000000,0.51775138,0.05205663,-0.57980802,0.51989174,0.04591523,-0.33628865
actuator_loss_05,actuator_loss,2714,2.34000000,0.50000000,0.51964440,0.04929166,-0.60005759,0.52067192,0.03900940,-0.34803340
actuator_loss_05,actuator_loss,2714,2.36000000,0.50000000,0.52088926,0.03661170,-0.55906512,0.52131468,0.03213793,-0.32425777
actuator_loss_05,actuator_loss,2714,2.38000000,0.50000000,0.52317919,0.02477263,-0.54108865,0.52183213,0.02587208,-0.31383142
actuator_loss_05,actuator_loss,2714,2.40000000,0.50000000,0.52291084,0.01633572,-0.49407381,0.52223167,0.01997714,-0.28656281
actuator_loss_05,actuator_loss,2714,2.42000000,0.50000000,0.52362779,0.00572888,-0.45394470,0.52252592,0.01471249,-0.26328793
actuator_loss_05,actuator_loss,2714,2.44000000,0.50000000,0.52198503,0.00639163,-0.42768862,0.52272579,0.00999338,-0.24805940
actuator_loss_05,actuator_loss,2714,2.46000000,0.50000000,0.52709287,0.00725377,-0.52394048,0.52283923,0.00567246,-0.30388548
actuator_loss_05,actuator_loss,2714,2.48000000,0.50000000,0.52372629,-0.00486125,-0.40276698,0.52285107,0.00059186,-0.23360485
actuator_loss_05,actuator_loss,2714,2.50000000,0.50000000,0.52114554,-0.00672933,-0.34697304,0.52278724,-0.00319170,-0.20124436
actuator_loss_05,actuator_loss,2714,2.52000000,0.50000000,0.52914426,-0.00437959,-0.50269868,0.52266061,-0.00633129,-0.29156524
actuator_loss_05,actuator_loss,2714,2.54000000,0.50000000,0.51966328,-0.00656425,-0.32111776,0.52244412,-0.01082468,-0.18624830
actuator_loss_05,actuator_loss,2714,2.56000000,0.50000000,0.51782731,-0.02140795,-0.21385190,0.52217461,-0.01347545,-0.12403410
actuator_loss_05,actuator_loss,2714,2.58000000,0.50000000,0.52113654,-0.01706079,-0.29515370,0.52187385,-0.01503785,-0.17118915
actuator_loss_05,actuator_loss,2714,2.60000000,0.50000000,0.52585150,-0.01430185,-0.39381778,0.52152766,-0.01730953,-0.22841431
actuator_loss_05,actuator_loss,2714,2.62000000,0.50000000,0.51901794,-0.02823650,-0.20114038,0.52111907,-0.02042981,-0.11666142
actuator_loss_05,actuator_loss,2714,2.64000000,0.50000000,0.52111348,-0.02218418,-0.26912178,0.52068610,-0.02164822,-0.15609063
actuator_loss_05,actuator_loss,2714,2.66000000,0.50000000,0.51632096,-0.01886709,-0.19944182,0.52021685,-0.02346255,-0.11567626
actuator_loss_05,actuator_loss,2714,2.68000000,0.50000000,0.51876310,-0.02572521,-0.20910972,0.51972551,-0.02456689,-0.12128364
actuator_loss_05,actuator_loss,2714,2.70000000,0.50000000,0.51820240,-0.02782039,-0.18854116,0.51921100,-0.02572582,-0.10935387
actuator_loss_05,actuator_loss,2714,2.72000000,0.50000000,0.51843461,-0.02079187,-0.22786371,0.51867790,-0.02665499,-0.13216095
actuator_loss_05,actuator_loss,2714,2.74000000,0.50000000,0.51632586,-0.03224083,-0.13266141,0.51811946,-0.02792159,-0.07694362
actuator_loss_05,actuator_loss,2714,2.76000000,0.50000000,0.52047545,-0.02597114,-0.23870246,0.51755432,-0.02825739,-0.13844743
actuator_loss_05,actuator_loss,2714,2.78000000,0.50000000,0.51752457,-0.02930247,-0.16892988,0.51696285,-0.02957341,-0.09797933
actuator_loss_05,actuator_loss,2714,2.80000000,0.50000000,0.51406679,-0.03434655,-0.08146953,0.51635895,-0.03019470,-0.04725233
actuator_loss_05,actuator_loss,2714,2.82000000,0.50000000,0.51816460,-0.02138449,-0.22004035,0.51575939,-0.02997844,-0.12762340
actuator_loss_05,actuator_loss,2714,2.84000000,0.50000000,0.51162333,-0.03963602,-0.01103974,0.51513810,-0.03106431,-0.00640305
actuator_loss_05,actuator_loss,2714,2.86000000,0.50000000,0.51298431,-0.02750278,-0.09620369,0.51453487,-0.03016162,-0.05579814
actuator_loss_05,actuator_loss,2714,2.88000000,0.50000000,0.51451915,-0.03025653,-0.11006213,0.51393318,-0.03008414,-0.06383604
actuator_loss_05,actuator_loss,2714,2.90000000,0.50000000,0.51119747,-0.03235398,-0.03978455,0.51333041,-0.03013869,-0.02307504
actuator_loss_05,actuator_loss,2714,2.92000000,0.50000000,0.51307309,-0.02798875,-0.09537189,0.51273972,-0.02953464,-0.05531569
actuator_loss_05,actuator_loss,2714,2.94000000,0.50000000,0.50496152,-0.03584670,0.08992617,0.51215032,-0.02946969,0.05215718
actuator_loss_05,actuator_loss,2714,2.96000000,0.50000000,0.50874201,-0.02710786,-0.02181686,0.51159682,-0.02767498,-0.01265378
actuator_loss_05,actuator_loss,2714,2.98000000,0.50000000,0.51110123,-0.02511029,-0.07427075,0.51105717,-0.02698277,-0.04307703
actuator_loss_05,actuator_loss,2714,3.00000000,-0.30000000,0.50533588,-0.02523023,-12.00000000,0.51052110,-0.02680322,-6.96000000
actuator_loss_05,actuator_loss,2714,3.02000000,-0.30000000,0.51259163,-0.13278250,-12.00000000,0.50775927,-0.13809151,-6.96000000
actuator_loss_05,actuator_loss,2714,3.04000000,-0.30000000,0.50415537,-0.23501508,-12.00000000,0.50284375,-0.24577627,-6.96000000
actuator_loss_05,actuator_loss,2714,3.06000000,-0.30000000,0.49640052,-0.35211396,-12.00000000,0.49584426,-0.34997420,-6.96000000
actuator_loss_05,actuator_loss,2714,3.08000000,-0.30000000,0.48282538,-0.45437950,-11.81895926,0.48682830,-0.45079819,-6.85499637
actuator_loss_05,actuator_loss,2714,3.10000000,-0.30000000,0.47210471,-0.54898618,-11.15295388,0.47589499,-0.54666543,-6.46871325
actuator_loss_05,actuator_loss,2714,3.12000000,-0.30000000,0.46678857,-0.63023207,-10.65103384,0.46323092,-0.63320376,-6.17759963
actuator_loss_05,actuator_loss,2714,3.14000000,-0.30000000,0.45194653,-0.71397127,-9.96518115,0.44898594,-0.71224885,-5.77980507
actuator_loss_05,actuator_loss,2714,3.16000000,-0.30000000,0.44257322,-0.77967095,-9.46796314,0.43333946,-0.78232425,-5.49141862
actuator_loss_05,actuator_loss,2714,3.18000000,-0.30000000,0.41353768,-0.84515890,-8.61788373,0.41642979,-0.84548342,-4.99837256
actuator_loss_05,actuator_loss,2714,3.20000000,-0.30000000,0.39876112,-0.90572604,-8.04907002,0.39845674,-0.89865236,-4.66846061
actuator_loss_05,actuator_loss,2714,3.22000000,-0.30000000,0.38208368,-0.95451979,-7.50490737,0.37956107,-0.94478336,-4.35284628
actuator_loss_05,actuator_loss,2714,3.24000000,-0.30000000,0.35552741,-0.97605047,-6.91924106,0.35987438,-0.98433470,-4.01315982
actuator_loss_05,actuator_loss,2714,3.26000000,-0.30000000,0.34455398,-1.01341598,-6.53489164,0.33953175,-1.01713152,-3.79023715
actuator_loss_05,actuator_loss,2714,3.28000000,-0.30000000,0.31605587,-1.04448001,-5.86660565,0.31862627,-1.04527412,-3.40263127
actuator_loss_05,actuator_loss,2714,3.30000000,-0.30000000,0.29520062,-1.05586942,-5.43426408,0.29730108,-1.06625942,-3.15187317
actuator_loss_05,actuator_loss,2714,3.32000000,-0.30000000,0.27171842,-1.08807364,-4.85056331,0.27565059,-1.08252441,-2.81332672
actuator_loss_05,actuator_loss,2714,3.34000000,-0.30000000,0.24687945,-1.09552175,-4.36622127,0.25379444,-1.09280726,-2.53240834
actuator_loss_05,actuator_loss,2714,3.36000000,-0.30000000,0.23178299,-1.09641321,-4.09002772,0.23182984,-1.09823033,-2.37221608
actuator_loss_05,actuator_loss,2714,3.38000000,-0.30000000,0.20114681,-1.10355785,-3.50285342,0.20981191,-1.10089639,-2.03165498
actuator_loss_05,actuator_loss,2714,3.40000000,-0.30000000,0.19014601,-1.10435660,-3.30084509,0.18785215,-1.09798819,-1.91449015
actuator_loss_05,actuator_loss,2714,3.42000000,-0.30000000,0.16400101,-1.09803501,-2.86184317,0.16598642,-1.09328612,-1.65986904
actuator_loss_05,actuator_loss,2714,3.44000000,-0.30000000,0.13903228,-1.08587107,-2.47322579,0.14429376,-1.08463324,-1.43447096
actuator_loss_05,actuator_loss,2714,3.46000000,-0.30000000,0.12291160,-1.06982564,-2.26328066,0.12284119,-1.07262838,-1.31270278
actuator_loss_05,actuator_loss,2714,3.48000000,-0.30000000,0.10172509,-1.06329410,-1.91458114,0.10166019,-1.05905002,-1.11045706
actuator_loss_05,actuator_loss,2714,3.50000000,-0.30000000,0.07886770,-1.04705393,-1.58434905,0.08080714,-1.04265227,-0.91892245
actuator_loss_05,actuator_loss,2714,3.52000000,-0.30000000,0.06939864,-1.01893055,-1.55452272,0.06033316,-1.02369901,-0.90162318
actuator_loss_05,actuator_loss,2714,3.54000000,-0.30000000,0.04119235,-1.00344616,-1.12423149,0.04023155,-1.00508069,-0.65205426
actuator_loss_05,actuator_loss,2714,3.56000000,-0.30000000,0.02188110,-0.98465613,-0.87057911,0.02057068,-0.98304358,-0.50493589
actuator_loss_05,actuator_loss,2714,3.58000000,-0.30000000,0.00625592,-0.96361385,-0.69453723,0.00138369,-0.95934931,-0.40283159
actuator_loss_05,actuator_loss,2714,3.60000000,-0.30000000,-0.01360058,-0.93462228,-0.48207814,-0.01731185,-0.93477691,-0.27960532
actuator_loss_05,actuator_loss,2714,3.62000000,-0.30000000,-0.03981011,-0.89974634,-0.18468637,-0.03549213,-0.90901445,-0.10711809
actuator_loss_05,actuator_loss,2714,3.64000000,-0.30000000,-0.05232966,-0.89039915,-0.00607028,-0.05311827,-0.88130666,-0.00352076
actuator_loss_05,actuator_loss,2714,3.66000000,-0.30000000,-0.07002421,-0.86225963,0.17173396,-0.07017480,-0.85282664,0.09960570
actuator_loss_05,actuator_loss,2714,3.68000000,-0.30000000,-0.08786015,-0.82236606,0.29331301,-0.08664694,-0.82360698,0.17012155
actuator_loss_05,actuator_loss,2714,3.70000000,-0.30000000,-0.09990078,-0.78848071,0.34061768,-0.10253088,-0.79419713,0.19755825
actuator_loss_05,actuator_loss,2714,3.72000000,-0.30000000,-0.11710361,-0.76405920,0.52816099,-0.11783683,-0.76529746,0.30633337
actuator_loss_05,actuator_loss,2714,3.74000000,-0.30000000,-0.12968394,-0.73645402,0.61658102,-0.13254845,-0.73558071,0.35761699
actuator_loss_05,actuator_loss,2714,3.76000000,-0.30000000,-0.15066535,-0.70759779,0.84996515,-0.14666844,-0.70599978,0.49297979
actuator_loss_05,actuator_loss,2714,3.78000000,-0.30000000,-0.15796413,-0.68090460,0.84787740,-0.16017235,-0.67519540,0.49176889
actuator_loss_05,actuator_loss,2714,3.80000000,-0.30000000,-0.17611997,-0.63907269,0.96552292,-0.17308051,-0.64540798,0.56000329
actuator_loss_05,actuator_loss,2714,3.82000000,-0.30000000,-0.18404291,-0.61294657,0.97750526,-0.18539022,-0.61548552,0.56695305
actuator_loss_05,actuator_loss,2714,3.84000000,-0.30000000,-0.19796815,-0.58123277,1.06959054,-0.19711862,-0.58641996,0.62036251
actuator_loss_05,actuator_loss,2714,3.86000000,-0.30000000,-0.20588111,-0.56303030,1.12101143,-0.20826732,-0.55743488,0.65018663
actuator_loss_05,actuator_loss,2714,3.88000000,-0.30000000,-0.21775729,-0.53021056,1.17068405,-0.21884547,-0.52890775,0.67899675
actuator_loss_05,actuator_loss,2714,3.90000000,-0.30000000,-0.22835162,-0.50296793,1.22516881,-0.22886227,-0.50084007,0.71059791
actuator_loss_05,actuator_loss,2714,3.92000000,-0.30000000,-0.23685592,-0.47918802,1.25934675,-0.23832571,-0.47317198,0.73042111
actuator_loss_05,actuator_loss,2714,3.94000000,-0.30000000,-0.24310746,-0.44733645,1.21261654,-0.24724732,-0.44608036,0.70331759
actuator_loss_05,actuator_loss,2714,3.96000000,-0.30000000,-0.25355733,-0.42362225,1.28214314,-0.25565337,-0.42030271,0.74364302
actuator_loss_05,actuator_loss,2714,3.98000000,-0.30000000,-0.26489131,-0.39113986,1.32374279,-0.26354757,-0.39470993,0.76777082
actuator_loss_05,actuator_loss,2714,4.00000000,-0.30000000,-0.26650586,-0.36561633,1.22518717,-0.27093871,-0.36955704,0.71060856
actuator_loss_05,actuator_loss,2714,4.02000000,-0.30000000,-0.27820720,-0.33944130,1.30493618,-0.27786151,-0.34613974,0.75686298
actuator_loss_05,actuator_loss,2714,4.04000000,-0.30000000,-0.28031668,-0.31830263,1.23721331,-0.28431621,-0.32273533,0.71758372
actuator_loss_05,actuator_loss,2714,4.06000000,-0.30000000,-0.29121358,-0.29711277,1.32740821,-0.29033065,-0.30072171,0.76989676
actuator_loss_05,actuator_loss,2714,4.08000000,-0.30000000,-0.29507341,-0.28062093,1.31442610,-0.29590221,-0.27857791,0.76236714
actuator_loss_05,actuator_loss,2714,4.10000000,-0.30000000,-0.29663340,-0.24268879,1.15284521,-0.30104766,-0.25727246,0.66865022
actuator_loss_05,actuator_loss,2714,4.12000000,-0.30000000,-0.30722643,-0.23422000,1.30117573,-0.30581100,-0.23816707,0.75468192
actuator_loss_05,actuator_loss,2714,4.14000000,-0.30000000,-0.30837142,-0.21434713,1.22242127,-0.31017688,-0.21829397,0.70900434
actuator_loss_05,actuator_loss,2714,4.16000000,-0.30000000,-0.31295648,-0.20218664,1.24414980,-0.31417289,-0.19980042,0.72160688
actuator_loss_05,actuator_loss,2714,4.18000000,-0.30000000,-0.31681122,-0.18358779,1.22054093,-0.31780694,-0.18170261,0.70791374
actuator_loss_05,actuator_loss,2714,4.20000000,-0.30000000,-0.31440156,-0.16262992,1.07237775,-0.32109517,-0.16441147,0.62197910
actuator_loss_05,actuator_loss,2714,4.22000000,-0.30000000,-0.32443288,-0.14850508,1.18231721,-0.32407647,-0.14906501,0.68574398
actuator_loss_05,actuator_loss,2714,4.24000000,-0.30000000,-0.32981855,-0.13865304,1.22999917,-0.32674023,-0.13318792,0.71339952
actuator_loss_05,actuator_loss,2714,4.26000000,-0.30000000,-0.33134159,-0.10882435,1.10827044,-0.32908781,-0.11737929,0.64279686
actuator_loss_05,actuator_loss,2714,4.28000000,-0.30000000,-0.32929521,-0.10520748,1.05335113,-0.33115222,-0.10322026,0.61094365
actuator_loss_05,actuator_loss,2714,4.30000000,-0.30000000,-0.33515803,-0.09780118,1.12185043,-0.33295288,-0.09003300,0.65067325
actuator_loss_05,actuator_loss,2714,4.32000000,-0.30000000,-0.33298272,-0.08004528,0.99391542,-0.33448553,-0.07663252,0.57647094
actuator_loss_05,actuator_loss,2714,4.34000000,-0.30000000,-0.33211980,-0.05846435,0.87047812,-0.33578276,-0.06486168,0.50487731
actuator_loss_05,actuator_loss,2714,4.36000000,-0.30000000,-0.33492396,-0.06033248,0.93029377,-0.33687527,-0.05462566,0.53957039
actuator_loss_05,actuator_loss,2714,4.38000000,-0.30000000,-0.34264253,-0.03344715,0.93480129,-0.33775851,-0.04416203,0.54218475
actuator_loss_05,actuator_loss,2714,4.40000000,-0.30000000,-0.34341801,-0.03363316,0.94968991,-0.33843842,-0.03399508,0.55082015
actuator_loss_05,actuator_loss,2714,4.42000000,-0.30000000,-0.34081237,-0.01864107,0.82782808,-0.33891878,-0.02401819,0.48014029
actuator_loss_05,actuator_loss,2714,4.44000000,-0.30000000,-0.33934651,-0.01346514,0.77556286,-0.33922885,-0.01550331,0.44982646
actuator_loss_05,actuator_loss,2714,4.46000000,-0.30000000,-0.34384702,-0.00562071,0.81734986,-0.33938390,-0.00775263,0.47406292
actuator_loss_05,actuator_loss,2714,4.48000000,-0.30000000,-0.33886630,-0.00885512,0.74386903,-0.33938115,0.00013764,0.43144404
actuator_loss_05,actuator_loss,2714,4.50000000,-0.30000000,-0.34124135,0.00650694,0.70980962,-0.33923943,0.00708564,0.41168958
actuator_loss_05,actuator_loss,2714,4.52000000,-0.30000000,-0.33429434,0.01139851,0.56030550,-0.33896963,0.01349033,0.32497719
actuator_loss_05,actuator_loss,2714,4.54000000,-0.30000000,-0.33628268,0.01441670,0.58100468,-0.33860382,0.01829033,0.33698272
actuator_loss_05,actuator_loss,2714,4.56000000,-0.30000000,-0.34197664,0.01163024,0.69742842,-0.33814125,0.02312836,0.40450848
actuator_loss_05,actuator_loss,2714,4.58000000,-0.30000000,-0.33663765,0.01571807,0.58088733,-0.33756330,0.02889787,0.33691465
actuator_loss_05,actuator_loss,2714,4.60000000,-0.30000000,-0.33476722,0.03294490,0.46108544,-0.33689547,0.03339133,0.26742955
actuator_loss_05,actuator_loss,2714,4.62000000,-0.30000000,-0.33685463,0.03514481,0.48765931,-0.33616308,0.03661958,0.28284240
actuator_loss_05,actuator_loss,2714,4.64000000,-0.30000000,-0.33346238,0.03970909,0.40377742,-0.33536324,0.03999167,0.23419090
actuator_loss_05,actuator_loss,2714,4.66000000,-0.30000000,-0.34181613,0.04551558,0.52511248,-0.33451383,0.04247058,0.30456524
actuator_loss_05,actuator_loss,2714,4.68000000,-0.30000000,-0.33721706,0.04447531,0.44753045,-0.33359377,0.04600327,0.25956766
actuator_loss_05,actuator_loss,2714,4.70000000,-0.30000000,-0.33196453,0.04785209,0.33610106,-0.33261984,0.04869645,0.19493862
actuator_loss_05,actuator_loss,2714,4.72000000,-0.30000000,-0.33148130,0.05250322,0.30414738,-0.33161462,0.05026098,0.17640548
actuator_loss_05,actuator_loss,2714,4.74000000,-0.30000000,-0.32341937,0.05203928,0.16135230,-0.33058509,0.05147619,0.09358433
actuator_loss_05,actuator_loss,2714,4.76000000,-0.30000000,-0.32516973,0.04445616,0.23077426,-0.32955875,0.05131744,0.13384907
actuator_loss_05,actuator_loss,2714,4.78000000,-0.30000000,-0.33084716,0.05898586,0.26031954,-0.32852249,0.05181268,0.15098534
actuator_loss_05,actuator_loss,2714,4.80000000,-0.30000000,-0.32619561,0.05205336,0.21125415,-0.32747113,0.05256802,0.12252741
actuator_loss_05,actuator_loss,2714,4.82000000,-0.30000000,-0.32738242,0.05648129,0.21047705,-0.32641433,0.05284032,0.12207669
actuator_loss_05,actuator_loss,2714,4.84000000,-0.30000000,-0.32169234,0.05459252,0.11749946,-0.32535239,0.05309654,0.06814969
actuator_loss_05,actuator_loss,2714,4.86000000,-0.30000000,-0.31812883,0.05962770,0.02818037,-0.32430289,0.05247546,0.01634462
actuator_loss_05,actuator_loss,2714,4.88000000,-0.30000000,-0.32018638,0.04965184,0.11509558,-0.32328209,0.05103968,0.06675544
actuator_loss_05,actuator_loss,2714,4.90000000,-0.30000000,-0.31665053,0.04066006,0.09640928,-0.32227284,0.05046274,0.05591738
actuator_loss_05,actuator_loss,2714,4.92000000,-0.30000000,-0.32071135,0.04376834,0.15396254,-0.32127824,0.04972983,0.08929827
actuator_loss_05,actuator_loss,2714,4.94000000,-0.30000000,-0.32240002,0.05051343,0.15063324,-0.32028707,0.04955856,0.08736728
actuator_loss_05,actuator_loss,2714,4.96000000,-0.30000000,-0.32064044,0.04619295,0.14056317,-0.31929983,0.04936172,0.08152664
actuator_loss_05,actuator_loss,2714,4.98000000,-0.30000000,-0.31766187,0.04141194,0.11085401,-0.31831829,0.04907714,0.06429532
actuator_loss_05,actuator_loss,2714,5.00000000,0.80000000,-0.31927076,0.05118247,12.00000000,-0.31734781,0.04852410,6.96000000
actuator_loss_05,actuator_loss,2714,5.02000000,0.80000000,-0.31404545,0.15972668,12.00000000,-0.31416563,0.15910906,6.96000000
actuator_loss_05,actuator_loss,2714,5.04000000,0.80000000,-0.30732898,0.26598559,12.00000000,-0.30884336,0.26611328,6.96000000
actuator_loss_05,actuator_loss,2714,5.06000000,0.80000000,-0.30050064,0.38110215,12.00000000,-0.30145031,0.36965269,6.96000000
actuator_loss_05,actuator_loss,2714,5.08000000,0.80000000,-0.29656526,0.47166703,12.00000000,-0.29205352,0.46983949,6.96000000
actuator_loss_05,actuator_loss,2714,5.10000000,0.80000000,-0.27852909,0.56106222,12.00000000,-0.28071787,0.56678224,6.96000000
actuator_loss_05,actuator_loss,2714,5.12000000,0.80000000,-0.26797946,0.65680481,12.00000000,-0.26750616,0.66058597,6.96000000
actuator_loss_05,actuator_loss,2714,5.14000000,0.80000000,-0.25443126,0.74706744,12.00000000,-0.25247911,0.75135234,6.96000000
actuator_loss_05,actuator_loss,2714,5.16000000,0.80000000,-0.24033041,0.84948855,12.00000000,-0.23569551,0.83917969,6.96000000
actuator_loss_05,actuator_loss,2714,5.18000000,0.80000000,-0.22012211,0.91866255,12.00000000,-0.21721225,0.92416318,6.96000000
actuator_loss_05,actuator_loss,2714,5.20000000,0.80000000,-0.19952293,0.99974973,12.00000000,-0.19708435,1.00639490,6.96000000
actuator_loss_05,actuator_loss,2714,5.22000000,0.80000000,-0.17391009,1.09085525,12.00000000,-0.17536507,1.08596395,6.96000000
actuator_loss_05,actuator_loss,2714,5.24000000,0.80000000,-0.15010200,1.16308899,11.28639115,-0.15210594,1.16295655,6.54610686
actuator_loss_05,actuator_loss,2714,5.26000000,0.80000000,-0.12258346,1.22406522,10.48617622,-0.12749021,1.23078650,6.08198221
actuator_loss_05,actuator_loss,2714,5.28000000,0.80000000,-0.09887748,1.28984624,9.73056341,-0.10171139,1.28894101,5.64372678
actuator_loss_05,actuator_loss,2714,5.30000000,0.80000000,-0.07364866,1.33703940,9.04047890,-0.07494839,1.33815026,5.24347776
actuator_loss_05,actuator_loss,2714,5.32000000,0.80000000,-0.05062142,1.37712275,8.42557176,-0.04736206,1.37931635,4.88683162
actuator_loss_05,actuator_loss,2714,5.34000000,0.80000000,-0.02092683,1.41449307,7.70421762,-0.01909401,1.41340233,4.46844622
actuator_loss_05,actuator_loss,2714,5.36000000,0.80000000,0.00468050,1.43924114,7.11954536,0.00969884,1.43964259,4.12933631
actuator_loss_05,actuator_loss,2714,5.38000000,0.80000000,0.03725239,1.46792171,6.38984837,0.03889021,1.45956863,3.70611206
actuator_loss_05,actuator_loss,2714,5.40000000,0.80000000,0.07512399,1.47557297,5.66990335,0.06833080,1.47202946,3.28854394
actuator_loss_05,actuator_loss,2714,5.42000000,0.80000000,0.09569981,1.48054026,5.27470214,0.09787796,1.47735796,3.05932724
actuator_loss_05,actuator_loss,2714,5.44000000,0.80000000,0.12806932,1.46872480,4.75112821,0.12745436,1.47882023,2.75565436
actuator_loss_05,actuator_loss,2714,5.46000000,0.80000000,0.15813531,1.48006584,4.15323514,0.15696120,1.47534165,2.40887638
actuator_loss_05,actuator_loss,2714,5.48000000,0.80000000,0.18760236,1.46679559,3.68917957,0.18628895,1.46638758,2.13972415
actuator_loss_05,actuator_loss,2714,5.50000000,0.80000000,0.21496004,1.45460172,3.25771070,0.21535667,1.45338623,1.88947221
actuator_loss_05,actuator_loss,2714,5.52000000,0.80000000,0.24484591,1.43815016,2.80202284,0.24409214,1.43677320,1.62517325
actuator_loss_05,actuator_loss,2714,5.54000000,0.80000000,0.27092523,1.41952709,2.42571037,0.27242092,1.41643909,1.40691201
actuator_loss_05,actuator_loss,2714,5.56000000,0.80000000,0.30004137,1.39138690,2.04232082,0.30028584,1.39324624,1.18454608
actuator_loss_05,actuator_loss,2714,5.58000000,0.80000000,0.32753933,1.36698374,1.66937333,0.32763026,1.36722109,0.96823653
actuator_loss_05,actuator_loss,2714,5.60000000,0.80000000,0.35229604,1.33536526,1.38184505,0.35440132,1.33855294,0.80147013
actuator_loss_05,actuator_loss,2714,5.62000000,0.80000000,0.37983872,1.31007767,1.01251472,0.38056384,1.30812573,0.58725853
actuator_loss_05,actuator_loss,2714,5.64000000,0.80000000,0.40622429,1.27574286,0.70924843,0.40606848,1.27523186,0.41136409
actuator_loss_05,actuator_loss,2714,5.66000000,0.80000000,0.42459078,1.24966855,0.50902327,0.43087985,1.24056867,0.29523349
actuator_loss_05,actuator_loss,2714,5.68000000,0.80000000,0.45290972,1.19860611,0.25459454,0.45498298,1.20515649,0.14766483
actuator_loss_05,actuator_loss,2714,5.70000000,0.80000000,0.47645425,1.16379679,0.00483949,0.47835324,1.16851299,0.00280690
actuator_loss_05,actuator_loss,2714,5.72000000,0.80000000,0.50413804,1.13171429,-0.33305626,0.50096767,1.13072171,-0.19317263
actuator_loss_05,actuator_loss,2714,5.74000000,0.80000000,0.52085866,1.09292627,-0.44008731,0.52278759,1.09099602,-0.25525064
actuator_loss_05,actuator_loss,2714,5.76000000,0.80000000,0.54740458,1.05422551,-0.72440997,0.54381872,1.05155630,-0.42015778
actuator_loss_05,actuator_loss,2714,5.78000000,0.80000000,0.56685556,1.00403773,-0.82358869,0.56403344,1.01073626,-0.47768144
actuator_loss_05,actuator_loss,2714,5.80000000,0.80000000,0.58542014,0.96870128,-0.98106891,0.58343966,0.97031102,-0.56901997
actuator_loss_05,actuator_loss,2714,5.82000000,0.80000000,0.59945250,0.92560328,-1.01816131,0.60203412,0.92972288,-0.59053356
actuator_loss_05,actuator_loss,2714,5.84000000,0.80000000,0.62110537,0.88998242,-1.22980879,0.61983617,0.89010231,-0.71328910
actuator_loss_05,actuator_loss,2714,5.86000000,0.80000000,0.63698111,0.85597425,-1.34553131,0.63683190,0.84978653,-0.78040816
actuator_loss_05,actuator_loss,2714,5.88000000,0.80000000,0.65873541,0.82817047,-1.59808966,0.65302579,0.80969459,-0.92689200
actuator_loss_05,actuator_loss,2714,5.90000000,0.80000000,0.66107071,0.75240967,-1.26132113,0.66839660,0.76854033,-0.73156626
actuator_loss_05,actuator_loss,2714,5.92000000,0.80000000,0.68213385,0.72515425,-1.50418064,0.68303392,0.73186621,-0.87242477
actuator_loss_05,actuator_loss,2714,5.94000000,0.80000000,0.69805132,0.69217602,-1.62580384,0.69691612,0.69410975,-0.94296623
actuator_loss_05,actuator_loss,2714,5.96000000,0.80000000,0.70571668,0.65373492,-1.57157486,0.71004490,0.65643911,-0.91151342
actuator_loss_05,actuator_loss,2714,5.98000000,0.80000000,0.72165949,0.61405682,-1.66015499,0.72245480,0.62049509,-0.96288990
actuator_loss_05,actuator_loss,2714,6.00000000,0.80000000,0.73469263,0.58289453,-1.73894004,0.73415254,0.58488704,-1.00858522
actuator_loss_05,actuator_loss,2714,6.02000000,0.80000000,0.74483007,0.55401379,-1.77701023,0.74514645,0.54969562,-1.03066593
actuator_loss_05,actuator_loss,2714,6.04000000,0.80000000,0.75800028,0.51963347,-1.84217239,0.75545221,0.51528789,-1.06845999
actuator_loss_05,actuator_loss,2714,6.06000000,0.80000000,0.76590644,0.48307260,-1.80167896,0.76507992,0.48138526,-1.04497380
actuator_loss_05,actuator_loss,2714,6.08000000,0.80000000,0.76803167,0.44741686,-1.66165436,0.77405909,0.44895886,-0.96375953
actuator_loss_05,actuator_loss,2714,6.10000000,0.80000000,0.77528016,0.40779784,-1.59403216,0.78243692,0.41889115,-0.92453865
actuator_loss_05,actuator_loss,2714,6.12000000,0.80000000,0.79409083,0.39324362,-1.85985312,0.79024550,0.39042905,-1.07871481
actuator_loss_05,actuator_loss,2714,6.14000000,0.80000000,0.80021331,0.35565745,-1.78212690,0.79745358,0.36040410,-1.03363360
actuator_loss_05,actuator_loss,2714,6.16000000,0.80000000,0.80579038,0.34148206,-1.81163711,0.80409514,0.33207782,-1.05074952
actuator_loss_05,actuator_loss,2714,6.18000000,0.80000000,0.81259545,0.30854895,-1.76946286,0.81018299,0.30439293,-1.02628846
actuator_loss_05,actuator_loss,2714,6.20000000,0.80000000,0.81701297,0.28075633,-1.71001501,0.81574297,0.27799865,-0.99180871
actuator_loss_05,actuator_loss,2714,6.22000000,0.80000000,0.81965642,0.26862212,-1.69692622,0.82080326,0.25301465,-0.98421721
actuator_loss_05,actuator_loss,2714,6.24000000,0.80000000,0.82771650,0.23230483,-1.66042109,0.82538250,0.22896196,-0.96304423
actuator_loss_05,actuator_loss,2714,6.26000000,0.80000000,0.82782870,0.20999127,-1.55087287,0.82950309,0.20602928,-0.89950627
actuator_loss_05,actuator_loss,2714,6.28000000,0.80000000,0.83034545,0.19797442,-1.53609018,0.83320035,0.18486304,-0.89093230
actuator_loss_05,actuator_loss,2714,6.30000000,0.80000000,0.83413432,0.16198148,-1.42432514,0.83649075,0.16452034,-0.82610858
actuator_loss_05,actuator_loss,2714,6.32000000,0.80000000,0.83374401,0.13681161,-1.29145016,0.83940837,0.14588092,-0.74904109
actuator_loss_05,actuator_loss,2714,6.34000000,0.80000000,0.83985008,0.12599448,-1.34727380,0.84199011,0.12908694,-0.78141880
actuator_loss_05,actuator_loss,2714,6.36000000,0.80000000,0.84461549,0.10801224,-1.34314003,0.84423641,0.11231501,-0.77902122
actuator_loss_05,actuator_loss,2714,6.38000000,0.80000000,0.84509031,0.09548940,-1.28907249,0.84615891,0.09612479,-0.74766204
actuator_loss_05,actuator_loss,2714,6.40000000,0.80000000,0.84612700,0.07779172,-1.21924468,0.84777819,0.08096415,-0.70716192
actuator_loss_05,actuator_loss,2714,6.42000000,0.80000000,0.84732549,0.06366706,-1.17019418,0.84911713,0.06694704,-0.67871262
actuator_loss_05,actuator_loss,2714,6.44000000,0.80000000,0.84833021,0.04651961,-1.10254177,0.85019398,0.05384225,-0.63947423
actuator_loss_05,actuator_loss,2714,6.46000000,0.80000000,0.84610918,0.04177196,-1.03882496,0.85102986,0.04179409,-0.60251847
actuator_loss_05,actuator_loss,2714,6.48000000,0.80000000,0.85201737,0.02365677,-1.05459645,0.85164449,0.03073158,-0.61166594
actuator_loss_05,actuator_loss,2714,6.50000000,0.80000000,0.84818529,0.02040338,-0.96935221,0.85204209,0.01987986,-0.56222428
actuator_loss_05,actuator_loss,2714,6.52000000,0.80000000,0.84769166,0.00103242,-0.86361205,0.85224561,0.01017625,-0.50089499
actuator_loss_05,actuator_loss,2714,6.54000000,0.80000000,0.84622429,0.01107376,-0.88740599,0.85228111,0.00177512,-0.51469547
actuator_loss_05,actuator_loss,2714,6.56000000,0.80000000,0.85274370,-0.00729394,-0.91291692,0.85214959,-0.00657636,-0.52949181
actuator_loss_05,actuator_loss,2714,6.58000000,0.80000000,0.85451703,-0.01542649,-0.90417414,0.85185167,-0.01489586,-0.52442100
actuator_loss_05,actuator_loss,2714,6.60000000,0.80000000,0.84885715,-0.01960854,-0.78138603,0.85139438,-0.02286425,-0.45320390
actuator_loss_05,actuator_loss,2714,6.62000000,0.80000000,0.85333517,-0.02579207,-0.83107270,0.85080584,-0.02942701,-0.48202217
actuator_loss_05,actuator_loss,2714,6.64000000,0.80000000,0.84865509,-0.03550196,-0.69828180,0.85008101,-0.03624166,-0.40500344
actuator_loss_05,actuator_loss,2714,6.66000000,0.80000000,0.84538269,-0.03241133,-0.65483175,0.84924912,-0.04159454,-0.37980241
actuator_loss_05,actuator_loss,2714,6.68000000,0.80000000,0.84765291,-0.04544457,-0.63052955,0.84832176,-0.04636799,-0.36570714
actuator_loss_05,actuator_loss,2714,6.70000000,0.80000000,0.85712024,-0.04671015,-0.79461347,0.84730656,-0.05075974,-0.46087581
actuator_loss_05,actuator_loss,2714,6.72000000,0.80000000,0.84711552,-0.06935126,-0.50132311,0.84617571,-0.05654287,-0.29076741
actuator_loss_05,actuator_loss,2714,6.74000000,0.80000000,0.84018333,-0.05355284,-0.45553568,0.84498776,-0.05939755,-0.26421070
actuator_loss_05,actuator_loss,2714,6.76000000,0.80000000,0.84871521,-0.06296811,-0.56203330,0.84375312,-0.06173185,-0.32597932
actuator_loss_05,actuator_loss,2714,6.78000000,0.80000000,0.84336688,-0.06850936,-0.43805704,0.84245340,-0.06498593,-0.25407308
actuator_loss_05,actuator_loss,2714,6.80000000,0.80000000,0.83605947,-0.05887835,-0.35467879,0.84111388,-0.06697591,-0.20571370
actuator_loss_05,actuator_loss,2714,6.82000000,0.80000000,0.83975677,-0.06296896,-0.40077702,0.83975144,-0.06812218,-0.23245067
actuator_loss_05,actuator_loss,2714,6.84000000,0.80000000,0.83868140,-0.07333771,-0.32957669,0.83835820,-0.06966218,-0.19115448
actuator_loss_05,actuator_loss,2714,6.86000000,0.80000000,0.84351816,-0.06156530,-0.47550037,0.83694846,-0.07048686,-0.27579022
actuator_loss_05,actuator_loss,2714,6.88000000,0.80000000,0.83834535,-0.06940219,-0.34320524,0.83549548,-0.07264868,-0.19905904
actuator_loss_05,actuator_loss,2714,6.90000000,0.80000000,0.83243535,-0.07253029,-0.22118479,0.83402540,-0.07350403,-0.12828718
actuator_loss_05,actuator_loss,2714,6.92000000,0.80000000,0.83181006,-0.08078300,-0.16866597,0.83256158,-0.07319123,-0.09782626
actuator_loss_05,actuator_loss,2714,6.94000000,0.80000000,0.82900275,-0.06994453,-0.17232690,0.83111363,-0.07239771,-0.09994960
actuator_loss_05,actuator_loss,2714,6.96000000,0.80000000,0.82503359,-0.07450829,-0.07806306,0.82968034,-0.07166409,-0.04527658
actuator_loss_05,actuator_loss,2714,6.98000000,0.80000000,0.82669331,-0.07195242,-0.12071749,0.82827888,-0.07007321,-0.07001614
actuator_loss_05,actuator_loss,2714,7.00000000,0.80000000,0.82494984,-0.06895938,-0.10430030,0.82690023,-0.06893250,-0.06049418
actuator_loss_05,actuator_loss,2714,7.02000000,0.80000000,0.82633028,-0.07275582,-0.11016589,0.82554672,-0.06767529,-0.06389622
actuator_loss_05,actuator_loss,2714,7.04000000,0.80000000,0.82324320,-0.07065502,-0.06510257,0.82421645,-0.06651361,-0.03775949
actuator_loss_05,actuator_loss,2714,7.06000000,0.80000000,0.82193832,-0.07507896,-0.01949506,0.82291708,-0.06496837,-0.01130714
actuator_loss_05,actuator_loss,2714,7.08000000,0.80000000,0.82548509,-0.06172940,-0.15008463,0.82165615,-0.06304690,-0.08704908
actuator_loss_05,actuator_loss,2714,7.10000000,0.80000000,0.81958362,-0.05993278,-0.05284119,0.82040798,-0.06240818,-0.03064789
actuator_loss_05,actuator_loss,2714,7.12000000,0.80000000,0.81926818,-0.05849754,-0.05433962,0.81919036,-0.06088127,-0.03151698
actuator_loss_05,actuator_loss,2714,7.14000000,0.80000000,0.81999650,-0.06306698,-0.04460216,0.81800200,-0.05941781,-0.02586925
actuator_loss_05,actuator_loss,2714,7.16000000,0.80000000,0.81923777,-0.06154504,-0.03855466,0.81684379,-0.05791072,-0.02236170
actuator_loss_05,actuator_loss,2714,7.18000000,0.80000000,0.81448027,-0.05023410,-0.00947446,0.81571587,-0.05639592,-0.00549518
actuator_loss_05,actuator_loss,2714,7.20000000,0.80000000,0.81302735,-0.06247249,0.07787011,0.81462270,-0.05465836,0.04516466
actuator_loss_05,actuator_loss,2714,7.22000000,0.80000000,0.81648627,-0.04997447,-0.04688052,0.81357949,-0.05216072,-0.02719070
actuator_loss_05,actuator_loss,2714,7.24000000,0.80000000,0.81464264,-0.04644651,-0.03133503,0.81256129,-0.05090992,-0.01817432
actuator_loss_05,actuator_loss,2714,7.26000000,0.80000000,0.80914095,-0.04073106,0.03911819,0.81157020,-0.04955432,0.02268855
actuator_loss_05,actuator_loss,2714,7.28000000,0.80000000,0.81261949,-0.04367650,-0.00876824,0.81061852,-0.04758414,-0.00508558
actuator_loss_05,actuator_loss,2714,7.30000000,0.80000000,0.81473719,-0.03375488,-0.09649497,0.80969601,-0.04612531,-0.05596708
actuator_loss_05,actuator_loss,2714,7.32000000,0.80000000,0.80817282,-0.05977876,0.15178300,0.80878534,-0.04553365,0.08803414
actuator_loss_05,actuator_loss,2714,7.34000000,0.80000000,0.80547480,-0.03642311,0.08356917,0.80793253,-0.04264065,0.04847012
actuator_loss_05,actuator_loss,2714,7.36000000,0.80000000,0.80977530,-0.04713648,0.05972710,0.80712295,-0.04047887,0.03464172
actuator_loss_05,actuator_loss,2714,7.38000000,0.80000000,0.80942371,-0.03452733,0.00300994,0.80635075,-0.03860994,0.00174576
actuator_loss_05,actuator_loss,2714,7.40000000,0.80000000,0.80415220,-0.04099377,0.13022932,0.80560412,-0.03733161,0.07553301
actuator_loss_05,actuator_loss,2714,7.42000000,0.80000000,0.80646983,-0.03801769,0.07363153,0.80490601,-0.03490564,0.04270629
actuator_loss_05,actuator_loss,2714,7.44000000,0.80000000,0.80350987,-0.03688332,0.12123888,0.80424426,-0.03308721,0.07031855
actuator_loss_05,actuator_loss,2714,7.46000000,0.80000000,0.80016609,-0.03021777,0.14809929,0.80362661,-0.03088270,0.08589759
actuator_loss_05,actuator_loss,2714,7.48000000,0.80000000,0.80769401,-0.03595703,0.04129302,0.80305664,-0.02849853,0.02394995
actuator_loss_05,actuator_loss,2714,7.50000000,0.80000000,0.80303014,-0.02061718,0.04854342,0.80251284,-0.02718981,0.02815518
actuator_loss_05,actuator_loss,2714,7.52000000,0.80000000,0.80243539,-0.03159317,0.11412881,0.80199573,-0.02585570,0.06619471
actuator_loss_05,actuator_loss,2714,7.54000000,0.80000000,0.80352229,-0.03282643,0.10073090,0.80151669,-0.02395180,0.05842392
actuator_loss_05,actuator_loss,2714,7.56000000,0.80000000,0.80012981,-0.01182912,0.05680899,0.80107199,-0.02223478,0.03294921
actuator_loss_05,actuator_loss,2714,7.58000000,0.80000000,0.80125870,-0.01696424,0.06216466,0.80065232,-0.02098386,0.03605550
actuator_loss_05,actuator_loss,2714,7.60000000,0.80000000,0.80293663,-0.02527310,0.07350606,0.80025785,-0.01972338,0.04263351
actuator_loss_05,actuator_loss,2714,7.62000000,0.80000000,0.79689225,-0.02036869,0.15778305,0.79988990,-0.01839773,0.09151417
actuator_loss_05,actuator_loss,2714,7.64000000,0.80000000,0.79849670,-0.01960754,0.12509709,0.79956335,-0.01632731,0.07255631
actuator_loss_05,actuator_loss,2714,7.66000000,0.80000000,0.79870671,-0.02456985,0.14612837,0.79927076,-0.01462943,0.08475446
actuator_loss_05,actuator_loss,2714,7.68000000,0.80000000,0.79696507,-0.02010249,0.15514127,0.79901496,-0.01278996,0.08998193
actuator_loss_05,actuator_loss,2714,7.70000000,0.80000000,0.80037318,-0.00611962,0.02388087,0.79879644,-0.01092582,0.01385090
actuator_loss_05,actuator_loss,2714,7.72000000,0.80000000,0.80095111,-0.01335930,0.04967652,0.79858947,-0.01034884,0.02881238
actuator_loss_05,actuator_loss,2714,7.74000000,0.80000000,0.80056410,-0.01377471,0.05871981,0.79839848,-0.00954945,0.03405749
actuator_loss_05,actuator_loss,2714,7.76000000,0.80000000,0.80250726,-0.00243301,-0.03296560,0.79822465,-0.00869142,-0.01912005
actuator_loss_05,actuator_loss,2714,7.78000000,0.80000000,0.79709460,-0.00722523,0.08842344,0.79805029,-0.00871810,0.05128560
actuator_loss_05,actuator_loss,2714,7.80000000,0.80000000,0.79374666,-0.01329227,0.17902153,0.79789810,-0.00760938,0.10383248
actuator_loss_05,actuator_loss,2714,7.82000000,0.80000000,0.79298819,-0.00054287,0.12892690,0.79778430,-0.00568979,0.07477760
actuator_loss_05,actuator_loss,2714,7.84000000,0.80000000,0.79507595,-0.00307449,0.10400536,0.79769829,-0.00430055,0.06032311
actuator_loss_05,actuator_loss,2714,7.86000000,0.80000000,0.79252264,0.00536300,0.10777741,0.79763451,-0.00318923,0.06251090
actuator_loss_05,actuator_loss,2714,7.88000000,0.80000000,0.79719146,-0.00275900,0.06434879,0.79759294,-0.00207864,0.03732230
actuator_loss_05,actuator_loss,2714,7.90000000,0.80000000,0.79719519,-0.00319967,0.06648490,0.79756474,-0.00140991,0.03856124
actuator_loss_05,actuator_loss,2714,7.92000000,0.80000000,0.79417995,-0.00014930,0.10550741,0.79754988,-0.00074286,0.06119430
actuator_loss_05,actuator_loss,2714,7.94000000,0.80000000,0.80293032,-0.00689712,-0.01826010,0.79755523,0.00026730,-0.01059086
actuator_loss_05,actuator_loss,2714,7.96000000,0.80000000,0.80026450,0.00068057,-0.00816393,0.79755699,0.00008798,-0.00473508
actuator_loss_05,actuator_loss,2714,7.98000000,0.80000000,0.79904229,0.00175411,-0.00816393,0.79755716,0.00000883,-0.00473508
actuator_loss_06,actuator_loss,2715,0.00000000,0.00000000,0.00062582,0.00506276,-0.03657849,0.00000000,0.00000000,-0.02121553
actuator_loss_06,actuator_loss,2715,0.02000000,0.00000000,0.00232083,0.00168546,-0.05020218,-0.00000701,-0.00035048,-0.02911727
actuator_loss_06,actuator_loss,2715,0.04000000,0.00000000,0.00299795,-0.00826045,-0.01266095,-0.00002341,-0.00082001,-0.00734335
actuator_loss_06,actuator_loss,2715,0.06000000,0.00000000,0.00223448,0.00498622,-0.06515181,-0.00004170,-0.00091441,-0.03778805
actuator_loss_06,actuator_loss,2715,0.08000000,0.00000000,0.00061019,-0.01138252,0.04592923,-0.00007187,-0.00150868,0.02663896
actuator_loss_06,actuator_loss,2715,0.10000000,0.00000000,-0.00301908,-0.00063673,0.05752701,-0.00009225,-0.00101910,0.03336567
actuator_loss_06,actuator_loss,2715,0.12000000,0.00000000,0.00317329,0.00449412,-0.07958979,-0.00010094,-0.00043446,-0.04616208
actuator_loss_06,actuator_loss,2715,0.14000000,0.00000000,-0.00348073,-0.00639092,0.09460774,-0.00012460,-0.00118281,0.05487249
actuator_loss_06,actuator_loss,2715,0.16000000,0.00000000,0.00391289,-0.00527787,-0.04404273,-0.00012935,-0.00023750,-0.02554479
actuator_loss_06,actuator_loss,2715,0.18000000,0.00000000,0.00305677,0.00164743,-0.06325906,-0.00014238,-0.00065171,-0.03669026
actuator_loss_06,actuator_loss,2715,0.20000000,0.00000000,0.00198421,-0.00246304,-0.02340066,-0.00016711,-0.00123645,-0.01357238
actuator_loss_06,actuator_loss,2715,0.22000000,0.00000000,0.00063293,-0.00533850,0.01529973,-0.00019551,-0.00142010,0.00887384
actuator_loss_06,actuator_loss,2715,0.24000000,0.00000000,-0.00051983,-0.00280301,0.02337200,-0.00022005,-0.00122691,0.01355576
actuator_loss_06,actuator_loss,2715,0.26000000,0.00000000,0.00433452,0.00261415,-0.09109218,-0.00023931,-0.00096272,-0.05283346
actuator_loss_06,actuator_loss,2715,0.28000000,0.00000000,-0.00166540,-0.00616878,0.06082105,-0.00027539,-0.00180395,0.03527621
actuator_loss_06,actuator_loss,2715,0.30000000,0.00000000,-0.00630079,-0.00091600,0.11799425,-0.00029863,-0.00116199,0.06843666
actuator_loss_06,actuator_loss,2715,0.32000000,0.00000000,-0.00062682,0.00084216,0.00707189,-0.00029849,0.00000672,0.00410169
actuator_loss_06,actuator_loss,2715,0.34000000,0.00000000,0.00159561,0.00952561,-0.07634908,-0.00029701,0.00007426,-0.04428246
actuator_loss_06,actuator_loss,2715,0.36000000,0.00000000,0.00163485,0.01421187,-0.10048658,-0.00031020,-0.00065973,-0.05828221
actuator_loss_06,actuator_loss,2715,0.38000000,0.00000000,0.00211403,-0.00251126,-0.02549620,-0.00034222,-0.00160092,-0.01478780
actuator_loss_06,actuator_loss,2715,0.40000000,0.00000000,0.00103788,-0.00086375,-0.01436309,-0.00037807,-0.00179269,-0.00833059
actuator_loss_06,actuator_loss,2715,0.42000000,0.00000000,0.00039612,0.00057301,-0.00999516,-0.00041550,-0.00187149,-0.00579719
actuator_loss_06,actuator_loss,2715,0.44000000,0.00000000,-0.00374185,-0.00565980,0.09565229,-0.00045362,-0.00190586,0.05547833
actuator_loss_06,actuator_loss,2715,0.46000000,0.00000000,-0.00388404,0.01107155,0.01455503,-0.00047216,-0.00092682,0.00844192
actuator_loss_06,actuator_loss,2715,0.48000000,0.00000000,-0.00470982,0.00833973,0.04307818,-0.00048730,-0.00075695,0.02498534
actuator_loss_06,actuator_loss,2715,0.50000000,0.00000000,-0.00091219,0.00364308,-0.00179598,-0.00049368,-0.00031935,-0.00104167
actuator_loss_06,actuator_loss,2715,0.52000000,0.00000000,-0.00134793,0.00648850,-0.00817973,-0.00050020,-0.00032608,-0.00474424
actuator_loss_06,actuator_loss,2715,0.54000000,0.00000000,0.00142771,0.00252604,-0.03832901,-0.00050808,-0.00039376,-0.02223083
actuator_loss_06,actuator_loss,2715,0.56000000,0.00000000,0.00253901,-0.00427254,-0.02433956,-0.00052304,-0.00074810,-0.01411695
actuator_loss_06,actuator_loss,2715,0.58000000,0.00000000,0.00573525,-0.00405223,-0.08297343,-0.00054218,-0.00095677,-0.04812459
actuator_loss_06,actuator_loss,2715,0.60000000,0.00000000,-0.00422573,-0.00563545,0.10424034,-0.00057658,-0.00172040,0.06045939
actuator_loss_06,actuator_loss,2715,0.62000000,0.00000000,-0.00881864,-0.00442975,0.18088429,-0.00058989,-0.00066516,0.10491289
actuator_loss_06,actuator_loss,2715,0.64000000,0.00000000,-0.00106723,0.00161649,0.01112774,-0.00056809,0.00108984,0.00645409
actuator_loss_06,actuator_loss,2715,0.66000000,0.00000000,-0.00707587,0.00580321,0.09834953,-0.00054488,0.00116071,0.05704273
actuator_loss_06,actuator_loss,2715,0.68000000,0.00000000,-0.00120828,0.00080478,0.01772519,-0.00050358,0.00206498,0.01028061
actuator_loss_06,actuator_loss,2715,0.70000000,0.00000000,-0.00167696,-0.00828404,0.07160554,-0.00046024,0.00216706,0.04153121
actuator_loss_06,actuator_loss,2715,0.72000000,0.00000000,-0.00096862,0.01511677,-0.05814864,-0.00040459,0.00278206,-0.03372621
actuator_loss_06,actuator_loss,2715,0.74000000,0.00000000,-0.00443804,0.00541828,0.05279333,-0.00036192,0.00213362,0.03062013
actuator_loss_06,actuator_loss,2715,0.76000000,0.00000000,0.00029653,0.00008370,-0.00575607,-0.00031053,0.00256947,-0.00333852
actuator_loss_06,actuator_loss,2715,0.78000000,0.00000000,0.00009289,0.00661817,-0.03476290,-0.00026193,0.00243001,-0.02016248
actuator_loss_06,actuator_loss,2715,0.80000000,0.00000000,0.00222725,0.00494292,-0.06480500,-0.00022159,0.00201720,-0.03758690
actuator_loss_06,actuator_loss,2715,0.82000000,0.00000000,0.00218805,-0.00240443,-0.02736274,-0.00019499,0.00133007,-0.01587039
actuator_loss_06,actuator_loss,2715,0.84000000,0.00000000,-0.00311973,0.00279394,0.04218541,-0.00017450,0.00102425,0.02446754
actuator_loss_06,actuator_loss,2715,0.86000000,0.00000000,0.00494990,0.00103145,-0.09425537,-0.00014660,0.00139486,-0.05466811
actuator_loss_06,actuator_loss,2715,0.88000000,0.00000000,-0.00875294,-0.01285269,0.22181646,-0.00013769,0.00044597,0.12865354
actuator_loss_06,actuator_loss,2715,0.90000000,0.00000000,0.00215186,0.00739001,-0.07568361,-0.00008655,0.00255671,-0.04389650
actuator_loss_06,actuator_loss,2715,0.92000000,0.00000000,0.00695560,0.00758310,-0.16311624,-0.00005160,0.00174765,-0.09460742
actuator_loss_06,actuator_loss,2715,0.94000000,0.00000000,-0.00077084,-0.00407245,0.03423734,-0.00004905,0.00012738,0.01985766
actuator_loss_06,actuator_loss,2715,0.96000000,0.00000000,-0.00083233,-0.00419578,0.03596088,-0.00004003,0.00045125,0.02085731
actuator_loss_06,actuator_loss,2715,0.98000000,0.00000000,0.00075710,-0.00106565,-0.00829948,-0.00002441,0.00078101,-0.00481370
actuator_loss_06,actuator_loss,2715,1.00000000,0.50000000,0.00502794,0.01036593,8.85766750,-0.00001089,0.00067586,5.13744715
actuator_loss_06,actuator_loss,2715,1.02000000,0.50000000,0.00054137,0.08394798,8.57051538,0.00169961,0.08552502,4.97089892
actuator_loss_06,actuator_loss,2715,1.04000000,0.50000000,0.00461425,0.16491678,8.09235950,0.00499639,0.16483891,4.69356851
actuator_loss_06,actuator_loss,2715,1.06000000,0.50000000,0.01111011,0.25236829,7.53817664,0.00973577,0.23696899,4.37214245
actuator_loss_06,actuator_loss,2715,1.08000000,0.50000000,0.01633833,0.30361381,7.18784106,0.01576422,0.30142251,4.16894781
actuator_loss_06,actuator_loss,2715,1.10000000,0.50000000,0.02111977,0.36025090,6.81858960,0.02297231,0.36040452,3.95478197
actuator_loss_06,actuator_loss,2715,1.12000000,0.50000000,0.03750437,0.41172523,6.26629517,0.03125058,0.41391330,3.63445120
actuator_loss_06,actuator_loss,2715,1.14000000,0.50000000,0.03930293,0.46182743,5.98341015,0.04045807,0.46037457,3.47037789
actuator_loss_06,actuator_loss,2715,1.16000000,0.50000000,0.05213381,0.49866505,5.56826613,0.05051009,0.50260094,3.22959435
actuator_loss_06,actuator_loss,2715,1.18000000,0.50000000,0.06271884,0.53187089,5.21170647,0.06129937,0.53946410,3.02278975
actuator_loss_06,actuator_loss,2715,1.20000000,0.50000000,0.06997418,0.57944047,4.84326240,0.07273340,0.57170136,2.80909219
actuator_loss_06,actuator_loss,2715,1.22000000,0.50000000,0.08879184,0.60143795,4.39455704,0.08472041,0.59935060,2.54884308
actuator_loss_06,actuator_loss,2715,1.24000000,0.50000000,0.09627978,0.61945636,4.16968212,0.09715628,0.62179334,2.41841563
actuator_loss_06,actuator_loss,2715,1.26000000,0.50000000,0.11376607,0.63632197,3.77060084,0.10998318,0.64134505,2.18694849
actuator_loss_06,actuator_loss,2715,1.28000000,0.50000000,0.12817017,0.65553428,3.41526547,0.12311180,0.65643141,1.98085398
actuator_loss_06,actuator_loss,2715,1.30000000,0.50000000,0.13642230,0.67211947,3.18380124,0.13646417,0.66761808,1.84660472
actuator_loss_06,actuator_loss,2715,1.32000000,0.50000000,0.15586370,0.68233066,2.78280008,0.14998856,0.67621990,1.61402405
actuator_loss_06,actuator_loss,2715,1.34000000,0.50000000,0.16211478,0.68403375,2.66176516,0.16360251,0.68069724,1.54382380
actuator_loss_06,actuator_loss,2715,1.36000000,0.50000000,0.17614555,0.67594480,2.44965606,0.17727987,0.68386795,1.42080052
actuator_loss_06,actuator_loss,2715,1.38000000,0.50000000,0.19068559,0.67642494,2.18553464,0.19097791,0.68490228,1.26761009
actuator_loss_06,actuator_loss,2715,1.40000000,0.50000000,0.21003043,0.67504462,1.84422914,0.20464535,0.68337194,1.06965290
actuator_loss_06,actuator_loss,2715,1.42000000,0.50000000,0.21249435,0.68004768,1.77486321,0.21821778,0.67862153,1.02942066
actuator_loss_06,actuator_loss,2715,1.44000000,0.50000000,0.22984306,0.68144749,1.45558739,0.23168503,0.67336234,0.84424069
actuator_loss_06,actuator_loss,2715,1.46000000,0.50000000,0.24257775,0.66736196,1.29679068,0.24498936,0.66521651,0.75213859
actuator_loss_06,actuator_loss,2715,1.48000000,0.50000000,0.25575287,0.65444381,1.12422937,0.25810569,0.65581640,0.65205304
actuator_loss_06,actuator_loss,2715,1.50000000,0.50000000,0.27598285,0.64410401,0.81178871,0.27100711,0.64507127,0.47083745
actuator_loss_06,actuator_loss,2715,1.52000000,0.50000000,0.28256772,0.63105948,0.75848362,0.28364081,0.63168498,0.43992050
actuator_loss_06,actuator_loss,2715,1.54000000,0.50000000,0.29527187,0.61269330,0.62163985,0.29600536,0.61822714,0.36055111
actuator_loss_06,actuator_loss,2715,1.56000000,0.50000000,0.30798354,0.60594498,0.42657139,0.30808335,0.60389966,0.24741141
actuator_loss_06,actuator_loss,2715,1.58000000,0.50000000,0.32098953,0.58613972,0.29148988,0.31984681,0.58817317,0.16906413
actuator_loss_06,actuator_loss,2715,1.60000000,0.50000000,0.33278785,0.57545311,0.13255323,0.33128018,0.57166835,0.07688087
actuator_loss_06,actuator_loss,2715,1.62000000,0.50000000,0.34488051,0.56143015,-0.01499987,0.34236382,0.55418217,-0.00869992
actuator_loss_06,actuator_loss,2715,1.64000000,0.50000000,0.35102484,0.53460030,0.00855130,0.35308094,0.53585591,0.00495975
actuator_loss_06,actuator_loss,2715,1.66000000,0.50000000,0.36637242,0.52606755,-0.22504125,0.36344807,0.51835658,-0.13052392
actuator_loss_06,actuator_loss,2715,1.68000000,0.50000000,0.37876436,0.50493400,-0.34242851,0.37343194,0.49919319,-0.19860854
actuator_loss_06,actuator_loss,2715,1.70000000,0.50000000,0.38204123,0.48065060,-0.27999520,0.38302261,0.47953377,-0.16239722
actuator_loss_06,actuator_loss,2715,1.72000000,0.50000000,0.39460219,0.46392323,-0.42245547,0.39224496,0.46111760,-0.24502417
actuator_loss_06,actuator_loss,2715,1.74000000,0.50000000,0.40032858,0.44544487,-0.43313877,0.40108378,0.44194064,-0.25122048
actuator_loss_06,actuator_loss,2715,1.76000000,0.50000000,0.40896412,0.42970485,-0.50987843,0.40954959,0.42329051,-0.29572949
actuator_loss_06,actuator_loss,2715,1.78000000,0.50000000,0.41024281,0.41665174,-0.46762925,0.41763993,0.40451699,-0.27122496
actuator_loss_06,actuator_loss,2715,1.80000000,0.50000000,0.42169681,0.39336943,-0.55738969,0.42537521,0.38676424,-0.32328602
actuator_loss_06,actuator_loss,2715,1.82000000,0.50000000,0.43284393,0.36857079,-0.63404465,0.43274989,0.36873389,-0.36774590
actuator_loss_06,actuator_loss,2715,1.84000000,0.50000000,0.44613065,0.34382872,-0.74949522,0.43976110,0.35056064,-0.43470723
actuator_loss_06,actuator_loss,2715,1.86000000,0.50000000,0.44682484,0.33233968,-0.70454552,0.44639865,0.33187743,-0.40863640
actuator_loss_06,actuator_loss,2715,1.88000000,0.50000000,0.45153961,0.31372088,-0.69631739,0.45268341,0.31423790,-0.40386409
actuator_loss_06,actuator_loss,2715,1.90000000,0.50000000,0.45878740,0.29464939,-0.73142013,0.45862853,0.29725597,-0.42422368
actuator_loss_06,actuator_loss,2715,1.92000000,0.50000000,0.46795316,0.28606025,-0.85345814,0.46423842,0.28049486,-0.49500572
actuator_loss_06,actuator_loss,2715,1.94000000,0.50000000,0.46838062,0.26464321,-0.75406720,0.46950071,0.26311435,-0.43735897
actuator_loss_06,actuator_loss,2715,1.96000000,0.50000000,0.47307128,0.25782459,-0.80440596,0.47444584,0.24725642,-0.46655546
actuator_loss_06,actuator_loss,2715,1.98000000,0.50000000,0.48219372,0.23437199,-0.85134693,0.47907457,0.23143645,-0.49378122
actuator_loss_06,actuator_loss,2715,2.00000000,0.50000000,0.48458963,0.21652961,-0.80526137,0.48338828,0.21568576,-0.46705159
actuator_loss_06,actuator_loss,2715,2.02000000,0.50000000,0.47882532,0.19736036,-0.60565756,0.48740615,0.20089342,-0.35128138
actuator_loss_06,actuator_loss,2715,2.04000000,0.50000000,0.48674424,0.18608021,-0.69179745,0.49117613,0.18849895,-0.40124252
actuator_loss_06,actuator_loss,2715,2.06000000,0.50000000,0.49563674,0.18288787,-0.83590073,0.49468985,0.17568578,-0.48482242
actuator_loss_06,actuator_loss,2715,2.08000000,0.50000000,0.50180754,0.15683033,-0.81668736,0.49792809,0.16191225,-0.47367867
actuator_loss_06,actuator_loss,2715,2.10000000,0.50000000,0.49756774,0.13889933,-0.65071605,0.50090359,0.14877472,-0.37741531
actuator_loss_06,actuator_loss,2715,2.12000000,0.50000000,0.49985953,0.14325384,-0.71374076,0.50365676,0.13765852,-0.41396964
actuator_loss_06,actuator_loss,2715,2.14000000,0.50000000,0.50993482,0.12411976,-0.79942563,0.50618282,0.12630315,-0.46366687
actuator_loss_06,actuator_loss,2715,2.16000000,0.50000000,0.50519168,0.11905433,-0.68872190,0.50847281,0.11449934,-0.39945870
actuator_loss_06,actuator_loss,2715,2.18000000,0.50000000,0.51020228,0.10878101,-0.72754619,0.51055568,0.10414354,-0.42197679
actuator_loss_06,actuator_loss,2715,2.20000000,0.50000000,0.51243574,0.09253744,-0.68653062,0.51243079,0.09375551,-0.39818776
actuator_loss_06,actuator_loss,2715,2.22000000,0.50000000,0.51180965,0.08908015,-0.65797441,0.51411281,0.08410130,-0.38162516
actuator_loss_06,actuator_loss,2715,2.24000000,0.50000000,0.51446082,0.09228252,-0.72170725,0.51561356,0.07503747,-0.41859020
actuator_loss_06,actuator_loss,2715,2.26000000,0.50000000,0.51094771,0.06707441,-0.53243086,0.51692677,0.06566034,-0.30880990
actuator_loss_06,actuator_loss,2715,2.28000000,0.50000000,0.51463158,0.06573447,-0.59204075,0.51809486,0.05840447,-0.34338364
actuator_loss_06,actuator_loss,2715,2.30000000,0.50000000,0.52154493,0.04819954,-0.62880648,0.51911117,0.05081549,-0.36470776
actuator_loss_06,actuator_loss,2715,2.32000000,0.50000000,0.51868676,0.04145861,-0.54365470,0.51997363,0.04312323,-0.31531973
actuator_loss_06,actuator_loss,2715,2.34000000,0.50000000,0.52191614,0.03490595,-0.56902035,0.52070362,0.03649924,-0.33003180
actuator_loss_06,actuator_loss,2715,2.36000000,0.50000000,0.52519449,0.02511697,-0.57908571,0.52130061,0.02984954,-0.33586971
actuator_loss_06,actuator_loss,2715,2.38000000,0.50000000,0.52382678,0.02933552,-0.57555973,0.52176704,0.02332157,-0.33382464
actuator_loss_06,actuator_loss,2715,2.40000000,0.50000000,0.52051700,0.02272327,-0.48292234,0.52210787,0.01704157,-0.28009496
actuator_loss_06,actuator_loss,2715,2.42000000,0.50000000,0.52203970,0.00115082,-0.40246863,0.52234498,0.01185524,-0.23343181
actuator_loss_06,actuator_loss,2715,2.44000000,0.50000000,0.52100522,0.01219594,-0.43907359,0.52249718,0.00760994,-0.25466268
actuator_loss_06,actuator_loss,2715,2.46000000,0.50000000,0.52396751,0.00860206,-0.47442554,0.52256024,0.00315320,-0.27516681
actuator_loss_06,actuator_loss,2715,2.48000000,0.50000000,0.52207714,0.00136956,-0.40423630,0.52253032,-0.00149605,-0.23445705
actuator_loss_06,actuator_loss,2715,2.50000000,0.50000000,0.52196805,0.00341858,-0.41251778,0.52242391,-0.00532023,-0.23926031
actuator_loss_06,actuator_loss,2715,2.52000000,0.50000000,0.52608934,-0.02238351,-0.35769053,0.52224195,-0.00909828,-0.20746051
actuator_loss_06,actuator_loss,2715,2.54000000,0.50000000,0.51512866,-0.01258640,-0.20938397,0.52199741,-0.01222705,-0.12144271
actuator_loss_06,actuator_loss,2715,2.56000000,0.50000000,0.52076377,-0.01374861,-0.30500474,0.52172076,-0.01383213,-0.17690275
actuator_loss_06,actuator_loss,2715,2.58000000,0.50000000,0.52304774,-0.01682893,-0.33071472,0.52139475,-0.01630076,-0.19181454
actuator_loss_06,actuator_loss,2715,2.60000000,0.50000000,0.52392301,-0.02104099,-0.32540926,0.52101605,-0.01893474,-0.18873737
actuator_loss_06,actuator_loss,2715,2.62000000,0.50000000,0.52178697,-0.01788431,-0.30274398,0.52058743,-0.02143147,-0.17559151
actuator_loss_06,actuator_loss,2715,2.64000000,0.50000000,0.52075918,-0.01719656,-0.28768244,0.52011484,-0.02362910,-0.16685582
actuator_loss_06,actuator_loss,2715,2.66000000,0.50000000,0.51817618,-0.02080059,-0.22316825,0.51960264,-0.02561032,-0.12943758
actuator_loss_06,actuator_loss,2715,2.68000000,0.50000000,0.52227093,-0.02825775,-0.25958794,0.51906447,-0.02690838,-0.15056100
actuator_loss_06,actuator_loss,2715,2.70000000,0.50000000,0.51989635,-0.02275584,-0.24435505,0.51849421,-0.02851281,-0.14172593
actuator_loss_06,actuator_loss,2715,2.72000000,0.50000000,0.52047398,-0.02885204,-0.22427146,0.51789584,-0.02991865,-0.13007745
actuator_loss_06,actuator_loss,2715,2.74000000,0.50000000,0.51744604,-0.03867932,-0.12063213,0.51727412,-0.03108592,-0.06996663
actuator_loss_06,actuator_loss,2715,2.76000000,0.50000000,0.51670499,-0.03237435,-0.13881798,0.51664968,-0.03122186,-0.08051443
actuator_loss_06,actuator_loss,2715,2.78000000,0.50000000,0.52163083,-0.02400763,-0.26931671,0.51601913,-0.03152759,-0.15620369
actuator_loss_06,actuator_loss,2715,2.80000000,0.50000000,0.51555380,-0.03267471,-0.11659479,0.51535766,-0.03307369,-0.06762498
actuator_loss_06,actuator_loss,2715,2.82000000,0.50000000,0.51151958,-0.03918699,-0.01141749,0.51469554,-0.03310573,-0.00662214
actuator_loss_06,actuator_loss,2715,2.84000000,0.50000000,0.50984947,-0.03401061,-0.00723741,0.51405297,-0.03212894,-0.00419770
actuator_loss_06,actuator_loss,2715,2.86000000,0.50000000,0.51114735,-0.03331561,-0.03407426,0.51343008,-0.03114414,-0.01976307
actuator_loss_06,actuator_loss,2715,2.88000000,0.50000000,0.51047426,-0.04153096,0.01911807,0.51282111,-0.03044880,0.01108848
actuator_loss_06,actuator_loss,2715,2.90000000,0.50000000,0.51370517,-0.02626664,-0.11535988,0.51223577,-0.02926660,-0.06690873
actuator_loss_06,actuator_loss,2715,2.92000000,0.50000000,0.50907270,-0.02153092,-0.05565392,0.51164754,-0.02941172,-0.03227927
actuator_loss_06,actuator_loss,2715,2.94000000,0.50000000,0.50665100,-0.03355776,0.04807081,0.51106794,-0.02897998,0.02788107
actuator_loss_06,actuator_loss,2715,2.96000000,0.50000000,0.51352536,-0.02771672,-0.10487298,0.51051657,-0.02756856,-0.06082633
actuator_loss_06,actuator_loss,2715,2.98000000,0.50000000,0.50773980,-0.03680733,0.04472026,0.50996319,-0.02766890,0.02593775
actuator_loss_06,actuator_loss,2715,3.00000000,-0.30000000,0.50975213,-0.02373194,-12.00000000,0.50943654,-0.02633260,-6.96000000
actuator_loss_06,actuator_loss,2715,3.02000000,-0.30000000,0.50919758,-0.14521278,-12.00000000,0.50662756,-0.14044879,-6.96000000
actuator_loss_06,actuator_loss,2715,3.04000000,-0.30000000,0.50099824,-0.25050747,-12.00000000,0.50161115,-0.25082087,-6.96000000
actuator_loss_06,actuator_loss,2715,3.06000000,-0.30000000,0.49847749,-0.35316679,-12.00000000,0.49445971,-0.35757167,-6.96000000
actuator_loss_06,actuator_loss,2715,3.08000000,-0.30000000,0.48405818,-0.45655645,-11.83026492,0.48524331,-0.46082001,-6.86155365
actuator_loss_06,actuator_loss,2715,3.10000000,-0.30000000,0.47316382,-0.56317129,-11.10109237,0.47406222,-0.55905446,-6.43863357
actuator_loss_06,actuator_loss,2715,3.12000000,-0.30000000,0.46581050,-0.64970775,-10.53605032,0.46112064,-0.64707917,-6.11090919
actuator_loss_06,actuator_loss,2715,3.14000000,-0.30000000,0.44614898,-0.74122228,-9.72457033,0.44658460,-0.72680176,-5.64025079
actuator_loss_06,actuator_loss,2715,3.16000000,-0.30000000,0.42520886,-0.80333488,-9.03708512,0.43066194,-0.79613334,-5.24150937
actuator_loss_06,actuator_loss,2715,3.18000000,-0.30000000,0.41128533,-0.85834874,-8.51139217,0.41352988,-0.85660291,-4.93660746
actuator_loss_06,actuator_loss,2715,3.20000000,-0.30000000,0.39453720,-0.90718148,-7.96576214,0.39532885,-0.91005147,-4.62014204
actuator_loss_06,actuator_loss,2715,3.22000000,-0.30000000,0.37232015,-0.95769637,-7.31328087,0.37619848,-0.95651835,-4.24170291
actuator_loss_06,actuator_loss,2715,3.24000000,-0.30000000,0.35670126,-0.99790579,-6.83109366,0.35629431,-0.99520880,-3.96203433
actuator_loss_06,actuator_loss,2715,3.26000000,-0.30000000,0.33613624,-1.02354226,-6.33274098,0.33573411,-1.02800966,-3.67298977
actuator_loss_06,actuator_loss,2715,3.28000000,-0.30000000,0.31656886,-1.05657062,-5.81538647,0.31463493,-1.05495928,-3.37292415
actuator_loss_06,actuator_loss,2715,3.30000000,-0.30000000,0.29435202,-1.08516924,-5.27249016,0.29311358,-1.07606756,-3.05804429
actuator_loss_06,actuator_loss,2715,3.32000000,-0.30000000,0.26629098,-1.09106507,-4.73791231,0.27128795,-1.09128143,-2.74798914
actuator_loss_06,actuator_loss,2715,3.34000000,-0.30000000,0.24945649,-1.09745728,-4.40293041,0.24927047,-1.10087399,-2.55369964
actuator_loss_06,actuator_loss,2715,3.36000000,-0.30000000,0.22892313,-1.10092359,-4.01599840,0.22713163,-1.10694213,-2.32927907
actuator_loss_06,actuator_loss,2715,3.38000000,-0.30000000,0.20737627,-1.10297331,-3.61790627,0.20494955,-1.10910371,-2.09838563
actuator_loss_06,actuator_loss,2715,3.40000000,-0.30000000,0.18476473,-1.10063371,-3.22259654,0.18280195,-1.10737998,-1.86910599
actuator_loss_06,actuator_loss,2715,3.42000000,-0.30000000,0.15570307,-1.09678309,-2.71873977,0.16076345,-1.10192508,-1.57686907
actuator_loss_06,actuator_loss,2715,3.44000000,-0.30000000,0.13674586,-1.09173453,-2.40275283,0.13892702,-1.09182136,-1.39359664
actuator_loss_06,actuator_loss,2715,3.46000000,-0.30000000,0.11694759,-1.08190831,-2.09551504,0.11734659,-1.07902145,-1.21539872
actuator_loss_06,actuator_loss,2715,3.48000000,-0.30000000,0.09741281,-1.06054441,-1.85070851,0.09607264,-1.06369764,-1.07341094
actuator_loss_06,actuator_loss,2715,3.50000000,-0.30000000,0.06945146,-1.05506719,-1.37479039,0.07514202,-1.04653095,-0.79737843
actuator_loss_06,actuator_loss,2715,3.52000000,-0.30000000,0.05326570,-1.03018312,-1.20786700,0.05463467,-1.02536740,-0.70056286
actuator_loss_06,actuator_loss,2715,3.54000000,-0.30000000,0.03127676,-1.00644016,-0.93078084,0.03456870,-1.00329881,-0.53985289
actuator_loss_06,actuator_loss,2715,3.56000000,-0.30000000,0.01256599,-0.98776786,-0.68734845,0.01498271,-0.97929933,-0.39866210
actuator_loss_06,actuator_loss,2715,3.58000000,-0.30000000,-0.00444793,-0.96123849,-0.51374480,-0.00409238,-0.95375478,-0.29797199
actuator_loss_06,actuator_loss,2715,3.60000000,-0.30000000,-0.01738092,-0.93139248,-0.43018109,-0.02264008,-0.92738492,-0.24950503
actuator_loss_06,actuator_loss,2715,3.62000000,-0.30000000,-0.04325940,-0.89049353,-0.16886309,-0.04066167,-0.90107957,-0.09794059
actuator_loss_06,actuator_loss,2715,3.64000000,-0.30000000,-0.05835481,-0.87253633,0.01306824,-0.05812434,-0.87313342,0.00757958
actuator_loss_06,actuator_loss,2715,3.66000000,-0.30000000,-0.07329744,-0.83804705,0.10958912,-0.07501156,-0.84436097,0.06356169
actuator_loss_06,actuator_loss,2715,3.68000000,-0.30000000,-0.08664253,-0.81707838,0.24495736,-0.09132372,-0.81560770,0.14207527
actuator_loss_06,actuator_loss,2715,3.70000000,-0.30000000,-0.10893295,-0.77323616,0.42697383,-0.10705373,-0.78650077,0.24764482
actuator_loss_06,actuator_loss,2715,3.72000000,-0.30000000,-0.12167532,-0.75932573,0.58678441,-0.12218583,-0.75660479,0.34033496
actuator_loss_06,actuator_loss,2715,3.74000000,-0.30000000,-0.13774966,-0.72333106,0.69614921,-0.13670900,-0.72615845,0.40376654
actuator_loss_06,actuator_loss,2715,3.76000000,-0.30000000,-0.15112059,-0.69805483,0.81044473,-0.15062226,-0.69566314,0.47005794
actuator_loss_06,actuator_loss,2715,3.78000000,-0.30000000,-0.16468497,-0.66813761,0.90501758,-0.16392372,-0.66507322,0.52491020
actuator_loss_06,actuator_loss,2715,3.80000000,-0.30000000,-0.17843766,-0.63236514,0.97370359,-0.17661534,-0.63458079,0.56474808
actuator_loss_06,actuator_loss,2715,3.82000000,-0.30000000,-0.19087384,-0.59671306,1.01929438,-0.18870395,-0.60443068,0.59119074
actuator_loss_06,actuator_loss,2715,3.84000000,-0.30000000,-0.20357137,-0.58032218,1.16589554,-0.20020061,-0.57483294,0.67621941
actuator_loss_06,actuator_loss,2715,3.86000000,-0.30000000,-0.21480265,-0.55036365,1.21826599,-0.21109664,-0.54480162,0.70659428
actuator_loss_06,actuator_loss,2715,3.88000000,-0.30000000,-0.22478665,-0.51845469,1.23843323,-0.22140172,-0.51525381,0.71829127
actuator_loss_06,actuator_loss,2715,3.90000000,-0.30000000,-0.23225470,-0.47654722,1.16332077,-0.23113136,-0.48648222,0.67472605
actuator_loss_06,actuator_loss,2715,3.92000000,-0.30000000,-0.23529517,-0.45399532,1.10528969,-0.24031885,-0.45937433,0.64106802
actuator_loss_06,actuator_loss,2715,3.94000000,-0.30000000,-0.24808635,-0.43374778,1.23429324,-0.24899309,-0.43371187,0.71589008
actuator_loss_06,actuator_loss,2715,3.96000000,-0.30000000,-0.25639575,-0.39600260,1.19513657,-0.25714619,-0.40765531,0.69317921
actuator_loss_06,actuator_loss,2715,3.98000000,-0.30000000,-0.26748748,-0.38239179,1.32673365,-0.26480277,-0.38282885,0.76950552
actuator_loss_06,actuator_loss,2715,4.00000000,-0.30000000,-0.27122289,-0.35256234,1.24482368,-0.27195389,-0.35755602,0.72199773
actuator_loss_06,actuator_loss,2715,4.02000000,-0.30000000,-0.28121445,-0.33235488,1.32363450,-0.27863184,-0.33389722,0.76770801
actuator_loss_06,actuator_loss,2715,4.04000000,-0.30000000,-0.28471227,-0.30950286,1.27233506,-0.28483703,-0.31025951,0.73795434
actuator_loss_06,actuator_loss,2715,4.06000000,-0.30000000,-0.29207083,-0.29563710,1.33546042,-0.29059480,-0.28788889,0.77456704
actuator_loss_06,actuator_loss,2715,4.08000000,-0.30000000,-0.29610345,-0.26138434,1.23678389,-0.29590775,-0.26564739,0.71733465
actuator_loss_06,actuator_loss,2715,4.10000000,-0.30000000,-0.30137203,-0.24446114,1.24700216,-0.30080937,-0.24508111,0.72326126
actuator_loss_06,actuator_loss,2715,4.12000000,-0.30000000,-0.30797895,-0.22261529,1.25669759,-0.30531121,-0.22509170,0.72888460
actuator_loss_06,actuator_loss,2715,4.14000000,-0.30000000,-0.30659785,-0.20283648,1.13294373,-0.30942451,-0.20566524,0.65710737
actuator_loss_06,actuator_loss,2715,4.16000000,-0.30000000,-0.30810124,-0.19047263,1.09818551,-0.31318575,-0.18806192,0.63694760
actuator_loss_06,actuator_loss,2715,4.18000000,-0.30000000,-0.31831592,-0.16753672,1.16737016,-0.31661314,-0.17136921,0.67707470
actuator_loss_06,actuator_loss,2715,4.20000000,-0.30000000,-0.31652279,-0.15431254,1.06897299,-0.31970436,-0.15456127,0.62000433
actuator_loss_06,actuator_loss,2715,4.22000000,-0.30000000,-0.32751366,-0.14328112,1.21165148,-0.32248931,-0.13924761,0.70275786
actuator_loss_06,actuator_loss,2715,4.24000000,-0.30000000,-0.32527757,-0.11839020,1.04694732,-0.32495070,-0.12306928,0.60722944
actuator_loss_06,actuator_loss,2715,4.26000000,-0.30000000,-0.32638135,-0.11324691,1.04109881,-0.32713070,-0.10899990,0.60383731
actuator_loss_06,actuator_loss,2715,4.28000000,-0.30000000,-0.32601416,-0.09502150,0.94336247,-0.32903966,-0.09544817,0.54715023
actuator_loss_06,actuator_loss,2715,4.30000000,-0.30000000,-0.33343079,-0.07702691,0.98688876,-0.33070521,-0.08327755,0.57239548
actuator_loss_06,actuator_loss,2715,4.32000000,-0.30000000,-0.32619075,-0.08315628,0.88721487,-0.33212700,-0.07108919,0.51458462
actuator_loss_06,actuator_loss,2715,4.34000000,-0.30000000,-0.33044923,-0.06585208,0.87734655,-0.33333211,-0.06025577,0.50886100
actuator_loss_06,actuator_loss,2715,4.36000000,-0.30000000,-0.33417502,-0.04079494,0.81912507,-0.33432956,-0.04987234,0.47509254
actuator_loss_06,actuator_loss,2715,4.38000000,-0.30000000,-0.33415757,-0.03381308,0.78390166,-0.33513731,-0.04038745,0.45466296
actuator_loss_06,actuator_loss,2715,4.40000000,-0.30000000,-0.33598202,-0.02959765,0.79566468,-0.33576833,-0.03155126,0.46148551
actuator_loss_06,actuator_loss,2715,4.42000000,-0.30000000,-0.33668989,-0.02025302,0.76168318,-0.33622618,-0.02289227,0.44177624
actuator_loss_06,actuator_loss,2715,4.44000000,-0.30000000,-0.33998058,-0.00757999,0.75755044,-0.33652304,-0.01484297,0.43937926
actuator_loss_06,actuator_loss,2715,4.46000000,-0.30000000,-0.33853759,-0.00768509,0.73210206,-0.33666498,-0.00709737,0.42461919
actuator_loss_06,actuator_loss,2715,4.48000000,-0.30000000,-0.34224132,-0.00879454,0.80431643,-0.33666198,0.00015026,0.46650353
actuator_loss_06,actuator_loss,2715,4.50000000,-0.30000000,-0.33836598,-0.00051064,0.69314076,-0.33650494,0.00785203,0.40202164
actuator_loss_06,actuator_loss,2715,4.52000000,-0.30000000,-0.34138419,0.02051706,0.64233012,-0.33622022,0.01423586,0.37255147
actuator_loss_06,actuator_loss,2715,4.54000000,-0.30000000,-0.34088564,0.02382940,0.61679459,-0.33582175,0.01992339,0.35774086
actuator_loss_06,actuator_loss,2715,4.56000000,-0.30000000,-0.33019449,0.03210579,0.38297188,-0.33531816,0.02517963,0.22212369
actuator_loss_06,actuator_loss,2715,4.58000000,-0.30000000,-0.32901480,0.02991165,0.37270821,-0.33475770,0.02802301,0.21617076
actuator_loss_06,actuator_loss,2715,4.60000000,-0.30000000,-0.33523874,0.02902893,0.48915266,-0.33414420,0.03067476,0.28370854
actuator_loss_06,actuator_loss,2715,4.62000000,-0.30000000,-0.33115640,0.03394642,0.39108303,-0.33345710,0.03435523,0.22682816
actuator_loss_06,actuator_loss,2715,4.64000000,-0.30000000,-0.33645554,0.03599682,0.47621560,-0.33271759,0.03697528,0.27620505
actuator_loss_06,actuator_loss,2715,4.66000000,-0.30000000,-0.32945206,0.02519306,0.40417173,-0.33191109,0.04032508,0.23441960
actuator_loss_06,actuator_loss,2715,4.68000000,-0.30000000,-0.33154973,0.04528146,0.34148790,-0.33105360,0.04287467,0.19806298
actuator_loss_06,actuator_loss,2715,4.70000000,-0.30000000,-0.33002052,0.03944860,0.34312642,-0.33015880,0.04473999,0.19901332
actuator_loss_06,actuator_loss,2715,4.72000000,-0.30000000,-0.32692994,0.04661347,0.25167160,-0.32922760,0.04655981,0.14596953
actuator_loss_06,actuator_loss,2715,4.74000000,-0.30000000,-0.32962103,0.04984482,0.28395438,-0.32827873,0.04744364,0.16469354
actuator_loss_06,actuator_loss,2715,4.76000000,-0.30000000,-0.32850144,0.04945091,0.26577127,-0.32730658,0.04860779,0.15414734
actuator_loss_06,actuator_loss,2715,4.78000000,-0.30000000,-0.33181742,0.04420079,0.35170954,-0.32631538,0.04955952,0.20399153
actuator_loss_06,actuator_loss,2715,4.80000000,-0.30000000,-0.32261982,0.05203365,0.14698854,-0.32528932,0.05130345,0.08525335
actuator_loss_06,actuator_loss,2715,4.82000000,-0.30000000,-0.32500803,0.05700141,0.16513744,-0.32426874,0.05102860,0.09577972
actuator_loss_06,actuator_loss,2715,4.84000000,-0.30000000,-0.32199704,0.05001435,0.14587501,-0.32325001,0.05093666,0.08460750
actuator_loss_06,actuator_loss,2715,4.86000000,-0.30000000,-0.32119385,0.05172827,0.12284803,-0.32223675,0.05066317,0.07125186
actuator_loss_06,actuator_loss,2715,4.88000000,-0.30000000,-0.32438116,0.04842162,0.19675278,-0.32123319,0.05017802,0.11411661
actuator_loss_06,actuator_loss,2715,4.90000000,-0.30000000,-0.31743245,0.05886621,0.01945302,-0.32022485,0.05041692,0.01128275
actuator_loss_06,actuator_loss,2715,4.92000000,-0.30000000,-0.31789308,0.04864750,0.07883792,-0.31924587,0.04894915,0.04572599
actuator_loss_06,actuator_loss,2715,4.94000000,-0.30000000,-0.31968624,0.04888328,0.10993592,-0.31828389,0.04809854,0.06376283
actuator_loss_06,actuator_loss,2715,4.96000000,-0.30000000,-0.32175522,0.04353247,0.17393157,-0.31733242,0.04757381,0.10088031
actuator_loss_06,actuator_loss,2715,4.98000000,-0.30000000,-0.31316740,0.05792046,-0.05258908,-0.31637883,0.04767949,-0.03050166
actuator_loss_06,actuator_loss,2715,5.00000000,0.80000000,-0.31132640,0.05075862,12.00000000,-0.31546660,0.04561125,6.96000000
actuator_loss_06,actuator_loss,2715,5.02000000,0.80000000,-0.31260369,0.15302207,12.00000000,-0.31228471,0.15909491,6.96000000
actuator_loss_06,actuator_loss,2715,5.04000000,0.80000000,-0.30531421,0.26332781,12.00000000,-0.30690760,0.26885521,6.96000000
actuator_loss_06,actuator_loss,2715,5.06000000,0.80000000,-0.30131866,0.38117880,12.00000000,-0.29940732,0.37501431,6.96000000
actuator_loss_06,actuator_loss,2715,5.08000000,0.80000000,-0.29216820,0.48316113,12.00000000,-0.28985351,0.47769037,6.96000000
actuator_loss_06,actuator_loss,2715,5.10000000,0.80000000,-0.27801413,0.57304257,12.00000000,-0.27831355,0.57699765,6.96000000
actuator_loss_06,actuator_loss,2715,5.12000000,0.80000000,-0.26974345,0.66359728,12.00000000,-0.26485262,0.67304670,6.96000000
actuator_loss_06,actuator_loss,2715,5.14000000,0.80000000,-0.25162825,0.76498508,12.00000000,-0.24953373,0.76594440,6.96000000
actuator_loss_06,actuator_loss,2715,5.16000000,0.80000000,-0.22789213,0.85789603,12.00000000,-0.23241785,0.85579416,6.96000000
actuator_loss_06,actuator_loss,2715,5.18000000,0.80000000,-0.21477931,0.94907273,12.00000000,-0.21356393,0.94269598,6.96000000
actuator_loss_06,actuator_loss,2715,5.20000000,0.80000000,-0.19107479,1.03079720,12.00000000,-0.19302900,1.02674658,6.96000000
actuator_loss_06,actuator_loss,2715,5.22000000,0.80000000,-0.17677491,1.11220087,12.00000000,-0.17086821,1.10803950,6.96000000
actuator_loss_06,actuator_loss,2715,5.24000000,0.80000000,-0.14568891,1.19256881,11.05955632,-0.14713490,1.18666522,6.41454267
actuator_loss_06,actuator_loss,2715,5.26000000,0.80000000,-0.12581064,1.26771193,10.32603181,-0.12206090,1.25370023,5.98909845
actuator_loss_06,actuator_loss,2715,5.28000000,0.80000000,-0.09454165,1.31647264,9.51938657,-0.09583075,1.31150745,5.52124421
actuator_loss_06,actuator_loss,2715,5.30000000,0.80000000,-0.06975043,1.36204960,8.84525973,-0.06863697,1.35968901,5.13025064
actuator_loss_06,actuator_loss,2715,5.32000000,0.80000000,-0.04165513,1.39617020,8.16894131,-0.04064036,1.39983049,4.73798596
actuator_loss_06,actuator_loss,2715,5.34000000,0.80000000,-0.01278451,1.43106557,7.47479335,-0.01199687,1.43217467,4.33538014
actuator_loss_06,actuator_loss,2715,5.36000000,0.80000000,0.01422465,1.44741585,6.90687699,0.01713926,1.45680654,4.00598865
actuator_loss_06,actuator_loss,2715,5.38000000,0.80000000,0.04719497,1.46173367,6.24182214,0.04664304,1.47518865,3.62025684
actuator_loss_06,actuator_loss,2715,5.40000000,0.80000000,0.07697289,1.48404105,5.59428276,0.07637494,1.48659531,3.24468400
actuator_loss_06,actuator_loss,2715,5.42000000,0.80000000,0.10428898,1.48565321,5.09453221,0.10620341,1.49142321,2.95482868
actuator_loss_06,actuator_loss,2715,5.44000000,0.80000000,0.12509676,1.47935064,4.75150517,0.13602949,1.49130426,2.75587300
actuator_loss_06,actuator_loss,2715,5.46000000,0.80000000,0.16387042,1.48272757,4.03669465,0.16578754,1.48790243,2.34128290
actuator_loss_06,actuator_loss,2715,5.48000000,0.80000000,0.19770083,1.48045359,3.43911700,0.19534280,1.47776313,1.99468786
actuator_loss_06,actuator_loss,2715,5.50000000,0.80000000,0.22640285,1.45928956,3.02830096,0.22458742,1.46223070,1.75641456
actuator_loss_06,actuator_loss,2715,5.52000000,0.80000000,0.25666596,1.44476410,2.55619218,0.25345285,1.44327158,1.48259146
actuator_loss_06,actuator_loss,2715,5.54000000,0.80000000,0.27889446,1.42695180,2.24514074,0.28186107,1.42041090,1.30218163
actuator_loss_06,actuator_loss,2715,5.56000000,0.80000000,0.31192525,1.39257226,1.82248429,0.30976747,1.39531988,1.05704089
actuator_loss_06,actuator_loss,2715,5.58000000,0.80000000,0.33486305,1.36178530,1.56353864,0.33710751,1.36700234,0.90685241
actuator_loss_06,actuator_loss,2715,5.60000000,0.80000000,0.36277816,1.34207340,1.15962613,0.36385017,1.33713274,0.67258315
actuator_loss_06,actuator_loss,2715,5.62000000,0.80000000,0.39081424,1.31111525,0.80976748,0.38993763,1.30437300,0.46966514
actuator_loss_06,actuator_loss,2715,5.64000000,0.80000000,0.41478022,1.26965412,0.58568538,0.41532434,1.26933586,0.33969752
actuator_loss_06,actuator_loss,2715,5.66000000,0.80000000,0.44641154,1.23735553,0.17781469,0.43999037,1.23330120,0.10313252
actuator_loss_06,actuator_loss,2715,5.68000000,0.80000000,0.46267231,1.19286165,0.10759015,0.46388118,1.19454073,0.06240228
actuator_loss_06,actuator_loss,2715,5.70000000,0.80000000,0.48128843,1.15157944,-0.02108895,0.48700876,1.15637912,-0.01223159
actuator_loss_06,actuator_loss,2715,5.72000000,0.80000000,0.50651751,1.11511739,-0.29290222,0.50937350,1.11823661,-0.16988328
actuator_loss_06,actuator_loss,2715,5.74000000,0.80000000,0.53537269,1.06984837,-0.58595030,0.53094832,1.07874112,-0.33985118
actuator_loss_06,actuator_loss,2715,5.76000000,0.80000000,0.55227369,1.03357901,-0.70882149,0.55170299,1.03773358,-0.41111646
actuator_loss_06,actuator_loss,2715,5.78000000,0.80000000,0.56942035,0.99458754,-0.82250393,0.57164087,0.99689416,-0.47705228
actuator_loss_06,actuator_loss,2715,5.80000000,0.80000000,0.58916866,0.94767900,-0.94343090,0.59076698,0.95630541,-0.54718992
actuator_loss_06,actuator_loss,2715,5.82000000,0.80000000,0.60721454,0.91512044,-1.10546392,0.60908478,0.91588967,-0.64116907
actuator_loss_06,actuator_loss,2715,5.84000000,0.80000000,0.63134791,0.87991117,-1.36381821,0.62658972,0.87524742,-0.79101456
actuator_loss_06,actuator_loss,2715,5.86000000,0.80000000,0.64598573,0.82956564,-1.37557140,0.64325899,0.83346315,-0.79783141
actuator_loss_06,actuator_loss,2715,5.88000000,0.80000000,0.66150038,0.78856091,-1.44981138,0.65911773,0.79293720,-0.84089060
actuator_loss_06,actuator_loss,2715,5.90000000,0.80000000,0.67593994,0.75277699,-1.53080389,0.67417832,0.75302955,-0.88786626
actuator_loss_06,actuator_loss,2715,5.92000000,0.80000000,0.68803264,0.72418111,-1.60549312,0.68845143,0.71365521,-0.93118601
actuator_loss_06,actuator_loss,2715,5.94000000,0.80000000,0.70518197,0.67417759,-1.66416346,0.70194857,0.67485709,-0.96521481
actuator_loss_06,actuator_loss,2715,5.96000000,0.80000000,0.71671672,0.64029755,-1.70238865,0.71468396,0.63676976,-0.98738542
actuator_loss_06,actuator_loss,2715,5.98000000,0.80000000,0.72485016,0.60744305,-1.68451807,0.72667528,0.59956580,-0.97702048
actuator_loss_06,actuator_loss,2715,6.00000000,0.80000000,0.74151144,0.57011559,-1.79778397,0.73795035,0.56375372,-1.04271470
actuator_loss_06,actuator_loss,2715,6.02000000,0.80000000,0.74428268,0.52399499,-1.61706309,0.74851098,0.52803134,-0.93789659
actuator_loss_06,actuator_loss,2715,6.04000000,0.80000000,0.76056271,0.49583822,-1.76931992,0.75841523,0.49521262,-1.02620556
actuator_loss_06,actuator_loss,2715,6.06000000,0.80000000,0.76770734,0.46418622,-1.73966317,0.76765547,0.46201179,-1.00900464
actuator_loss_06,actuator_loss,2715,6.08000000,0.80000000,0.77587058,0.42459928,-1.68866688,0.77625916,0.43018443,-0.97942679
actuator_loss_06,actuator_loss,2715,6.10000000,0.80000000,0.77874526,0.40243403,-1.62958483,0.78425696,0.39988995,-0.94515920
actuator_loss_06,actuator_loss,2715,6.12000000,0.80000000,0.79295605,0.36940468,-1.72023236,0.79168007,0.37115553,-0.99773477
actuator_loss_06,actuator_loss,2715,6.14000000,0.80000000,0.79750883,0.34860483,-1.69818307,0.79852997,0.34249531,-0.98494618
actuator_loss_06,actuator_loss,2715,6.16000000,0.80000000,0.80343321,0.30966176,-1.61010651,0.80482971,0.31498670,-0.93386178
actuator_loss_06,actuator_loss,2715,6.18000000,0.80000000,0.80730082,0.28392936,-1.55106146,0.81061420,0.28922456,-0.89961565
actuator_loss_06,actuator_loss,2715,6.20000000,0.80000000,0.81380375,0.26274820,-1.56220849,0.81591167,0.26487342,-0.90608092
actuator_loss_06,actuator_loss,2715,6.22000000,0.80000000,0.81427805,0.23120942,-1.41305194,0.82073596,0.24121443,-0.81957012
actuator_loss_06,actuator_loss,2715,6.24000000,0.80000000,0.82673489,0.21586353,-1.56054568,0.82513117,0.21976084,-0.90511649
actuator_loss_06,actuator_loss,2715,6.26000000,0.80000000,0.82788233,0.20108599,-1.50731183,0.82908313,0.19759791,-0.87424086
actuator_loss_06,actuator_loss,2715,6.28000000,0.80000000,0.83611382,0.18053439,-1.55272068,0.83261657,0.17667221,-0.90057799
actuator_loss_06,actuator_loss,2715,6.30000000,0.80000000,0.83531426,0.15989893,-1.43515127,0.83573653,0.15599797,-0.83238774
actuator_loss_06,actuator_loss,2715,6.32000000,0.80000000,0.84031144,0.13880512,-1.41963149,0.83847911,0.13712857,-0.82338626
actuator_loss_06,actuator_loss,2715,6.34000000,0.80000000,0.84317101,0.11613571,-1.35775677,0.84085965,0.11902697,-0.78749893
actuator_loss_06,actuator_loss,2715,6.36000000,0.80000000,0.84562293,0.11120552,-1.37724042,0.84290189,0.10211214,-0.79879944
actuator_loss_06,actuator_loss,2715,6.38000000,0.80000000,0.84729816,0.08954884,-1.29911098,0.84461320,0.08556560,-0.75348437
actuator_loss_06,actuator_loss,2715,6.40000000,0.80000000,0.84870949,0.06828830,-1.21821228,0.84601941,0.07031055,-0.70656312
actuator_loss_06,actuator_loss,2715,6.42000000,0.80000000,0.84490994,0.05882218,-1.10248984,0.84714603,0.05633116,-0.63944411
actuator_loss_06,actuator_loss,2715,6.44000000,0.80000000,0.84751748,0.04427268,-1.07667804,0.84802442,0.04391925,-0.62447326
actuator_loss_06,actuator_loss,2715,6.46000000,0.80000000,0.84874879,0.03754062,-1.06518129,0.84866766,0.03216189,-0.61780515
actuator_loss_06,actuator_loss,2715,6.48000000,0.80000000,0.84525110,0.01064025,-0.86772109,0.84908567,0.02090044,-0.50327823
actuator_loss_06,actuator_loss,2715,6.50000000,0.80000000,0.85149404,0.00941693,-0.97397741,0.84932368,0.01190048,-0.56490690
actuator_loss_06,actuator_loss,2715,6.52000000,0.80000000,0.84955990,0.00909464,-0.93755146,0.84936723,0.00217769,-0.54377984
actuator_loss_06,actuator_loss,2715,6.54000000,0.80000000,0.85067171,-0.00715975,-0.87629208,0.84922969,-0.00687708,-0.50824941
actuator_loss_06,actuator_loss,2715,6.56000000,0.80000000,0.85361995,-0.01623281,-0.88399500,0.84892873,-0.01504779,-0.51271710
actuator_loss_06,actuator_loss,2715,6.58000000,0.80000000,0.84472385,-0.02140360,-0.69801139,0.84846825,-0.02302424,-0.40484661
actuator_loss_06,actuator_loss,2715,6.60000000,0.80000000,0.84429288,-0.02128116,-0.69086603,0.84788911,-0.02895694,-0.40070230
actuator_loss_06,actuator_loss,2715,6.62000000,0.80000000,0.84679870,-0.02856470,-0.69955309,0.84719658,-0.03462653,-0.40574079
actuator_loss_06,actuator_loss,2715,6.64000000,0.80000000,0.84211098,-0.04532412,-0.53137711,0.84639271,-0.04019334,-0.30819872
actuator_loss_06,actuator_loss,2715,6.66000000,0.80000000,0.84626313,-0.03687779,-0.64834743,0.84551339,-0.04396609,-0.37604151
actuator_loss_06,actuator_loss,2715,6.68000000,0.80000000,0.84791718,-0.05311977,-0.59691038,0.84453867,-0.04873584,-0.34620802
actuator_loss_06,actuator_loss,2715,6.70000000,0.80000000,0.84078512,-0.05812144,-0.44352490,0.84348155,-0.05285623,-0.25724444
actuator_loss_06,actuator_loss,2715,6.72000000,0.80000000,0.84698393,-0.04899901,-0.60071562,0.84237411,-0.05537175,-0.34841506
actuator_loss_06,actuator_loss,2715,6.74000000,0.80000000,0.84113375,-0.06043831,-0.43821598,0.84118790,-0.05931088,-0.25416527
actuator_loss_06,actuator_loss,2715,6.76000000,0.80000000,0.83917566,-0.06531814,-0.37857115,0.83995662,-0.06156376,-0.21957127
actuator_loss_06,actuator_loss,2715,6.78000000,0.80000000,0.83690882,-0.06444174,-0.34215015,0.83869320,-0.06317122,-0.19844709
actuator_loss_06,actuator_loss,2715,6.80000000,0.80000000,0.84178063,-0.06565109,-0.42379590,0.83740566,-0.06437696,-0.24580162
actuator_loss_06,actuator_loss,2715,6.82000000,0.80000000,0.83466805,-0.06906435,-0.27870313,0.83607915,-0.06632545,-0.16164781
actuator_loss_06,actuator_loss,2715,6.84000000,0.80000000,0.83353707,-0.07454688,-0.23093283,0.83474275,-0.06681978,-0.13394104
actuator_loss_06,actuator_loss,2715,6.86000000,0.80000000,0.83989549,-0.06956751,-0.37028127,0.83340595,-0.06684017,-0.21476313
actuator_loss_06,actuator_loss,2715,6.88000000,0.80000000,0.83023359,-0.07045723,-0.19191850,0.83204205,-0.06819508,-0.11131273
actuator_loss_06,actuator_loss,2715,6.90000000,0.80000000,0.82321579,-0.06580717,-0.08884828,0.83068612,-0.06779652,-0.05153200
actuator_loss_06,actuator_loss,2715,6.92000000,0.80000000,0.83139994,-0.06035953,-0.26340124,0.82935765,-0.06642345,-0.15277272
actuator_loss_06,actuator_loss,2715,6.94000000,0.80000000,0.82955003,-0.06639351,-0.19993299,0.82802229,-0.06676795,-0.11596113
actuator_loss_06,actuator_loss,2715,6.96000000,0.80000000,0.82838874,-0.06771604,-0.17241708,0.82669243,-0.06649300,-0.10000190
actuator_loss_06,actuator_loss,2715,6.98000000,0.80000000,0.82717313,-0.05930771,-0.19257781,0.82537316,-0.06596344,-0.11169513
actuator_loss_06,actuator_loss,2715,7.00000000,0.80000000,0.82908255,-0.06980191,-0.17447631,0.82406027,-0.06564441,-0.10119626
actuator_loss_06,actuator_loss,2715,7.02000000,0.80000000,0.82480997,-0.06867318,-0.10321357,0.82275702,-0.06516242,-0.05986387
actuator_loss_06,actuator_loss,2715,7.04000000,0.80000000,0.82317995,-0.06688407,-0.08281883,0.82147675,-0.06401342,-0.04803492
actuator_loss_06,actuator_loss,2715,7.06000000,0.80000000,0.82079249,-0.05920373,-0.07824611,0.82022262,-0.06270670,-0.04538275
actuator_loss_06,actuator_loss,2715,7.08000000,0.80000000,0.82048337,-0.05632930,-0.08705410,0.81899464,-0.06139904,-0.05049138
actuator_loss_06,actuator_loss,2715,7.10000000,0.80000000,0.81436653,-0.06861460,0.08447546,0.81779027,-0.06021868,0.04899577
actuator_loss_06,actuator_loss,2715,7.12000000,0.80000000,0.81754040,-0.05249006,-0.05327681,0.81664160,-0.05743351,-0.03090055
actuator_loss_06,actuator_loss,2715,7.14000000,0.80000000,0.81755954,-0.05105598,-0.06079186,0.81552040,-0.05605962,-0.03525928
actuator_loss_06,actuator_loss,2715,7.16000000,0.80000000,0.81495628,-0.05060906,-0.01616774,0.81442435,-0.05480281,-0.00937729
actuator_loss_06,actuator_loss,2715,7.18000000,0.80000000,0.80865035,-0.04470199,0.06780367,0.81336115,-0.05315966,0.03932613
actuator_loss_06,actuator_loss,2715,7.20000000,0.80000000,0.80707317,-0.04485588,0.09696237,0.81234584,-0.05076583,0.05623817
actuator_loss_06,actuator_loss,2715,7.22000000,0.80000000,0.80800320,-0.04495603,0.08072248,0.81138241,-0.04817116,0.04681904
actuator_loss_06,actuator_loss,2715,7.24000000,0.80000000,0.80740737,-0.04440513,0.08869299,0.81046607,-0.04581722,0.05144193
actuator_loss_06,actuator_loss,2715,7.26000000,0.80000000,0.81218071,-0.04878981,0.02469622,0.80959679,-0.04346415,0.01432381
actuator_loss_06,actuator_loss,2715,7.28000000,0.80000000,0.80460549,-0.03829686,0.10858558,0.80876076,-0.04180147,0.06297964
actuator_loss_06,actuator_loss,2715,7.30000000,0.80000000,0.81273787,-0.03561468,-0.05120831,0.80797297,-0.03938954,-0.02970082
actuator_loss_06,actuator_loss,2715,7.32000000,0.80000000,0.81026441,-0.03575626,-0.00597805,0.80720121,-0.03858785,-0.00346727
actuator_loss_06,actuator_loss,2715,7.34000000,0.80000000,0.80475187,-0.02699696,0.04945105,0.80645363,-0.03737907,0.02868161
actuator_loss_06,actuator_loss,2715,7.36000000,0.80000000,0.80852255,-0.03294588,0.01132348,0.80574005,-0.03567885,0.00656762
actuator_loss_06,actuator_loss,2715,7.38000000,0.80000000,0.80546162,-0.02929877,0.04818464,0.80505206,-0.03439974,0.02794709
actuator_loss_06,actuator_loss,2715,7.40000000,0.80000000,0.80835422,-0.03710317,0.03513984,0.80439587,-0.03280941,0.02038111
actuator_loss_06,actuator_loss,2715,7.42000000,0.80000000,0.80913449,-0.03282593,-0.00029116,0.80376794,-0.03139624,-0.00016888
actuator_loss_06,actuator_loss,2715,7.44000000,0.80000000,0.80475069,-0.01986521,0.01381364,0.80316056,-0.03036893,0.00801191
actuator_loss_06,actuator_loss,2715,7.46000000,0.80000000,0.80595401,-0.02655660,0.02561077,0.80257576,-0.02924018,0.01485425
actuator_loss_06,actuator_loss,2715,7.48000000,0.80000000,0.79815345,-0.03287261,0.19760104,0.80201505,-0.02803542,0.11460860
actuator_loss_06,actuator_loss,2715,7.50000000,0.80000000,0.80169113,-0.02746546,0.10688697,0.80151061,-0.02522224,0.06199444
actuator_loss_06,actuator_loss,2715,7.52000000,0.80000000,0.79783116,-0.01563368,0.11720754,0.80104320,-0.02337055,0.06798037
actuator_loss_06,actuator_loss,2715,7.54000000,0.80000000,0.80280855,-0.01153218,0.00710697,0.80061358,-0.02148072,0.00412204
actuator_loss_06,actuator_loss,2715,7.56000000,0.80000000,0.79937606,-0.01504110,0.08643645,0.80019943,-0.02070785,0.05013314
actuator_loss_06,actuator_loss,2715,7.58000000,0.80000000,0.80059744,-0.02356725,0.10708226,0.79981542,-0.01920023,0.06210771
actuator_loss_06,actuator_loss,2715,7.60000000,0.80000000,0.80289495,-0.00973287,-0.00344477,0.79946454,-0.01754424,-0.00199797
actuator_loss_06,actuator_loss,2715,7.62000000,0.80000000,0.79810534,-0.02148712,0.14153958,0.79912450,-0.01700163,0.08209295
actuator_loss_06,actuator_loss,2715,7.64000000,0.80000000,0.80387592,-0.02435938,0.05203032,0.79882275,-0.01508763,0.03017759
actuator_loss_06,actuator_loss,2715,7.66000000,0.80000000,0.79844670,-0.00904862,0.07320251,0.79854087,-0.01409407,0.04245746
actuator_loss_06,actuator_loss,2715,7.68000000,0.80000000,0.79786617,-0.01293539,0.10308591,0.79828226,-0.01293024,0.05978983
actuator_loss_06,actuator_loss,2715,7.70000000,0.80000000,0.79817482,-0.01757266,0.12071650,0.79805190,-0.01151827,0.07001557
actuator_loss_06,actuator_loss,2715,7.72000000,0.80000000,0.79493668,-0.01491917,0.16573557,0.79785223,-0.00998369,0.09612663
actuator_loss_06,actuator_loss,2715,7.74000000,0.80000000,0.80202611,0.01093418,-0.09114082,0.79769086,-0.00806810,-0.05286168
actuator_loss_06,actuator_loss,2715,7.76000000,0.80000000,0.80069835,-0.00122320,-0.00645429,0.79751733,-0.00867667,-0.00374349
actuator_loss_06,actuator_loss,2715,7.78000000,0.80000000,0.79882983,-0.01083728,0.07524952,0.79734825,-0.00845384,0.04364472
actuator_loss_06,actuator_loss,2715,7.80000000,0.80000000,0.80019971,-0.01054683,0.04913932,0.79719914,-0.00745545,0.02850080
actuator_loss_06,actuator_loss,2715,7.82000000,0.80000000,0.79634396,0.00106539,0.06048188,0.79706434,-0.00674001,0.03507949
actuator_loss_06,actuator_loss,2715,7.84000000,0.80000000,0.79479569,-0.00635155,0.12543524,0.79694556,-0.00593935,0.07275244
actuator_loss_06,actuator_loss,2715,7.86000000,0.80000000,0.79760654,-0.00411527,0.06365857,0.79685471,-0.00454260,0.03692197
actuator_loss_06,actuator_loss,2715,7.88000000,0.80000000,0.79510777,0.00201458,0.07798721,0.79677903,-0.00378360,0.04523258
actuator_loss_06,actuator_loss,2715,7.90000000,0.80000000,0.79685837,-0.00178147,0.06545663,0.79672079,-0.00291222,0.03796484
actuator_loss_06,actuator_loss,2715,7.92000000,0.80000000,0.80389281,-0.00191731,-0.06048400,0.79667700,-0.00218948,-0.03508072
actuator_loss_06,actuator_loss,2715,7.94000000,0.80000000,0.79498084,-0.00078636,0.09427657,0.79662306,-0.00269719,0.05468041
actuator_loss_06,actuator_loss,2715,7.96000000,0.80000000,0.80096518,0.00064259,-0.02058625,0.79658895,-0.00170536,-0.01194002
actuator_loss_06,actuator_loss,2715,7.98000000,0.80000000,0.80459662,0.00689182,-0.02058625,0.79655201,-0.00184666,-0.01194002
actuator_loss_07,actuator_loss,2716,0.00000000,0.00000000,-0.00079835,0.00260295,0.00135551,0.00000000,0.00000000,0.00078620
actuator_loss_07,actuator_loss,2716,0.02000000,0.00000000,0.00580573,0.00399846,-0.12449546,0.00000027,0.00001327,-0.07220736
actuator_loss_07,actuator_loss,2716,0.04000000,0.00000000,0.00149342,0.00249009,-0.03933197,-0.00002386,-0.00120632,-0.02281255
actuator_loss_07,actuator_loss,2716,0.06000000,0.00000000,0.00332355,-0.01513122,0.01583223,-0.00005489,-0.00155169,0.00918269
actuator_loss_07,actuator_loss,2716,0.08000000,0.00000000,0.00052231,-0.00236503,0.00242357,-0.00008180,-0.00134545,0.00140567
actuator_loss_07,actuator_loss,2716,0.10000000,0.00000000,-0.00489654,-0.00073626,0.09181911,-0.00010735,-0.00127732,0.05325508
actuator_loss_07,actuator_loss,2716,0.12000000,0.00000000,0.00003880,0.00222895,-0.01184317,-0.00011407,-0.00033602,-0.00686904
actuator_loss_07,actuator_loss,2716,0.14000000,0.00000000,0.00139667,-0.00305157,-0.00988212,-0.00012289,-0.00044091,-0.00573163
actuator_loss_07,actuator_loss,2716,0.16000000,0.00000000,-0.00024864,0.00184939,-0.00477145,-0.00013335,-0.00052314,-0.00276744
actuator_loss_07,actuator_loss,2716,0.18000000,0.00000000,-0.00046600,-0.00312124,0.02399418,-0.00014440,-0.00055260,0.01391662
actuator_loss_07,actuator_loss,2716,0.20000000,0.00000000,0.00458857,-0.00360869,-0.06455072,-0.00015039,-0.00029940,-0.03743942
actuator_loss_07,actuator_loss,2716,0.22000000,0.00000000,-0.00035439,-0.00424884,0.02762326,-0.00016882,-0.00092165,0.01602149
actuator_loss_07,actuator_loss,2716,0.24000000,0.00000000,0.00011359,0.00266641,-0.01537670,-0.00018124,-0.00062074,-0.00891849
actuator_loss_07,actuator_loss,2716,0.26000000,0.00000000,-0.00574610,0.00827302,0.06206462,-0.00019626,-0.00075084,0.03599748
actuator_loss_07,actuator_loss,2716,0.28000000,0.00000000,0.00332510,-0.00053193,-0.05719222,-0.00019862,-0.00011828,-0.03317148
actuator_loss_07,actuator_loss,2716,0.30000000,0.00000000,0.00468276,0.00115386,-0.09005900,-0.00021211,-0.00067445,-0.05223422
actuator_loss_07,actuator_loss,2716,0.32000000,0.00000000,-0.00149380,-0.00394357,0.04660623,-0.00024279,-0.00153412,0.02703161
actuator_loss_07,actuator_loss,2716,0.34000000,0.00000000,0.00398319,-0.01056522,-0.01887132,-0.00026333,-0.00102710,-0.01094537
actuator_loss_07,actuator_loss,2716,0.36000000,0.00000000,-0.00414456,-0.00520124,0.10060819,-0.00028690,-0.00117802,0.05835275
actuator_loss_07,actuator_loss,2716,0.38000000,0.00000000,0.00067102,-0.00524597,0.01415141,-0.00028997,-0.00015392,0.00820782
actuator_loss_07,actuator_loss,2716,0.40000000,0.00000000,-0.00129134,-0.00145057,0.03049695,-0.00029018,-0.00001026,0.01768823
actuator_loss_07,actuator_loss,2716,0.42000000,0.00000000,0.00177771,0.00039635,-0.03398044,-0.00028440,0.00028873,-0.01970866
actuator_loss_07,actuator_loss,2716,0.44000000,0.00000000,0.00278597,0.00215319,-0.06091342,-0.00028548,-0.00005356,-0.03532978
actuator_loss_07,actuator_loss,2716,0.46000000,0.00000000,-0.00397539,-0.00292423,0.08617819,-0.00029844,-0.00064830,0.04998335
actuator_loss_07,actuator_loss,2716,0.48000000,0.00000000,0.00109963,-0.00228236,-0.00838149,-0.00029410,0.00021701,-0.00486127
actuator_loss_07,actuator_loss,2716,0.50000000,0.00000000,0.00161584,-0.00492408,-0.00446476,-0.00029155,0.00012777,-0.00258956
actuator_loss_07,actuator_loss,2716,0.52000000,0.00000000,0.00113555,-0.00196829,-0.01059852,-0.00028995,0.00007983,-0.00614714
actuator_loss_07,actuator_loss,2716,0.54000000,0.00000000,-0.00689508,0.00121964,0.11801321,-0.00029048,-0.00002659,0.06844766
actuator_loss_07,actuator_loss,2716,0.56000000,0.00000000,-0.00474336,0.00401878,0.06528659,-0.00026788,0.00112996,0.03786622
actuator_loss_07,actuator_loss,2716,0.58000000,0.00000000,-0.00294721,-0.00204090,0.06325421,-0.00023324,0.00173202,0.03668744
actuator_loss_07,actuator_loss,2716,0.60000000,0.00000000,0.00051874,0.00360452,-0.02735989,-0.00018735,0.00229431,-0.01586874
actuator_loss_07,actuator_loss,2716,0.62000000,0.00000000,0.00196521,0.01082832,-0.08951538,-0.00014834,0.00195068,-0.05191892
actuator_loss_07,actuator_loss,2716,0.64000000,0.00000000,0.00073988,-0.00743720,0.02386818,-0.00012815,0.00100972,0.01384354
actuator_loss_07,actuator_loss,2716,0.66000000,0.00000000,-0.00272654,-0.00333077,0.06573156,-0.00010394,0.00121014,0.03812430
actuator_loss_07,actuator_loss,2716,0.68000000,0.00000000,0.00020769,0.00921894,-0.04983311,-0.00006767,0.00181391,-0.02890320
actuator_loss_07,actuator_loss,2716,0.70000000,0.00000000,-0.00102831,0.00458375,-0.00440923,-0.00004234,0.00126606,-0.00255735
actuator_loss_07,actuator_loss,2716,0.72000000,0.00000000,0.00053113,-0.00138915,-0.00261457,-0.00001872,0.00118111,-0.00151645
actuator_loss_07,actuator_loss,2716,0.74000000,0.00000000,-0.00318992,-0.00079028,0.06136986,0.00000361,0.00111653,0.03559452
actuator_loss_07,actuator_loss,2716,0.76000000,0.00000000,-0.00151755,0.01019118,-0.02363993,0.00003722,0.00168068,-0.01371116
actuator_loss_07,actuator_loss,2716,0.78000000,0.00000000,0.00649258,0.00550791,-0.14440593,0.00006510,0.00139372,-0.08375544
actuator_loss_07,actuator_loss,2716,0.80000000,0.00000000,0.00356638,0.00293823,-0.07888595,0.00006377,-0.00006639,-0.04575385
actuator_loss_07,actuator_loss,2716,0.82000000,0.00000000,0.00430038,-0.00454099,-0.05470193,0.00004703,-0.00083671,-0.03172712
actuator_loss_07,actuator_loss,2716,0.84000000,0.00000000,0.00444257,0.00009300,-0.08043128,0.00002014,-0.00134479,-0.04665014
actuator_loss_07,actuator_loss,2716,0.86000000,0.00000000,0.00150310,-0.00473242,-0.00339363,-0.00002162,-0.00208806,-0.00196831
actuator_loss_07,actuator_loss,2716,0.88000000,0.00000000,0.00470788,-0.00100562,-0.07971379,-0.00006267,-0.00205241,-0.04623400
actuator_loss_07,actuator_loss,2716,0.90000000,0.00000000,0.00158793,-0.00597844,0.00130948,-0.00011798,-0.00276531,0.00075950
actuator_loss_07,actuator_loss,2716,0.92000000,0.00000000,-0.00216265,0.00278891,0.02498320,-0.00017120,-0.00266125,0.01449026
actuator_loss_07,actuator_loss,2716,0.94000000,0.00000000,-0.00033660,-0.00555016,0.03380968,-0.00021778,-0.00232879,0.01960961
actuator_loss_07,actuator_loss,2716,0.96000000,0.00000000,0.00560078,-0.00532771,-0.07417550,-0.00025620,-0.00192086,-0.04302179
actuator_loss_07,actuator_loss,2716,0.98000000,0.00000000,-0.00048447,-0.00238385,0.02063975,-0.00030787,-0.00258387,0.01197105
actuator_loss_07,actuator_loss,2716,1.00000000,0.50000000,0.00138633,-0.00540563,9.00207429,-0.00035380,-0.00229650,5.22120309
actuator_loss_07,actuator_loss,2716,1.02000000,0.50000000,0.00222200,0.09033083,8.50834988,0.00136489,0.08593443,4.93484293
actuator_loss_07,actuator_loss,2716,1.04000000,0.50000000,0.00350916,0.17645400,8.05456518,0.00469327,0.16641939,4.67164781
actuator_loss_07,actuator_loss,2716,1.06000000,0.50000000,0.01091997,0.23566777,7.62510180,0.00948937,0.23980507,4.42255904
actuator_loss_07,actuator_loss,2716,1.08000000,0.50000000,0.01972833,0.29163400,7.18672009,0.01562065,0.30656388,4.16829765
actuator_loss_07,actuator_loss,2716,1.10000000,0.50000000,0.02523086,0.37558564,6.66791631,0.02295719,0.36682712,3.86739146
actuator_loss_07,actuator_loss,2716,1.12000000,0.50000000,0.03033684,0.42493935,6.32924020,0.03135763,0.42002155,3.67095931
actuator_loss_07,actuator_loss,2716,1.14000000,0.50000000,0.03809444,0.47056717,5.96146416,0.04072051,0.46814434,3.45764921
actuator_loss_07,actuator_loss,2716,1.16000000,0.50000000,0.04948950,0.49530660,5.63265601,0.05094207,0.51107785,3.26694049
actuator_loss_07,actuator_loss,2716,1.18000000,0.50000000,0.06333917,0.53855249,5.16713241,0.06192957,0.54937490,2.99693680
actuator_loss_07,actuator_loss,2716,1.20000000,0.50000000,0.07033955,0.58336037,4.81708623,0.07356656,0.58184964,2.79391001
actuator_loss_07,actuator_loss,2716,1.22000000,0.50000000,0.08852242,0.60988740,4.35715943,0.08576306,0.60982500,2.52715247
actuator_loss_07,actuator_loss,2716,1.24000000,0.50000000,0.10144109,0.63404058,4.00385754,0.09841053,0.63237341,2.32223738
actuator_loss_07,actuator_loss,2716,1.26000000,0.50000000,0.10594596,0.64744755,3.85573492,0.11142489,0.65071808,2.23632625
actuator_loss_07,actuator_loss,2716,1.28000000,0.50000000,0.12755359,0.67449442,3.33156325,0.12476503,0.66700696,1.93230669
actuator_loss_07,actuator_loss,2716,1.30000000,0.50000000,0.14065386,0.66597827,3.13833922,0.13831754,0.67762532,1.82023675
actuator_loss_07,actuator_loss,2716,1.32000000,0.50000000,0.15272015,0.68706833,2.81569557,0.15203756,0.68600116,1.63310343
actuator_loss_07,actuator_loss,2716,1.34000000,0.50000000,0.16906986,0.68197596,2.54686274,0.16585638,0.69094107,1.47718039
actuator_loss_07,actuator_loss,2716,1.36000000,0.50000000,0.17933300,0.69235722,2.31021996,0.17971809,0.69308538,1.33992758
actuator_loss_07,actuator_loss,2716,1.38000000,0.50000000,0.19294149,0.69497841,2.05216114,0.19357492,0.69284156,1.19025346
actuator_loss_07,actuator_loss,2716,1.40000000,0.50000000,0.20727090,0.69077927,1.81522747,0.20737649,0.69007868,1.05283193
actuator_loss_07,actuator_loss,2716,1.42000000,0.50000000,0.22317180,0.68352910,1.56526217,0.22107823,0.68508672,0.90785206
actuator_loss_07,actuator_loss,2716,1.44000000,0.50000000,0.23567404,0.68709542,1.32239010,0.23463446,0.67781161,0.76698626
actuator_loss_07,actuator_loss,2716,1.46000000,0.50000000,0.24778957,0.67761925,1.15169149,0.24800242,0.66839814,0.66798106
actuator_loss_07,actuator_loss,2716,1.48000000,0.50000000,0.25857282,0.66273498,1.03201435,0.26115489,0.65762365,0.59856832
actuator_loss_07,actuator_loss,2716,1.50000000,0.50000000,0.27294915,0.63352349,0.91929780,0.27407555,0.64603267,0.53319272
actuator_loss_07,actuator_loss,2716,1.52000000,0.50000000,0.29072694,0.62539695,0.63993024,0.28674995,0.63372031,0.37115954
actuator_loss_07,actuator_loss,2716,1.54000000,0.50000000,0.30047896,0.62068137,0.48797184,0.29913152,0.61907840,0.28302367
actuator_loss_07,actuator_loss,2716,1.56000000,0.50000000,0.30472463,0.60544245,0.48774438,0.31120015,0.60343148,0.28289174
actuator_loss_07,actuator_loss,2716,1.58000000,0.50000000,0.32017457,0.58063901,0.33366267,0.32296612,0.58829859,0.19352435
actuator_loss_07,actuator_loss,2716,1.60000000,0.50000000,0.33063085,0.57452521,0.17601868,0.33440925,0.57215609,0.10209083
actuator_loss_07,actuator_loss,2716,1.62000000,0.50000000,0.33705760,0.55120231,0.17695157,0.34550929,0.55500242,0.10263191
actuator_loss_07,actuator_loss,2716,1.64000000,0.50000000,0.35734039,0.54170233,-0.14063865,0.35627777,0.53842384,-0.08157042
actuator_loss_07,actuator_loss,2716,1.66000000,0.50000000,0.36961128,0.51748175,-0.24041182,0.36666341,0.51928216,-0.13943886
actuator_loss_07,actuator_loss,2716,1.68000000,0.50000000,0.37287105,0.49109927,-0.16717533,0.37665931,0.49979497,-0.09696169
actuator_loss_07,actuator_loss,2716,1.70000000,0.50000000,0.38472314,0.47547321,-0.30238263,0.38629267,0.48166792,-0.17538193
actuator_loss_07,actuator_loss,2716,1.72000000,0.50000000,0.39588497,0.45733025,-0.41258073,0.39554897,0.46281490,-0.23929683
actuator_loss_07,actuator_loss,2716,1.74000000,0.50000000,0.40336508,0.43736904,-0.44741663,0.40441906,0.44350475,-0.25950164
actuator_loss_07,actuator_loss,2716,1.76000000,0.50000000,0.40774906,0.40896551,-0.38431070,0.41290888,0.42449057,-0.22290021
actuator_loss_07,actuator_loss,2716,1.78000000,0.50000000,0.42161898,0.40805758,-0.62942955,0.42104331,0.40672172,-0.36506914
actuator_loss_07,actuator_loss,2716,1.80000000,0.50000000,0.43316581,0.38031681,-0.69856857,0.42878609,0.38713873,-0.40516977
actuator_loss_07,actuator_loss,2716,1.82000000,0.50000000,0.43138319,0.35990901,-0.56444241,0.43613658,0.36752479,-0.32737660
actuator_loss_07,actuator_loss,2716,1.84000000,0.50000000,0.44073622,0.34887402,-0.67762207,0.44313401,0.34987144,-0.39302080
actuator_loss_07,actuator_loss,2716,1.86000000,0.50000000,0.44593924,0.33448407,-0.69932659,0.44976785,0.33169220,-0.40560942
actuator_loss_07,actuator_loss,2716,1.88000000,0.50000000,0.45924372,0.31406670,-0.83672041,0.45604586,0.31390020,-0.48529784
actuator_loss_07,actuator_loss,2716,1.90000000,0.50000000,0.45827951,0.27927547,-0.64540857,0.46195285,0.29534976,-0.37433697
actuator_loss_07,actuator_loss,2716,1.92000000,0.50000000,0.46888024,0.29432474,-0.91146792,0.46753855,0.27928484,-0.52865139
actuator_loss_07,actuator_loss,2716,1.94000000,0.50000000,0.47158163,0.27166050,-0.84677183,0.47276144,0.26114449,-0.49112766
actuator_loss_07,actuator_loss,2716,1.96000000,0.50000000,0.48350458,0.24287530,-0.91745888,0.47764616,0.24423621,-0.53212615
actuator_loss_07,actuator_loss,2716,1.98000000,0.50000000,0.48377253,0.21601103,-0.78796067,0.48219004,0.22719357,-0.45701719
actuator_loss_07,actuator_loss,2716,2.00000000,0.50000000,0.48353078,0.21349015,-0.77100469,0.48642966,0.21198137,-0.44718272
actuator_loss_07,actuator_loss,2716,2.02000000,0.50000000,0.49056177,0.19663441,-0.81328392,0.49037840,0.19743712,-0.47170467
actuator_loss_07,actuator_loss,2716,2.04000000,0.50000000,0.49345196,0.18032658,-0.78376815,0.49403758,0.18295870,-0.45458553
actuator_loss_07,actuator_loss,2716,2.06000000,0.50000000,0.49495619,0.16914125,-0.75491771,0.49742252,0.16924701,-0.43785227
actuator_loss_07,actuator_loss,2716,2.08000000,0.50000000,0.49989573,0.15085200,-0.75238316,0.50054792,0.15627025,-0.43638223
actuator_loss_07,actuator_loss,2716,2.10000000,0.50000000,0.50770218,0.14738239,-0.87555126,0.50342285,0.14374645,-0.50781973
actuator_loss_07,actuator_loss,2716,2.12000000,0.50000000,0.50596461,0.12287192,-0.72172255,0.50603145,0.13042970,-0.41859908
actuator_loss_07,actuator_loss,2716,2.14000000,0.50000000,0.50727100,0.11293376,-0.69554679,0.50841262,0.11905873,-0.40341714
actuator_loss_07,actuator_loss,2716,2.16000000,0.50000000,0.51957302,0.10218932,-0.86326096,0.51057901,0.10831925,-0.50069136
actuator_loss_07,actuator_loss,2716,2.18000000,0.50000000,0.51581138,0.09513251,-0.76026746,0.51250484,0.09629172,-0.44095513
actuator_loss_07,actuator_loss,2716,2.20000000,0.50000000,0.51191717,0.07758228,-0.60242047,0.51421823,0.08566961,-0.34940387
actuator_loss_07,actuator_loss,2716,2.22000000,0.50000000,0.51353390,0.08286584,-0.65793939,0.51575711,0.07694372,-0.38160484
actuator_loss_07,actuator_loss,2716,2.24000000,0.50000000,0.51985954,0.07516148,-0.73327914,0.51711635,0.06796204,-0.42530190
actuator_loss_07,actuator_loss,2716,2.26000000,0.50000000,0.51610153,0.06253320,-0.60249348,0.51828713,0.05853891,-0.34944622
actuator_loss_07,actuator_loss,2716,2.28000000,0.50000000,0.51976831,0.05179422,-0.61480066,0.51930128,0.05070744,-0.35658438
actuator_loss_07,actuator_loss,2716,2.30000000,0.50000000,0.52064195,0.04619294,-0.60251985,0.52016155,0.04301383,-0.34946151
actuator_loss_07,actuator_loss,2716,2.32000000,0.50000000,0.51837930,0.03544555,-0.50805505,0.52087544,0.03569433,-0.29467193
actuator_loss_07,actuator_loss,2716,2.34000000,0.50000000,0.51837985,0.02295652,-0.44561982,0.52146627,0.02954139,-0.25845950
actuator_loss_07,actuator_loss,2716,2.36000000,0.50000000,0.52005279,0.03005166,-0.51120861,0.52195032,0.02420287,-0.29650099
actuator_loss_07,actuator_loss,2716,2.38000000,0.50000000,0.51652895,0.01724097,-0.38372594,0.52231829,0.01839819,-0.22256104
actuator_loss_07,actuator_loss,2716,2.40000000,0.50000000,0.51844751,0.01865513,-0.42533079,0.52259896,0.01403344,-0.24669186
actuator_loss_07,actuator_loss,2716,2.42000000,0.50000000,0.52326604,-0.00242788,-0.40664937,0.52278706,0.00940526,-0.23585664
actuator_loss_07,actuator_loss,2716,2.44000000,0.50000000,0.52281853,-0.00100245,-0.40572127,0.52288932,0.00511273,-0.23531833
actuator_loss_07,actuator_loss,2716,2.46000000,0.50000000,0.52200032,0.00135814,-0.40279654,0.52290873,0.00097091,-0.23362200
actuator_loss_07,actuator_loss,2716,2.48000000,0.50000000,0.51948446,-0.00302762,-0.33558220,0.52284862,-0.00300561,-0.19463768
actuator_loss_07,actuator_loss,2716,2.50000000,0.50000000,0.52049390,-0.00252876,-0.35624630,0.52272477,-0.00619272,-0.20662285
actuator_loss_07,actuator_loss,2716,2.52000000,0.50000000,0.52222141,-0.00864715,-0.35674971,0.52253523,-0.00947704,-0.20691483
actuator_loss_07,actuator_loss,2716,2.54000000,0.50000000,0.52104163,-0.01898350,-0.28383189,0.52228207,-0.01265792,-0.16462250
actuator_loss_07,actuator_loss,2716,2.56000000,0.50000000,0.52128643,-0.01883626,-0.28897443,0.52198167,-0.01501979,-0.16760517
actuator_loss_07,actuator_loss,2716,2.58000000,0.50000000,0.52193725,-0.01787186,-0.30551124,0.52163459,-0.01735409,-0.17719652
actuator_loss_07,actuator_loss,2716,2.60000000,0.50000000,0.51750569,-0.02156612,-0.20727186,0.52123912,-0.01977332,-0.12021768
actuator_loss_07,actuator_loss,2716,2.62000000,0.50000000,0.51754385,-0.01803065,-0.22563605,0.52081611,-0.02115070,-0.13086891
actuator_loss_07,actuator_loss,2716,2.64000000,0.50000000,0.52135880,-0.02654072,-0.25175480,0.52036286,-0.02266246,-0.14601779
actuator_loss_07,actuator_loss,2716,2.66000000,0.50000000,0.52416153,-0.02665723,-0.30162145,0.51987526,-0.02438012,-0.17494044
actuator_loss_07,actuator_loss,2716,2.68000000,0.50000000,0.52075646,-0.02036515,-0.27179058,0.51934467,-0.02652945,-0.15763853
actuator_loss_07,actuator_loss,2716,2.70000000,0.50000000,0.51309859,-0.02677512,-0.10189909,0.51877836,-0.02831573,-0.05910147
actuator_loss_07,actuator_loss,2716,2.72000000,0.50000000,0.52017566,-0.03124615,-0.20693120,0.51821077,-0.02837937,-0.12002010
actuator_loss_07,actuator_loss,2716,2.74000000,0.50000000,0.51476357,-0.02399555,-0.14576646,0.51762138,-0.02946947,-0.08454455
actuator_loss_07,actuator_loss,2716,2.76000000,0.50000000,0.51872189,-0.01858877,-0.24405024,0.51702289,-0.02992462,-0.14154914
actuator_loss_07,actuator_loss,2716,2.78000000,0.50000000,0.51788229,-0.02973690,-0.17319665,0.51639634,-0.03132723,-0.10045406
actuator_loss_07,actuator_loss,2716,2.80000000,0.50000000,0.51594783,-0.04070381,-0.08354194,0.51575655,-0.03198972,-0.04845432
actuator_loss_07,actuator_loss,2716,2.82000000,0.50000000,0.51884213,-0.02862084,-0.19605413,0.51512150,-0.03175237,-0.11371139
actuator_loss_07,actuator_loss,2716,2.84000000,0.50000000,0.51480780,-0.03608619,-0.08610946,0.51446901,-0.03262466,-0.04994349
actuator_loss_07,actuator_loss,2716,2.86000000,0.50000000,0.51062203,-0.02607861,-0.06080348,0.51382118,-0.03239151,-0.03526602
actuator_loss_07,actuator_loss,2716,2.88000000,0.50000000,0.51356002,-0.03695487,-0.05930604,0.51318281,-0.03191824,-0.03439750
actuator_loss_07,actuator_loss,2716,2.90000000,0.50000000,0.51141218,-0.02851939,-0.06282227,0.51255389,-0.03144592,-0.03643691
actuator_loss_07,actuator_loss,2716,2.92000000,0.50000000,0.51409626,-0.04022238,-0.05262084,0.51193342,-0.03102362,-0.03052008
actuator_loss_07,actuator_loss,2716,2.94000000,0.50000000,0.51345034,-0.03206119,-0.08180024,0.51132311,-0.03051534,-0.04744414
actuator_loss_07,actuator_loss,2716,2.96000000,0.50000000,0.51075017,-0.03585885,-0.01420873,0.51071692,-0.03030959,-0.00824107
actuator_loss_07,actuator_loss,2716,2.98000000,0.50000000,0.51095980,-0.03927383,-0.00090731,0.51012795,-0.02944871,-0.00052624
actuator_loss_07,actuator_loss,2716,3.00000000,-0.30000000,0.50737805,-0.03236938,-12.00000000,0.50955823,-0.02848599,-6.96000000
actuator_loss_07,actuator_loss,2716,3.02000000,-0.30000000,0.50964884,-0.15016922,-12.00000000,0.50665704,-0.14505926,-6.96000000
actuator_loss_07,actuator_loss,2716,3.04000000,-0.30000000,0.50245453,-0.25320263,-12.00000000,0.50150132,-0.25778639,-6.96000000
actuator_loss_07,actuator_loss,2716,3.06000000,-0.30000000,0.49497389,-0.36462735,-12.00000000,0.49416543,-0.36679426,-6.96000000
actuator_loss_07,actuator_loss,2716,3.08000000,-0.30000000,0.48573259,-0.46511366,-11.81761835,0.48472132,-0.47220559,-6.85421864
actuator_loss_07,actuator_loss,2716,3.10000000,-0.30000000,0.47168679,-0.58135883,-10.98356801,0.47327426,-0.57235302,-6.37046944
actuator_loss_07,actuator_loss,2716,3.12000000,-0.30000000,0.45936486,-0.65957453,-10.37069488,0.46005369,-0.66102859,-6.01500303
actuator_loss_07,actuator_loss,2716,3.14000000,-0.30000000,0.44342864,-0.73965131,-9.68345896,0.44523815,-0.74077673,-5.61640620
actuator_loss_07,actuator_loss,2716,3.16000000,-0.30000000,0.43050899,-0.81025864,-9.09786866,0.42901488,-0.81116378,-5.27676382
actuator_loss_07,actuator_loss,2716,3.18000000,-0.30000000,0.41010128,-0.86623430,-8.45065160,0.41154500,-0.87349397,-4.90137793
actuator_loss_07,actuator_loss,2716,3.20000000,-0.30000000,0.39331823,-0.93243287,-7.81756378,0.39299640,-0.92742963,-4.53418699
actuator_loss_07,actuator_loss,2716,3.22000000,-0.30000000,0.37633688,-0.96491632,-7.34948219,0.37352868,-0.97338609,-4.26269967
actuator_loss_07,actuator_loss,2716,3.24000000,-0.30000000,0.35512621,-1.02274348,-6.67855445,0.35326383,-1.01324248,-3.87356158
actuator_loss_07,actuator_loss,2716,3.26000000,-0.30000000,0.32956468,-1.05274456,-6.06844139,0.33235956,-1.04521364,-3.51969601
actuator_loss_07,actuator_loss,2716,3.28000000,-0.30000000,0.30636246,-1.06847573,-5.57214558,0.31095645,-1.07015527,-3.23184443
actuator_loss_07,actuator_loss,2716,3.30000000,-0.30000000,0.28739600,-1.08508029,-5.14772659,0.28916818,-1.08941388,-2.98568142
actuator_loss_07,actuator_loss,2716,3.32000000,-0.30000000,0.26392358,-1.10570793,-4.62208490,0.26709056,-1.10388086,-2.68080924
actuator_loss_07,actuator_loss,2716,3.34000000,-0.30000000,0.24359524,-1.11356012,-4.21691366,0.24483610,-1.11272303,-2.44580992
actuator_loss_07,actuator_loss,2716,3.36000000,-0.30000000,0.21800762,-1.11754735,-3.73640035,0.22248998,-1.11730573,-2.16711220
actuator_loss_07,actuator_loss,2716,3.38000000,-0.30000000,0.19627200,-1.10937346,-3.38602866,0.20014935,-1.11703168,-1.96389662
actuator_loss_07,actuator_loss,2716,3.40000000,-0.30000000,0.17906000,-1.11228654,-3.06164725,0.17788264,-1.11333556,-1.77575541
actuator_loss_07,actuator_loss,2716,3.42000000,-0.30000000,0.15841297,-1.11172719,-2.69279753,0.15575094,-1.10658480,-1.56182257
actuator_loss_07,actuator_loss,2716,3.44000000,-0.30000000,0.13294108,-1.09389441,-2.32346740,0.13382205,-1.09644471,-1.34761109
actuator_loss_07,actuator_loss,2716,3.46000000,-0.30000000,0.11116343,-1.09563191,-1.92278223,0.11216160,-1.08302242,-1.11521369
actuator_loss_07,actuator_loss,2716,3.48000000,-0.30000000,0.09243955,-1.07129632,-1.70743037,0.09083922,-1.06611917,-0.99030961
actuator_loss_07,actuator_loss,2716,3.50000000,-0.30000000,0.06827147,-1.05064783,-1.37564729,0.06988592,-1.04766472,-0.79787543
actuator_loss_07,actuator_loss,2716,3.52000000,-0.30000000,0.04596719,-1.03491546,-1.05283207,0.04935452,-1.02657007,-0.61064260
actuator_loss_07,actuator_loss,2716,3.54000000,-0.30000000,0.02746291,-1.00743405,-0.85716205,0.02929432,-1.00301015,-0.49715399
actuator_loss_07,actuator_loss,2716,3.56000000,-0.30000000,0.01102160,-0.97515218,-0.72262795,0.00972809,-0.97831141,-0.41912421
actuator_loss_07,actuator_loss,2716,3.58000000,-0.30000000,-0.01157202,-0.95796747,-0.40186631,-0.00933411,-0.95311010,-0.23308246
actuator_loss_07,actuator_loss,2716,3.60000000,-0.30000000,-0.03072657,-0.93599253,-0.16695916,-0.02784609,-0.92559913,-0.09683631
actuator_loss_07,actuator_loss,2716,3.62000000,-0.30000000,-0.04688383,-0.89817045,-0.06523890,-0.04578000,-0.89669545,-0.03783856
actuator_loss_07,actuator_loss,2716,3.64000000,-0.30000000,-0.06739382,-0.87179856,0.17208149,-0.06313499,-0.86774928,0.09980726
actuator_loss_07,actuator_loss,2716,3.66000000,-0.30000000,-0.07973900,-0.84616701,0.26613707,-0.07988367,-0.83743412,0.15435950
actuator_loss_07,actuator_loss,2716,3.68000000,-0.30000000,-0.09564067,-0.80184287,0.33074645,-0.09602763,-0.80719809,0.19183294
actuator_loss_07,actuator_loss,2716,3.70000000,-0.30000000,-0.11272404,-0.76568551,0.45746023,-0.11157417,-0.77732695,0.26532694
actuator_loss_07,actuator_loss,2716,3.72000000,-0.30000000,-0.12090427,-0.74346082,0.49358099,-0.12651818,-0.74720049,0.28627698
actuator_loss_07,actuator_loss,2716,3.74000000,-0.30000000,-0.14124341,-0.71099209,0.69734180,-0.14087247,-0.71771428,0.40445825
actuator_loss_07,actuator_loss,2716,3.76000000,-0.30000000,-0.14853065,-0.68384330,0.69276820,-0.15461658,-0.68720553,0.40180555
actuator_loss_07,actuator_loss,2716,3.78000000,-0.30000000,-0.16947192,-0.65551806,0.92808489,-0.16777154,-0.65774817,0.53828923
actuator_loss_07,actuator_loss,2716,3.80000000,-0.30000000,-0.17845778,-0.63361336,0.98030677,-0.18031071,-0.62695830,0.56857792
actuator_loss_07,actuator_loss,2716,3.82000000,-0.30000000,-0.19314763,-0.60415806,1.09744758,-0.19224416,-0.59667290,0.63651960
actuator_loss_07,actuator_loss,2716,3.84000000,-0.30000000,-0.20034701,-0.56036178,1.00805504,-0.20356896,-0.56623958,0.58467193
actuator_loss_07,actuator_loss,2716,3.86000000,-0.30000000,-0.21585783,-0.53977379,1.18430981,-0.21432267,-0.53768576,0.68689969
actuator_loss_07,actuator_loss,2716,3.88000000,-0.30000000,-0.22281048,-0.50859199,1.15354864,-0.22448963,-0.50834802,0.66905821
actuator_loss_07,actuator_loss,2716,3.90000000,-0.30000000,-0.23275659,-0.47158695,1.14755344,-0.23409522,-0.48027946,0.66558100
actuator_loss_07,actuator_loss,2716,3.92000000,-0.30000000,-0.24324997,-0.44831185,1.22005872,-0.24315913,-0.45319568,0.70763406
actuator_loss_07,actuator_loss,2716,3.94000000,-0.30000000,-0.25303363,-0.42710780,1.29014427,-0.25168504,-0.42629547,0.74828368
actuator_loss_07,actuator_loss,2716,3.96000000,-0.30000000,-0.25630855,-0.40780154,1.25256154,-0.25967697,-0.39959645,0.72648569
actuator_loss_07,actuator_loss,2716,3.98000000,-0.30000000,-0.25859253,-0.37116479,1.11048944,-0.26715990,-0.37414637,0.64408387
actuator_loss_07,actuator_loss,2716,4.00000000,-0.30000000,-0.27015151,-0.34459945,1.18572438,-0.27417845,-0.35092725,0.68772014
actuator_loss_07,actuator_loss,2716,4.02000000,-0.30000000,-0.28176686,-0.33017406,1.32267379,-0.28073319,-0.32773745,0.76715080
actuator_loss_07,actuator_loss,2716,4.04000000,-0.30000000,-0.28497147,-0.30468268,1.25289991,-0.28681263,-0.30397164,0.72668195
actuator_loss_07,actuator_loss,2716,4.06000000,-0.30000000,-0.28793585,-0.28576864,1.21168847,-0.29244609,-0.28167323,0.70277931
actuator_loss_07,actuator_loss,2716,4.08000000,-0.30000000,-0.29999547,-0.25690253,1.28443113,-0.29765637,-0.26051410,0.74497005
actuator_loss_07,actuator_loss,2716,4.10000000,-0.30000000,-0.30158527,-0.23530859,1.20507789,-0.30244319,-0.23934072,0.69894518
actuator_loss_07,actuator_loss,2716,4.12000000,-0.30000000,-0.30870335,-0.22611851,1.28725277,-0.30683605,-0.21964302,0.74660661
actuator_loss_07,actuator_loss,2716,4.14000000,-0.30000000,-0.31278349,-0.20242620,1.24223377,-0.31083186,-0.19979049,0.72049559
actuator_loss_07,actuator_loss,2716,4.16000000,-0.30000000,-0.31250454,-0.18980028,1.17408306,-0.31445253,-0.18103382,0.68096817
actuator_loss_07,actuator_loss,2716,4.18000000,-0.30000000,-0.32040361,-0.16451317,1.18983088,-0.31772380,-0.16356338,0.69010191
actuator_loss_07,actuator_loss,2716,4.20000000,-0.30000000,-0.32224336,-0.14856165,1.14318877,-0.32065411,-0.14651514,0.66304948
actuator_loss_07,actuator_loss,2716,4.22000000,-0.30000000,-0.31893669,-0.13950305,1.03837570,-0.32326383,-0.13048613,0.60225791
actuator_loss_07,actuator_loss,2716,4.24000000,-0.30000000,-0.32733313,-0.10568266,1.02040959,-0.32558408,-0.11601238,0.59183756
actuator_loss_07,actuator_loss,2716,4.26000000,-0.30000000,-0.32414429,-0.10246001,0.94689724,-0.32762792,-0.10219211,0.54920040
actuator_loss_07,actuator_loss,2716,4.28000000,-0.30000000,-0.32708007,-0.09068074,0.94084490,-0.32941887,-0.08954771,0.54569004
actuator_loss_07,actuator_loss,2716,4.30000000,-0.30000000,-0.32881756,-0.07910656,0.91424894,-0.33096647,-0.07737976,0.53026438
actuator_loss_07,actuator_loss,2716,4.32000000,-0.30000000,-0.32534675,-0.06539093,0.78319625,-0.33228394,-0.06587371,0.45425382
actuator_loss_07,actuator_loss,2716,4.34000000,-0.30000000,-0.33098959,-0.04606855,0.78815534,-0.33340455,-0.05603066,0.45713010
actuator_loss_07,actuator_loss,2716,4.36000000,-0.30000000,-0.33375533,-0.04850756,0.85013378,-0.33433383,-0.04646380,0.49307759
actuator_loss_07,actuator_loss,2716,4.38000000,-0.30000000,-0.33034081,-0.03889297,0.74059938,-0.33506594,-0.03660565,0.42954764
actuator_loss_07,actuator_loss,2716,4.40000000,-0.30000000,-0.33208112,-0.02382378,0.69657909,-0.33562885,-0.02814539,0.40401587
actuator_loss_07,actuator_loss,2716,4.42000000,-0.30000000,-0.33569261,-0.03214882,0.80321115,-0.33603676,-0.02039535,0.46586247
actuator_loss_07,actuator_loss,2716,4.44000000,-0.30000000,-0.33672252,-0.01134697,0.71774027,-0.33627389,-0.01185678,0.41628936
actuator_loss_07,actuator_loss,2716,4.46000000,-0.30000000,-0.33690440,0.00295592,0.64949949,-0.33636263,-0.00443693,0.37670970
actuator_loss_07,actuator_loss,2716,4.48000000,-0.30000000,-0.34479071,-0.00330061,0.82273577,-0.33632124,0.00206986,0.47718675
actuator_loss_07,actuator_loss,2716,4.50000000,-0.30000000,-0.33583039,0.01330737,0.57841015,-0.33612007,0.01005842,0.33547789
actuator_loss_07,actuator_loss,2716,4.52000000,-0.30000000,-0.33925979,0.01294102,0.64197108,-0.33581225,0.01539079,0.37234323
actuator_loss_07,actuator_loss,2716,4.54000000,-0.30000000,-0.33294822,0.03233112,0.43141240,-0.33538886,0.02116966,0.25021919
actuator_loss_07,actuator_loss,2716,4.56000000,-0.30000000,-0.33752221,0.01935133,0.57864317,-0.33489494,0.02469592,0.33561304
actuator_loss_07,actuator_loss,2716,4.58000000,-0.30000000,-0.33851584,0.02699727,0.55829873,-0.33430399,0.02954763,0.32381326
actuator_loss_07,actuator_loss,2716,4.60000000,-0.30000000,-0.33448680,0.03469314,0.44729668,-0.33362319,0.03404004,0.25943208
actuator_loss_07,actuator_loss,2716,4.62000000,-0.30000000,-0.33187238,0.04004671,0.37346936,-0.33287724,0.03729721,0.21661223
actuator_loss_07,actuator_loss,2716,4.64000000,-0.30000000,-0.33188951,0.03934471,0.37728758,-0.33208276,0.03972395,0.21882680
actuator_loss_07,actuator_loss,2716,4.66000000,-0.30000000,-0.32841472,0.03575123,0.33270873,-0.33124060,0.04210801,0.19297106
actuator_loss_07,actuator_loss,2716,4.68000000,-0.30000000,-0.33141157,0.04150328,0.35789191,-0.33036107,0.04397686,0.20757731
actuator_loss_07,actuator_loss,2716,4.70000000,-0.30000000,-0.33017058,0.05498067,0.26816707,-0.32944045,0.04603066,0.15553690
actuator_loss_07,actuator_loss,2716,4.72000000,-0.30000000,-0.33026939,0.05259374,0.28188027,-0.32849769,0.04713805,0.16349056
actuator_loss_07,actuator_loss,2716,4.74000000,-0.30000000,-0.32315521,0.04058444,0.21387159,-0.32753083,0.04834319,0.12404552
actuator_loss_07,actuator_loss,2716,4.76000000,-0.30000000,-0.33029639,0.05170680,0.28680097,-0.32655398,0.04884258,0.16634457
actuator_loss_07,actuator_loss,2716,4.78000000,-0.30000000,-0.32684296,0.04432272,0.26155975,-0.32555318,0.05003967,0.15170465
actuator_loss_07,actuator_loss,2716,4.80000000,-0.30000000,-0.32331310,0.05658398,0.13671597,-0.32453418,0.05095008,0.07929526
actuator_loss_07,actuator_loss,2716,4.82000000,-0.30000000,-0.32314172,0.04860384,0.17353174,-0.32352202,0.05060789,0.10064841
actuator_loss_07,actuator_loss,2716,4.84000000,-0.30000000,-0.32749768,0.03613045,0.31430609,-0.32250927,0.05063752,0.18229753
actuator_loss_07,actuator_loss,2716,4.86000000,-0.30000000,-0.31995138,0.05672046,0.07552253,-0.32146838,0.05204474,0.04380307
actuator_loss_07,actuator_loss,2716,4.88000000,-0.30000000,-0.32025708,0.05354362,0.09690933,-0.32044703,0.05106718,0.05620741
actuator_loss_07,actuator_loss,2716,4.90000000,-0.30000000,-0.32297753,0.04997566,0.16371726,-0.31944041,0.05033131,0.09495601
actuator_loss_07,actuator_loss,2716,4.92000000,-0.30000000,-0.32098396,0.04399748,0.15772392,-0.31843493,0.05027395,0.09147987
actuator_loss_07,actuator_loss,2716,4.94000000,-0.30000000,-0.31826418,0.05202313,0.06863969,-0.31743173,0.05015979,0.03981102
actuator_loss_07,actuator_loss,2716,4.96000000,-0.30000000,-0.31738746,0.05004275,0.06276060,-0.31644819,0.04917702,0.03640115
actuator_loss_07,actuator_loss,2716,4.98000000,-0.30000000,-0.31667078,0.05106820,0.04473303,-0.31548481,0.04816910,0.02594516
actuator_loss_07,actuator_loss,2716,5.00000000,0.80000000,-0.31238405,0.03247965,12.00000000,-0.31454445,0.04701790,6.96000000
actuator_loss_07,actuator_loss,2716,5.02000000,0.80000000,-0.31682506,0.15778920,12.00000000,-0.31128486,0.16297974,6.96000000
actuator_loss_07,actuator_loss,2716,5.04000000,0.80000000,-0.30789706,0.28321823,12.00000000,-0.30578255,0.27511561,6.96000000
actuator_loss_07,actuator_loss,2716,5.06000000,0.80000000,-0.29465064,0.38768454,12.00000000,-0.29811151,0.38355173,6.96000000
actuator_loss_07,actuator_loss,2716,5.08000000,0.80000000,-0.28977846,0.49232075,12.00000000,-0.28834331,0.48841018,6.96000000
actuator_loss_07,actuator_loss,2716,5.10000000,0.80000000,-0.27259144,0.59215659,12.00000000,-0.27654713,0.58980898,6.96000000
actuator_loss_07,actuator_loss,2716,5.12000000,0.80000000,-0.26670212,0.68542711,12.00000000,-0.26278988,0.68786230,6.96000000
actuator_loss_07,actuator_loss,2716,5.14000000,0.80000000,-0.24715068,0.77390463,12.00000000,-0.24713627,0.78268050,6.96000000
actuator_loss_07,actuator_loss,2716,5.16000000,0.80000000,-0.23140031,0.87647253,12.00000000,-0.22964887,0.87437033,6.96000000
actuator_loss_07,actuator_loss,2716,5.18000000,0.80000000,-0.21149335,0.96472334,12.00000000,-0.21038817,0.96303499,6.96000000
actuator_loss_07,actuator_loss,2716,5.20000000,0.80000000,-0.18887889,1.05266693,12.00000000,-0.18941268,1.04877431,6.96000000
actuator_loss_07,actuator_loss,2716,5.22000000,0.80000000,-0.16795726,1.13746569,11.73590225,-0.16677898,1.13168479,6.80682330
actuator_loss_07,actuator_loss,2716,5.24000000,0.80000000,-0.14426911,1.19861273,11.00378033,-0.14259351,1.20927353,6.38219259
actuator_loss_07,actuator_loss,2716,5.26000000,0.80000000,-0.12126421,1.26940653,10.23572321,-0.11705086,1.27713285,5.93671946
actuator_loss_07,actuator_loss,2716,5.28000000,0.80000000,-0.09369721,1.33690662,9.40201669,-0.09034622,1.33523187,5.45316968
actuator_loss_07,actuator_loss,2716,5.30000000,0.80000000,-0.05988719,1.38583082,8.54881538,-0.06268122,1.38324971,4.95831292
actuator_loss_07,actuator_loss,2716,5.32000000,0.80000000,-0.03287148,1.42718650,7.85575421,-0.03425466,1.42132809,4.55633744
actuator_loss_07,actuator_loss,2716,5.34000000,0.80000000,-0.00096634,1.45596613,7.13756343,-0.00522740,1.45136315,4.13978679
actuator_loss_07,actuator_loss,2716,5.36000000,0.80000000,0.02323608,1.47611451,6.60117800,0.02424008,1.47337418,3.82868324
actuator_loss_07,actuator_loss,2716,5.38000000,0.80000000,0.04911576,1.48765955,6.07761863,0.05402821,1.48940629,3.52501880
actuator_loss_07,actuator_loss,2716,5.40000000,0.80000000,0.08806927,1.49993208,5.31509276,0.08402386,1.49978236,3.08275380
actuator_loss_07,actuator_loss,2716,5.42000000,0.80000000,0.10816443,1.51026165,4.90173196,0.11407083,1.50234886,2.84300454
actuator_loss_07,actuator_loss,2716,5.44000000,0.80000000,0.13751410,1.50433393,4.40307654,0.14408649,1.50078273,2.55378439
actuator_loss_07,actuator_loss,2716,5.46000000,0.80000000,0.17257917,1.48553586,3.86589565,0.17397419,1.49438506,2.24221948
actuator_loss_07,actuator_loss,2716,5.48000000,0.80000000,0.20256593,1.48308861,3.33837016,0.20363295,1.48293799,1.93625469
actuator_loss_07,actuator_loss,2716,5.50000000,0.80000000,0.23086385,1.46540800,2.91741076,0.23296700,1.46670267,1.69209824
actuator_loss_07,actuator_loss,2716,5.52000000,0.80000000,0.26161095,1.43305671,2.52571936,0.26190462,1.44688065,1.46491723
actuator_loss_07,actuator_loss,2716,5.54000000,0.80000000,0.28880082,1.42268362,2.08816714,0.29038215,1.42387689,1.21113694
actuator_loss_07,actuator_loss,2716,5.56000000,0.80000000,0.32176930,1.38953881,1.66045861,0.31832910,1.39734725,0.96306599
actuator_loss_07,actuator_loss,2716,5.58000000,0.80000000,0.35056191,1.36718968,1.25393728,0.34567919,1.36750448,0.72728362
actuator_loss_07,actuator_loss,2716,5.60000000,0.80000000,0.37296949,1.33585145,1.00729199,0.37237250,1.33466535,0.58422936
actuator_loss_07,actuator_loss,2716,5.62000000,0.80000000,0.40264568,1.30708501,0.61695269,0.39838238,1.30049436,0.35783256
actuator_loss_07,actuator_loss,2716,5.64000000,0.80000000,0.42122035,1.25889214,0.52357298,0.42365495,1.26362828,0.30367233
actuator_loss_07,actuator_loss,2716,5.66000000,0.80000000,0.44427961,1.22768838,0.26452511,0.44819623,1.22706410,0.15342456
actuator_loss_07,actuator_loss,2716,5.68000000,0.80000000,0.46764775,1.19736992,-0.00450909,0.47197962,1.18916950,-0.00261527
actuator_loss_07,actuator_loss,2716,5.70000000,0.80000000,0.49450080,1.15960470,-0.29903785,0.49497743,1.14989059,-0.17344195
actuator_loss_07,actuator_loss,2716,5.72000000,0.80000000,0.52134744,1.11740856,-0.57129670,0.51715790,1.10902337,-0.33135208
actuator_loss_07,actuator_loss,2716,5.74000000,0.80000000,0.53527179,1.06834809,-0.57663263,0.53849467,1.06683833,-0.33444693
actuator_loss_07,actuator_loss,2716,5.76000000,0.80000000,0.55503260,1.03084078,-0.74479070,0.55901452,1.02599287,-0.43197861
actuator_loss_07,actuator_loss,2716,5.78000000,0.80000000,0.57446752,0.98781934,-0.87951207,0.57871149,0.98484831,-0.51011700
actuator_loss_07,actuator_loss,2716,5.80000000,0.80000000,0.59595972,0.93528582,-1.00370414,0.59758633,0.94374196,-0.58214840
actuator_loss_07,actuator_loss,2716,5.82000000,0.80000000,0.61506609,0.89984995,-1.17043936,0.61564184,0.90277566,-0.67885483
actuator_loss_07,actuator_loss,2716,5.84000000,0.80000000,0.63244410,0.85045141,-1.23625082,0.63287241,0.86152818,-0.71702548
actuator_loss_07,actuator_loss,2716,5.86000000,0.80000000,0.65347491,0.82170572,-1.47107698,0.64929235,0.82099712,-0.85322465
actuator_loss_07,actuator_loss,2716,5.88000000,0.80000000,0.66253919,0.78513151,-1.45136297,0.66488242,0.77950372,-0.84179052
actuator_loss_07,actuator_loss,2716,5.90000000,0.80000000,0.68323321,0.74310047,-1.61370018,0.67967387,0.73957238,-0.93594610
actuator_loss_07,actuator_loss,2716,5.92000000,0.80000000,0.69165881,0.70074543,-1.55358564,0.69366125,0.69936879,-0.90107967
actuator_loss_07,actuator_loss,2716,5.94000000,0.80000000,0.70985897,0.66608862,-1.70790457,0.70688285,0.66108033,-0.99058465
actuator_loss_07,actuator_loss,2716,5.96000000,0.80000000,0.71556750,0.60843930,-1.52241148,0.71933373,0.62254394,-0.88299866
actuator_loss_07,actuator_loss,2716,5.98000000,0.80000000,0.72610803,0.58441123,-1.59200063,0.73107564,0.58709548,-0.92336036
actuator_loss_07,actuator_loss,2716,6.00000000,0.80000000,0.74477994,0.53856738,-1.69887589,0.74211834,0.55213512,-0.98534802
actuator_loss_07,actuator_loss,2716,6.02000000,0.80000000,0.74817814,0.51676380,-1.65102553,0.75246398,0.51728161,-0.95759481
actuator_loss_07,actuator_loss,2716,6.04000000,0.80000000,0.76343602,0.48214771,-1.75258700,0.76214491,0.48404663,-1.01650046
actuator_loss_07,actuator_loss,2716,6.06000000,0.80000000,0.76674423,0.44816447,-1.64221850,0.77116318,0.45091362,-0.95248673
actuator_loss_07,actuator_loss,2716,6.08000000,0.80000000,0.78142504,0.41872124,-1.75925686,0.77956227,0.41995459,-1.02036898
actuator_loss_07,actuator_loss,2716,6.10000000,0.80000000,0.78791477,0.39466273,-1.75577952,0.78733969,0.38887087,-1.01835212
actuator_loss_07,actuator_loss,2716,6.12000000,0.80000000,0.79520556,0.35350708,-1.68123555,0.79451662,0.35884677,-0.97511662
actuator_loss_07,actuator_loss,2716,6.14000000,0.80000000,0.79799823,0.33214967,-1.62471657,0.80112749,0.33054325,-0.94233561
actuator_loss_07,actuator_loss,2716,6.16000000,0.80000000,0.81232408,0.31568838,-1.80027537,0.80720203,0.30372704,-1.04415971
actuator_loss_07,actuator_loss,2716,6.18000000,0.80000000,0.81234654,0.27366476,-1.59056155,0.81272356,0.27607639,-0.92252570
actuator_loss_07,actuator_loss,2716,6.20000000,0.80000000,0.81959255,0.25027267,-1.60402922,0.81775139,0.25139170,-0.93033695
actuator_loss_07,actuator_loss,2716,6.22000000,0.80000000,0.82223843,0.23158035,-1.55819356,0.82229918,0.22738955,-0.90375227
actuator_loss_07,actuator_loss,2716,6.24000000,0.80000000,0.82739009,0.20208714,-1.50345730,0.82639175,0.20462818,-0.87200523
actuator_loss_07,actuator_loss,2716,6.26000000,0.80000000,0.83087528,0.17832067,-1.44735835,0.83005482,0.18315380,-0.83946784
actuator_loss_07,actuator_loss,2716,6.28000000,0.80000000,0.83564808,0.16355601,-1.45944545,0.83331357,0.16293730,-0.84647836
actuator_loss_07,actuator_loss,2716,6.30000000,0.80000000,0.84103601,0.13335991,-1.40544769,0.83617896,0.14326944,-0.81515966
actuator_loss_07,actuator_loss,2716,6.32000000,0.80000000,0.84095796,0.12162635,-1.34537499,0.83867454,0.12477928,-0.78031750
actuator_loss_07,actuator_loss,2716,6.34000000,0.80000000,0.84422247,0.10452155,-1.31861218,0.84082429,0.10748745,-0.76479506
actuator_loss_07,actuator_loss,2716,6.36000000,0.80000000,0.84001410,0.09986156,-1.21956159,0.84264486,0.09102822,-0.70734572
actuator_loss_07,actuator_loss,2716,6.38000000,0.80000000,0.84194118,0.08070920,-1.15848719,0.84416650,0.07608202,-0.67192257
actuator_loss_07,actuator_loss,2716,6.40000000,0.80000000,0.84857368,0.05737198,-1.16118618,0.84541104,0.06222703,-0.67348798
actuator_loss_07,actuator_loss,2716,6.42000000,0.80000000,0.84704405,0.04820102,-1.08779799,0.84638709,0.04880273,-0.63092283
actuator_loss_07,actuator_loss,2716,6.44000000,0.80000000,0.84616602,0.02458759,-0.95392638,0.84711789,0.03654001,-0.55327730
actuator_loss_07,actuator_loss,2716,6.46000000,0.80000000,0.85025257,0.02945208,-1.05180669,0.84763775,0.02599286,-0.61004788
actuator_loss_07,actuator_loss,2716,6.48000000,0.80000000,0.84651254,0.01589778,-0.91671459,0.84793445,0.01483518,-0.53169446
actuator_loss_07,actuator_loss,2716,6.50000000,0.80000000,0.84624534,0.00472235,-0.85602786,0.84804182,0.00536855,-0.49649616
actuator_loss_07,actuator_loss,2716,6.52000000,0.80000000,0.84668397,-0.00543036,-0.81315959,0.84797800,-0.00319146,-0.47163256
actuator_loss_07,actuator_loss,2716,6.54000000,0.80000000,0.84872238,-0.01826390,-0.78568328,0.84775701,-0.01104924,-0.45569630
actuator_loss_07,actuator_loss,2716,6.56000000,0.80000000,0.84092383,-0.01688971,-0.65218042,0.84738944,-0.01837869,-0.37826465
actuator_loss_07,actuator_loss,2716,6.58000000,0.80000000,0.84823216,-0.02786948,-0.72883157,0.84690626,-0.02415896,-0.42272231
actuator_loss_07,actuator_loss,2716,6.60000000,0.80000000,0.84426652,-0.03398138,-0.62689038,0.84629627,-0.03049915,-0.36359642
actuator_loss_07,actuator_loss,2716,6.62000000,0.80000000,0.84763691,-0.03283658,-0.69328156,0.84558364,-0.03563187,-0.40210330
actuator_loss_07,actuator_loss,2716,6.64000000,0.80000000,0.84263095,-0.04849633,-0.52487550,0.84475873,-0.04124539,-0.30442779
actuator_loss_07,actuator_loss,2716,6.66000000,0.80000000,0.84774892,-0.05441617,-0.58739980,0.84385824,-0.04502454,-0.34069188
actuator_loss_07,actuator_loss,2716,6.68000000,0.80000000,0.84258209,-0.05483958,-0.49227968,0.84287241,-0.04929130,-0.28552222
actuator_loss_07,actuator_loss,2716,6.70000000,0.80000000,0.84409415,-0.05426098,-0.52238979,0.84182270,-0.05248578,-0.30298608
actuator_loss_07,actuator_loss,2716,6.72000000,0.80000000,0.84240726,-0.05705491,-0.47805622,0.84070530,-0.05586974,-0.27727261
actuator_loss_07,actuator_loss,2716,6.74000000,0.80000000,0.83996409,-0.06743102,-0.38219852,0.83953114,-0.05870789,-0.22167514
actuator_loss_07,actuator_loss,2716,6.76000000,0.80000000,0.84304470,-0.06645207,-0.44254431,0.83832087,-0.06051370,-0.25667570
actuator_loss_07,actuator_loss,2716,6.78000000,0.80000000,0.84214520,-0.06401435,-0.43854189,0.83706385,-0.06285088,-0.25435430
actuator_loss_07,actuator_loss,2716,6.80000000,0.80000000,0.83790277,-0.07443409,-0.31007941,0.83576242,-0.06507175,-0.17984606
actuator_loss_07,actuator_loss,2716,6.82000000,0.80000000,0.82961376,-0.06161677,-0.22496380,0.83444319,-0.06596134,-0.13047900
actuator_loss_07,actuator_loss,2716,6.84000000,0.80000000,0.82810034,-0.06528599,-0.17937621,0.83312343,-0.06598807,-0.10403820
actuator_loss_07,actuator_loss,2716,6.86000000,0.80000000,0.83023407,-0.06479498,-0.22023837,0.83181208,-0.06556749,-0.12773825
actuator_loss_07,actuator_loss,2716,6.88000000,0.80000000,0.83226728,-0.06957824,-0.23291978,0.83050086,-0.06556093,-0.13509347
actuator_loss_07,actuator_loss,2716,6.90000000,0.80000000,0.82884931,-0.06380945,-0.20024037,0.82918729,-0.06567878,-0.11613941
actuator_loss_07,actuator_loss,2716,6.92000000,0.80000000,0.83482343,-0.07156458,-0.26899889,0.82787783,-0.06547272,-0.15601935
actuator_loss_07,actuator_loss,2716,6.94000000,0.80000000,0.82679337,-0.05624035,-0.20107898,0.82655890,-0.06594679,-0.11662581
actuator_loss_07,actuator_loss,2716,6.96000000,0.80000000,0.82250217,-0.06035179,-0.10328022,0.82524409,-0.06574010,-0.05990252
actuator_loss_07,actuator_loss,2716,6.98000000,0.80000000,0.81897495,-0.06374673,-0.02281539,0.82395244,-0.06458251,-0.01323293
actuator_loss_07,actuator_loss,2716,7.00000000,0.80000000,0.82353981,-0.06354728,-0.10598007,0.82269894,-0.06267514,-0.06146844
actuator_loss_07,actuator_loss,2716,7.02000000,0.80000000,0.82330646,-0.06415120,-0.09876028,0.82146604,-0.06164511,-0.05728096
actuator_loss_07,actuator_loss,2716,7.04000000,0.80000000,0.81892262,-0.05949010,-0.04315674,0.82025447,-0.06057836,-0.02503091
actuator_loss_07,actuator_loss,2716,7.06000000,0.80000000,0.81858089,-0.06583827,-0.00526464,0.81907443,-0.05900230,-0.00305349
actuator_loss_07,actuator_loss,2716,7.08000000,0.80000000,0.81900718,-0.05494989,-0.06737979,0.81793228,-0.05710717,-0.03908028
actuator_loss_07,actuator_loss,2716,7.10000000,0.80000000,0.81644671,-0.05136209,-0.03923033,0.81681462,-0.05588284,-0.02275359
actuator_loss_07,actuator_loss,2716,7.12000000,0.80000000,0.81176296,-0.05381456,0.05733951,0.81572616,-0.05442325,0.03325691
actuator_loss_07,actuator_loss,2716,7.14000000,0.80000000,0.81532705,-0.06057566,0.02699134,0.81468484,-0.05206613,0.01565498
actuator_loss_07,actuator_loss,2716,7.16000000,0.80000000,0.81305857,-0.04992143,0.01455290,0.81368316,-0.05008397,0.00844068
actuator_loss_07,actuator_loss,2716,7.18000000,0.80000000,0.81235631,-0.04998180,0.02749539,0.81271738,-0.04828902,0.01594733
actuator_loss_07,actuator_loss,2716,7.20000000,0.80000000,0.80881527,-0.04343267,0.05848854,0.81178885,-0.04642654,0.03392336
actuator_loss_07,actuator_loss,2716,7.22000000,0.80000000,0.80952900,-0.04690419,0.06299901,0.81090241,-0.04432201,0.03653943
actuator_loss_07,actuator_loss,2716,7.24000000,0.80000000,0.80572358,-0.04161664,0.10505867,0.81005755,-0.04224274,0.06093403
actuator_loss_07,actuator_loss,2716,7.26000000,0.80000000,0.81282354,-0.04980903,0.01822151,0.80926115,-0.03982019,0.01056848
actuator_loss_07,actuator_loss,2716,7.28000000,0.80000000,0.80809357,-0.04096832,0.05915736,0.80849459,-0.03832795,0.03431127
actuator_loss_07,actuator_loss,2716,7.30000000,0.80000000,0.80903952,-0.03447690,0.00967315,0.80776491,-0.03648407,0.00561042
actuator_loss_07,actuator_loss,2716,7.32000000,0.80000000,0.80535670,-0.03434314,0.07529512,0.80706120,-0.03518560,0.04367117
actuator_loss_07,actuator_loss,2716,7.34000000,0.80000000,0.80595010,-0.03260227,0.05590964,0.80639545,-0.03328736,0.03242759
actuator_loss_07,actuator_loss,2716,7.36000000,0.80000000,0.80177069,-0.02564466,0.09635096,0.80576262,-0.03164159,0.05588355
actuator_loss_07,actuator_loss,2716,7.38000000,0.80000000,0.80229874,-0.02738467,0.09554593,0.80516953,-0.02965409,0.05541664
actuator_loss_07,actuator_loss,2716,7.40000000,0.80000000,0.80259502,-0.02663904,0.08648487,0.80461473,-0.02774004,0.05016123
actuator_loss_07,actuator_loss,2716,7.42000000,0.80000000,0.80748356,-0.03031080,0.01684995,0.80409518,-0.02597787,0.00977297
actuator_loss_07,actuator_loss,2716,7.44000000,0.80000000,0.80546631,-0.02380200,0.02061648,0.80359606,-0.02495577,0.01195756
actuator_loss_07,actuator_loss,2716,7.46000000,0.80000000,0.80243635,-0.02171755,0.06473340,0.80311745,-0.02393050,0.03754537
actuator_loss_07,actuator_loss,2716,7.48000000,0.80000000,0.80232484,-0.02937422,0.10502394,0.80266731,-0.02250703,0.06091388
actuator_loss_07,actuator_loss,2716,7.50000000,0.80000000,0.80739487,-0.01837808,-0.04121722,0.80225259,-0.02073597,-0.02390599
actuator_loss_07,actuator_loss,2716,7.52000000,0.80000000,0.80033672,-0.01298035,0.05884085,0.80184348,-0.02045545,0.03412769
actuator_loss_07,actuator_loss,2716,7.54000000,0.80000000,0.79708440,-0.01997906,0.15237603,0.80145940,-0.01920434,0.08837810
actuator_loss_07,actuator_loss,2716,7.56000000,0.80000000,0.80091832,-0.01689603,0.06795044,0.80111782,-0.01707855,0.03941126
actuator_loss_07,actuator_loss,2716,7.58000000,0.80000000,0.80173694,-0.02430458,0.09025802,0.80080083,-0.01584964,0.05234965
actuator_loss_07,actuator_loss,2716,7.60000000,0.80000000,0.79845230,-0.02073327,0.13152498,0.80051197,-0.01444283,0.07628449
actuator_loss_07,actuator_loss,2716,7.62000000,0.80000000,0.80566252,-0.00565695,-0.07364070,0.80025841,-0.01267832,-0.04271161
actuator_loss_07,actuator_loss,2716,7.64000000,0.80000000,0.80324213,-0.00798472,-0.01843474,0.79999879,-0.01298117,-0.01069215
actuator_loss_07,actuator_loss,2716,7.66000000,0.80000000,0.79703720,-0.01915297,0.14909518,0.79974412,-0.01273340,0.08647521
actuator_loss_07,actuator_loss,2716,7.68000000,0.80000000,0.80630514,-0.01767601,-0.02511249,0.79952705,-0.01085323,-0.01456525
actuator_loss_07,actuator_loss,2716,7.70000000,0.80000000,0.79707547,-0.01663312,0.13580712,0.79931223,-0.01074107,0.07876813
actuator_loss_07,actuator_loss,2716,7.72000000,0.80000000,0.79981278,-0.01023057,0.05452279,0.79913110,-0.00905675,0.03162322
actuator_loss_07,actuator_loss,2716,7.74000000,0.80000000,0.80244395,-0.01083553,0.01018658,0.79896662,-0.00822401,0.00590821
actuator_loss_07,actuator_loss,2716,7.76000000,0.80000000,0.79975738,-0.00633955,0.03606493,0.79880956,-0.00785292,0.02091766
actuator_loss_07,actuator_loss,2716,7.78000000,0.80000000,0.79932232,-0.01397444,0.08207041,0.79866474,-0.00724065,0.04760084
actuator_loss_07,actuator_loss,2716,7.80000000,0.80000000,0.79997450,-0.00678706,0.03439437,0.79854078,-0.00619806,0.01994874
actuator_loss_07,actuator_loss,2716,7.82000000,0.80000000,0.80223380,-0.01538603,0.03672184,0.79842765,-0.00565675,0.02129866
actuator_loss_07,actuator_loss,2716,7.84000000,0.80000000,0.79795808,-0.00056229,0.03956608,0.79832544,-0.00511051,0.02294833
actuator_loss_07,actuator_loss,2716,7.86000000,0.80000000,0.80061347,-0.00827456,0.03033037,0.79823435,-0.00455443,0.01759162
actuator_loss_07,actuator_loss,2716,7.88000000,0.80000000,0.79528912,0.00180027,0.07579448,0.79815221,-0.00410715,0.04396080
actuator_loss_07,actuator_loss,2716,7.90000000,0.80000000,0.80377854,-0.02004258,0.03219911,0.79808762,-0.00322940,0.01867548
actuator_loss_07,actuator_loss,2716,7.92000000,0.80000000,0.79721632,-0.00385214,0.06936695,0.79803147,-0.00280753,0.04023283
actuator_loss_07,actuator_loss,2716,7.94000000,0.80000000,0.79450088,-0.00441774,0.12107292,0.79799076,-0.00203561,0.07022229
actuator_loss_07,actuator_loss,2716,7.96000000,0.80000000,0.79780887,-0.00456678,0.06227433,0.79797510,-0.00078281,0.03611911
actuator_loss_07,actuator_loss,2716,7.98000000,0.80000000,0.80420032,0.00088545,0.06227433,0.79797216,-0.00014715,0.03611911
